id,title,url,url_id,source_file
1,"Cẩm nang Du lịch Bà Nà Hills 2025 từ A-Z: Di chuyển, ăn chơi, thăm quan, đặc sản... mới nhất",https://vnexpress.net/cam-nang-du-lich-da-nang-4470111.html,37,1.html
10,"Cẩm nang Du lịch BÌNH LIÊU 2025 từ A-Z: lưu trú, ăn chơi, đặc sản... mới nhất",https://vnexpress.net/cam-nang-du-lich-quang-ninh-4479287.html,93,10.html
105,"Cẩm nang Du lịch Rừng tràm Trà Sư 2024 từ A-Z: Di chuyển, ăn chơi, thăm quan, đặc sản... mới nhất",https://vnexpress.net/cam-nang-du-lich-an-giang-4445399.html,0,105.html
106,"Cẩm nang Du lịch Tà Xùa 2025 từ A-Z: Di chuyển, ăn chơi, thăm quan, đặc sản... mới nhất",https://vnexpress.net/cam-nang-du-lich-son-la-4720798.html,97,106.html
107,"Cẩm nang Du lịch Trạm Tấu 2025 từ A-Z: Di chuyển, ăn chơi, thăm quan, đặc sản... mới nhất",https://vnexpress.net/cam-nang-du-lich-yen-bai-4701574.html,126,107.html
107,"Cẩm nang Du lịch Trạm Tấu 2025 từ A-Z: Di chuyển, ăn chơi, thăm quan, đặc sản... mới nhất",https://vnexpress.net/cam-nang-du-lich-tu-le-4472621.html,111,107.html
107,"Cẩm nang Du lịch Trạm Tấu 2025 từ A-Z: Di chuyển, ăn chơi, thăm quan, đặc sản... mới nhất",https://vnexpress.net/cam-nang-du-lich-mu-cang-chai-4158151.html,70,107.html
109,"Cẩm nang Du lịch Sài Gòn 2025 từ A-Z: Di chuyển, ăn chơi, thăm quan, đặc sản... mới nhất",https://vnexpress.net/goi-y-an-choi-o-pho-di-bo-nguyen-hue-4632658.html,82,109.html
109,"Cẩm nang Du lịch Sài Gòn 2025 từ A-Z: Di chuyển, ăn chơi, thăm quan, đặc sản... mới nhất",https://vnexpress.net/cam-nang-du-lich-mot-ngay-kham-pha-dia-dao-cu-chi-4873164.html,29,109.html
109,"Cẩm nang Du lịch Sài Gòn 2025 từ A-Z: Di chuyển, ăn chơi, thăm quan, đặc sản... mới nhất",https://vnexpress.net/cam-nang-du-lich-dinh-doc-lap-4875331.html,40,109.html
109,"Cẩm nang Du lịch Sài Gòn 2025 từ A-Z: Di chuyển, ăn chơi, thăm quan, đặc sản... mới nhất",https://vnexpress.net/cam-nang-du-lich-can-gio-4673430.html,21,109.html
11,"Cẩm nang Du lịch BÀ VÌ 2024 từ A-Z: lưu trú, ăn chơi, đặc sản... mới nhất",https://vnexpress.net/cam-nang-du-lich-da-lat-4455699.html,38,11.html
11,"Cẩm nang Du lịch BÀ VÌ 2024 từ A-Z: lưu trú, ăn chơi, đặc sản... mới nhất",https://vnexpress.net/cam-nang-du-lich-ha-noi-4459188.html,49,11.html
11,"Cẩm nang Du lịch BÀ VÌ 2024 từ A-Z: lưu trú, ăn chơi, đặc sản... mới nhất",https://vnexpress.net/cam-nang-du-lich-sa-pa-4108517.html,100,11.html
11,"Cẩm nang Du lịch BÀ VÌ 2024 từ A-Z: lưu trú, ăn chơi, đặc sản... mới nhất",https://vnexpress.net/cam-nang-du-lich-tam-dao-4454746.html,113,11.html
110,Cẩm nang Du lịch Thanh Hoá 2024: Top 10 địa điểm phải trải nghiệm,https://vnexpress.net/cam-nang-du-lich-pu-luong-4153045.html,86,110.html
110,Cẩm nang Du lịch Thanh Hoá 2024: Top 10 địa điểm phải trải nghiệm,https://vnexpress.net/cam-nang-du-lich-bien-sam-son-4471606.html,98,110.html
111,"Kinh nghiệm Du lịch TÚ LỆ 2025 từ A-Z: lưu trú, ăn chơi, đặc sản... mới nhất",https://vnexpress.net/cam-nang-du-lich-yen-bai-4701574.html,126,111.html
111,"Kinh nghiệm Du lịch TÚ LỆ 2025 từ A-Z: lưu trú, ăn chơi, đặc sản... mới nhất",https://vnexpress.net/cam-nang-du-lich-mu-cang-chai-4158151.html,70,111.html
112,Hai ngày thăm Tam Cốc - Bích Động mùa lúa chín - Báo VnExpress Du lịch,https://vnexpress.net/cam-nang-du-lich-ninh-binh-4127327.html,78,112.html
113,"Kinh nghiệm Du lịch Tam Đảo 2025 từ A-Z: di chuyển, lưu trú, ăn chơi... mới nhất",https://vnexpress.net/cam-nang-du-lich-vinh-phuc-4462114.html,124,113.html
114,"Cẩm nang du lịch Huế 2025 từ A-Z: di chuyển, ăn chơi, lưu trú...",https://vnexpress.net/cam-nang-du-lich-vuon-quoc-gia-bach-ma-4817811.html,117,114.html
114,"Cẩm nang du lịch Huế 2025 từ A-Z: di chuyển, ăn chơi, lưu trú...",https://vnexpress.net/cam-nang-du-lich-lang-co-4625414.html,64,114.html
116,"Cẩm nang Du lịch Vườn quốc gia Pù Mát 2025 từ A-Z: Di chuyển, ăn chơi, thăm quan, đặc sản... mới nhất",https://vnexpress.net/cam-nang-du-lich-nghe-an-4455646.html,76,116.html
117,"Cẩm nang Du lịch Vườn quốc gia Bạch Mã 2025 từ A-Z: Di chuyển, ăn chơi, thăm quan, đặc sản... mới nhất",https://vnexpress.net/cam-nang-du-lich-hue-4126937.html,114,117.html
119,"Cẩm nang Du lịch VQG Cát Tiên 2025: Di chuyển, các dịch vụ, tham quan, ăn uống... mới nhất",https://vnexpress.net/cam-nang-du-lich-dong-nai-4811218.html,30,119.html
121,"Du lịch Vịnh Lan Hạ 2024 từ A-Z: Cẩm nang di chuyển, ăn chơi, thăm quan, đặc sản... mới nhất",https://vnexpress.net/cam-nang-du-lich-hai-phong-4462112.html,48,121.html
121,"Du lịch Vịnh Lan Hạ 2024 từ A-Z: Cẩm nang di chuyển, ăn chơi, thăm quan, đặc sản... mới nhất",https://vnexpress.net/cam-nang-du-lich-cat-ba-4136515.html,27,121.html
122,"Du lịch Vịnh Hạ Long 2025: Cẩm nang từ A-Z, Review, Kinh nghiệm di chuyển, ăn chơi, thăm quan, đặc sản... mới nhất",https://vnexpress.net/cam-nang-du-lich-quang-ninh-4479287.html,93,122.html
122,"Du lịch Vịnh Hạ Long 2025: Cẩm nang từ A-Z, Review, Kinh nghiệm di chuyển, ăn chơi, thăm quan, đặc sản... mới nhất",https://vnexpress.net/cam-nang-du-lich-ha-long-4457134.html,50,122.html
123,"Cẩm nang Du lịch VŨNG TÀU 2025 từ A-Z: lưu trú, ăn chơi, đặc sản... mới nhất",https://vnexpress.net/cam-nang-du-lich-ba-ria-vung-tau-4479713.html,9,123.html
124,Cẩm nang Du lịch VĨNH PHÚC 2024 từ A-Z: Top 8 địa điểm phải đến,https://vnexpress.net/cam-nang-du-lich-dai-lai-4609900.html,35,124.html
124,Cẩm nang Du lịch VĨNH PHÚC 2024 từ A-Z: Top 8 địa điểm phải đến,https://vnexpress.net/cam-nang-du-lich-tam-dao-4454746.html,113,124.html
126,"Cẩm nang Du lịch Yên Bái 2024 từ A-Z: Di chuyển, ăn chơi, thăm quan, đặc sản... mới nhất",https://vnexpress.net/cam-nang-du-lich-tu-le-4472621.html,111,126.html
126,"Cẩm nang Du lịch Yên Bái 2024 từ A-Z: Di chuyển, ăn chơi, thăm quan, đặc sản... mới nhất",https://vnexpress.net/cam-nang-du-lich-tram-tau-4645565.html,107,126.html
126,"Cẩm nang Du lịch Yên Bái 2024 từ A-Z: Di chuyển, ăn chơi, thăm quan, đặc sản... mới nhất",https://vnexpress.net/cam-nang-du-lich-ta-xua-4656282.html,106,126.html
126,"Cẩm nang Du lịch Yên Bái 2024 từ A-Z: Di chuyển, ăn chơi, thăm quan, đặc sản... mới nhất",https://vnexpress.net/cam-nang-du-lich-mu-cang-chai-4158151.html,70,126.html
128,Quần thể di tích Cố đô Huế – Wikipedia tiếng Việt,https://vi.wikipedia.org/wiki/V%C6%B0%E1%BB%9Dn_qu%E1%BB%91c_gia_Phong_Nha_%E2%80%93_K%E1%BA%BB_B%C3%A0ng,140,128.html
128,Quần thể di tích Cố đô Huế – Wikipedia tiếng Việt,https://vi.wikipedia.org/wiki/Ng%C5%A9_H%C3%A0nh_S%C6%A1n,288,128.html
128,Quần thể di tích Cố đô Huế – Wikipedia tiếng Việt,https://vi.wikipedia.org/wiki/Khu_di_t%C3%ADch_l%E1%BB%8Bch_s%E1%BB%AD_v%C3%A0_danh_th%E1%BA%AFng_Y%C3%AAn_T%E1%BB%AD,313,128.html
128,Quần thể di tích Cố đô Huế – Wikipedia tiếng Việt,https://vi.wikipedia.org/wiki/Khu_di_t%C3%ADch_P%C3%A1c_B%C3%B3,174,128.html
128,Quần thể di tích Cố đô Huế – Wikipedia tiếng Việt,https://vi.wikipedia.org/wiki/V%C6%B0%E1%BB%9Dn_qu%E1%BB%91c_gia_C%C3%A1t_Ti%C3%AAn,250,128.html
128,Quần thể di tích Cố đô Huế – Wikipedia tiếng Việt,https://vi.wikipedia.org/wiki/Ho%C3%A0ng_th%C3%A0nh_Th%C4%83ng_Long,150,128.html
128,Quần thể di tích Cố đô Huế – Wikipedia tiếng Việt,https://vi.wikipedia.org/wiki/Th%C3%A1p_Po_Klong_Garai,299,128.html
128,Quần thể di tích Cố đô Huế – Wikipedia tiếng Việt,https://vi.wikipedia.org/wiki/%C4%90%E1%BB%8Ba_%C4%91%E1%BA%A1o_C%E1%BB%A7_Chi,297,128.html
128,Quần thể di tích Cố đô Huế – Wikipedia tiếng Việt,https://vi.wikipedia.org/wiki/Th%C3%A0nh_nh%C3%A0_H%E1%BB%93,310,128.html
128,Quần thể di tích Cố đô Huế – Wikipedia tiếng Việt,https://vi.wikipedia.org/wiki/Ph%E1%BB%91_c%E1%BB%95_H%E1%BB%99i_An,129,128.html
128,Quần thể di tích Cố đô Huế – Wikipedia tiếng Việt,"https://vi.wikipedia.org/wiki/Qu%E1%BA%A7n_th%E1%BB%83_di_t%C3%ADch_v%C3%A0_danh_th%E1%BA%AFng_Y%C3%AAn_T%E1%BB%AD_%E2%80%93_V%C4%A9nh_Nghi%C3%AAm_%E2%80%93_C%C3%B4n_S%C6%A1n,_Ki%E1%BA%BFp_B%E1%BA%A1c",312,128.html
128,Quần thể di tích Cố đô Huế – Wikipedia tiếng Việt,https://vi.wikipedia.org/wiki/G%C3%A0nh_%C4%90%C3%A1_%C4%90%C4%A9a,291,128.html
128,Quần thể di tích Cố đô Huế – Wikipedia tiếng Việt,https://vi.wikipedia.org/wiki/Qu%E1%BA%A7n_th%E1%BB%83_danh_th%E1%BA%AFng_Tr%C3%A0ng_An,134,128.html
128,Quần thể di tích Cố đô Huế – Wikipedia tiếng Việt,https://vi.wikipedia.org/wiki/Qu%E1%BA%A7n_%C4%91%E1%BA%A3o_C%C3%A1t_B%C3%A0,154,128.html
128,Quần thể di tích Cố đô Huế – Wikipedia tiếng Việt,https://vi.wikipedia.org/wiki/Ch%C3%B9a_B%E1%BB%95_%C4%90%C3%A0,301,128.html
128,Quần thể di tích Cố đô Huế – Wikipedia tiếng Việt,https://vi.wikipedia.org/wiki/Ru%E1%BB%99ng_b%E1%BA%ADc_thang_M%C3%B9_Cang_Ch%E1%BA%A3i,308,128.html
128,Quần thể di tích Cố đô Huế – Wikipedia tiếng Việt,https://vi.wikipedia.org/wiki/H%E1%BB%93_Ba_B%E1%BB%83,148,128.html
128,Quần thể di tích Cố đô Huế – Wikipedia tiếng Việt,https://vi.wikipedia.org/wiki/V%E1%BB%8Bnh_H%E1%BA%A1_Long,132,128.html
128,Quần thể di tích Cố đô Huế – Wikipedia tiếng Việt,https://vi.wikipedia.org/wiki/Th%C3%A1nh_%C4%91%E1%BB%8Ba_M%E1%BB%B9_S%C6%A1n,136,128.html
129,Phố cổ Hội An – Wikipedia tiếng Việt,https://vi.wikipedia.org/wiki/V%C6%B0%E1%BB%9Dn_qu%E1%BB%91c_gia_Phong_Nha_%E2%80%93_K%E1%BA%BB_B%C3%A0ng,140,129.html
129,Phố cổ Hội An – Wikipedia tiếng Việt,https://vi.wikipedia.org/wiki/B%C3%A3i_bi%E1%BB%83n_S%E1%BA%A7m_S%C6%A1n,177,129.html
129,Phố cổ Hội An – Wikipedia tiếng Việt,https://vi.wikipedia.org/wiki/C%C3%B4n_%C4%90%E1%BA%A3o,241,129.html
129,Phố cổ Hội An – Wikipedia tiếng Việt,https://vi.wikipedia.org/wiki/Ng%C5%A9_H%C3%A0nh_S%C6%A1n,288,129.html
129,Phố cổ Hội An – Wikipedia tiếng Việt,https://vi.wikipedia.org/wiki/L%C3%BD_S%C6%A1n,147,129.html
129,Phố cổ Hội An – Wikipedia tiếng Việt,https://vi.wikipedia.org/wiki/Khu_du_l%E1%BB%8Bch_Tam_Ch%C3%BAc,497,129.html
129,Phố cổ Hội An – Wikipedia tiếng Việt,https://vi.wikipedia.org/wiki/C%C3%B4_T%C3%B4,153,129.html
129,Phố cổ Hội An – Wikipedia tiếng Việt,https://vi.wikipedia.org/wiki/Fansipan,138,129.html
129,Phố cổ Hội An – Wikipedia tiếng Việt,https://vi.wikipedia.org/wiki/Khu_di_t%C3%ADch_l%E1%BB%8Bch_s%E1%BB%AD_v%C3%A0_danh_th%E1%BA%AFng_Y%C3%AAn_T%E1%BB%AD,313,129.html
129,Phố cổ Hội An – Wikipedia tiếng Việt,https://vi.wikipedia.org/wiki/N%C3%BAi_B%C3%A0_%C4%90en,254,129.html
129,Phố cổ Hội An – Wikipedia tiếng Việt,https://vi.wikipedia.org/wiki/H%E1%BB%93_N%C3%BAi_C%E1%BB%91c,166,129.html
129,Phố cổ Hội An – Wikipedia tiếng Việt,https://vi.wikipedia.org/wiki/Khu_di_t%C3%ADch_P%C3%A1c_B%C3%B3,174,129.html
129,Phố cổ Hội An – Wikipedia tiếng Việt,https://vi.wikipedia.org/wiki/V%C6%B0%E1%BB%9Dn_qu%E1%BB%91c_gia_C%C3%A1t_Ti%C3%AAn,250,129.html
129,Phố cổ Hội An – Wikipedia tiếng Việt,https://vi.wikipedia.org/wiki/Qu%E1%BA%A7n_th%E1%BB%83_di_t%C3%ADch_C%E1%BB%91_%C4%91%C3%B4_Hu%E1%BA%BF,128,129.html
129,Phố cổ Hội An – Wikipedia tiếng Việt,https://vi.wikipedia.org/wiki/M%C5%A9i_N%C3%A9,141,129.html
129,Phố cổ Hội An – Wikipedia tiếng Việt,https://vi.wikipedia.org/wiki/C%C3%B9_lao_Ch%C3%A0m,230,129.html
129,Phố cổ Hội An – Wikipedia tiếng Việt,https://vi.wikipedia.org/wiki/H%E1%BB%93_Tr%E1%BB%8B_An,169,129.html
129,Phố cổ Hội An – Wikipedia tiếng Việt,https://vi.wikipedia.org/wiki/Ho%C3%A0ng_th%C3%A0nh_Th%C4%83ng_Long,150,129.html
129,Phố cổ Hội An – Wikipedia tiếng Việt,https://vi.wikipedia.org/wiki/Th%C3%A1p_Po_Klong_Garai,299,129.html
129,Phố cổ Hội An – Wikipedia tiếng Việt,https://vi.wikipedia.org/wiki/Khu_d%E1%BB%B1_tr%E1%BB%AF_sinh_quy%E1%BB%83n_r%E1%BB%ABng_ng%E1%BA%ADp_m%E1%BA%B7n_C%E1%BA%A7n_Gi%E1%BB%9D,232,129.html
129,Phố cổ Hội An – Wikipedia tiếng Việt,https://vi.wikipedia.org/wiki/S%C6%A1n_Tr%C3%A0,285,129.html
129,Phố cổ Hội An – Wikipedia tiếng Việt,https://vi.wikipedia.org/wiki/%C4%90%E1%BB%8Ba_%C4%91%E1%BA%A1o_C%E1%BB%A7_Chi,297,129.html
129,Phố cổ Hội An – Wikipedia tiếng Việt,https://vi.wikipedia.org/wiki/%C4%90%C3%A0_L%E1%BA%A1t,143,129.html
129,Phố cổ Hội An – Wikipedia tiếng Việt,https://vi.wikipedia.org/wiki/Th%C3%A0nh_nh%C3%A0_H%E1%BB%93,310,129.html
129,Phố cổ Hội An – Wikipedia tiếng Việt,https://vi.wikipedia.org/wiki/V%C6%B0%E1%BB%9Dn_qu%E1%BB%91c_gia_C%C3%BAc_Ph%C6%B0%C6%A1ng,246,129.html
129,Phố cổ Hội An – Wikipedia tiếng Việt,"https://vi.wikipedia.org/wiki/Qu%E1%BA%A7n_th%E1%BB%83_di_t%C3%ADch_v%C3%A0_danh_th%E1%BA%AFng_Y%C3%AAn_T%E1%BB%AD_%E2%80%93_V%C4%A9nh_Nghi%C3%AAm_%E2%80%93_C%C3%B4n_S%C6%A1n,_Ki%E1%BA%BFp_B%E1%BA%A1c",312,129.html
129,Phố cổ Hội An – Wikipedia tiếng Việt,https://vi.wikipedia.org/wiki/G%C3%A0nh_%C4%90%C3%A1_%C4%90%C4%A9a,291,129.html
129,Phố cổ Hội An – Wikipedia tiếng Việt,https://vi.wikipedia.org/wiki/Qu%E1%BA%A7n_th%E1%BB%83_danh_th%E1%BA%AFng_Tr%C3%A0ng_An,134,129.html
129,Phố cổ Hội An – Wikipedia tiếng Việt,https://vi.wikipedia.org/wiki/Qu%E1%BA%A7n_%C4%91%E1%BA%A3o_C%C3%A1t_B%C3%A0,154,129.html
129,Phố cổ Hội An – Wikipedia tiếng Việt,https://vi.wikipedia.org/wiki/H%E1%BB%93_Tuy%E1%BB%81n_L%C3%A2m,273,129.html
129,Phố cổ Hội An – Wikipedia tiếng Việt,https://vi.wikipedia.org/wiki/Tam_%C4%90%E1%BA%A3o,149,129.html
129,Phố cổ Hội An – Wikipedia tiếng Việt,https://vi.wikipedia.org/wiki/Ch%C3%B9a_B%E1%BB%95_%C4%90%C3%A0,301,129.html
129,Phố cổ Hội An – Wikipedia tiếng Việt,https://vi.wikipedia.org/wiki/B%C3%A0_N%C3%A0,146,129.html
129,Phố cổ Hội An – Wikipedia tiếng Việt,https://vi.wikipedia.org/wiki/Ru%E1%BB%99ng_b%E1%BA%ADc_thang_M%C3%B9_Cang_Ch%E1%BA%A3i,308,129.html
129,Phố cổ Hội An – Wikipedia tiếng Việt,https://vi.wikipedia.org/wiki/V%C6%B0%E1%BB%9Dn_qu%E1%BB%91c_gia_Tr%C3%A0m_Chim,139,129.html
129,Phố cổ Hội An – Wikipedia tiếng Việt,https://vi.wikipedia.org/wiki/H%E1%BB%93_Ba_B%E1%BB%83,148,129.html
129,Phố cổ Hội An – Wikipedia tiếng Việt,https://vi.wikipedia.org/wiki/V%E1%BB%8Bnh_H%E1%BA%A1_Long,132,129.html
129,Phố cổ Hội An – Wikipedia tiếng Việt,https://vi.wikipedia.org/wiki/Th%C3%A1nh_%C4%91%E1%BB%8Ba_M%E1%BB%B9_S%C6%A1n,136,129.html
129,Phố cổ Hội An – Wikipedia tiếng Việt,https://vi.wikipedia.org/wiki/Ph%C3%BA_Qu%E1%BB%91c,239,129.html
13,"Du Lịch đảo BÌNH BA 2022 kinh nghiệm từ A-Z: chi tiết di chuyển, ăn chơi, lưu trú...",https://vnexpress.net/cam-nang-du-lich-khanh-hoa-4759133.html,56,13.html
132,Vịnh Hạ Long – Wikipedia tiếng Việt,https://vi.wikipedia.org/wiki/V%C6%B0%E1%BB%9Dn_qu%E1%BB%91c_gia_Phong_Nha_%E2%80%93_K%E1%BA%BB_B%C3%A0ng,140,132.html
132,Vịnh Hạ Long – Wikipedia tiếng Việt,https://vi.wikipedia.org/wiki/B%C3%A3i_bi%E1%BB%83n_S%E1%BA%A7m_S%C6%A1n,177,132.html
132,Vịnh Hạ Long – Wikipedia tiếng Việt,https://vi.wikipedia.org/wiki/C%C3%B4n_%C4%90%E1%BA%A3o,241,132.html
132,Vịnh Hạ Long – Wikipedia tiếng Việt,https://vi.wikipedia.org/wiki/Ng%C5%A9_H%C3%A0nh_S%C6%A1n,288,132.html
132,Vịnh Hạ Long – Wikipedia tiếng Việt,https://vi.wikipedia.org/wiki/V%E1%BB%8Bnh_Lan_H%E1%BA%A1,152,132.html
132,Vịnh Hạ Long – Wikipedia tiếng Việt,https://vi.wikipedia.org/wiki/L%C3%BD_S%C6%A1n,147,132.html
132,Vịnh Hạ Long – Wikipedia tiếng Việt,https://vi.wikipedia.org/wiki/Khu_du_l%E1%BB%8Bch_Tam_Ch%C3%BAc,497,132.html
132,Vịnh Hạ Long – Wikipedia tiếng Việt,https://vi.wikipedia.org/wiki/C%C3%B4_T%C3%B4,153,132.html
132,Vịnh Hạ Long – Wikipedia tiếng Việt,https://vi.wikipedia.org/wiki/Fansipan,138,132.html
132,Vịnh Hạ Long – Wikipedia tiếng Việt,https://vi.wikipedia.org/wiki/Khu_di_t%C3%ADch_l%E1%BB%8Bch_s%E1%BB%AD_v%C3%A0_danh_th%E1%BA%AFng_Y%C3%AAn_T%E1%BB%AD,313,132.html
132,Vịnh Hạ Long – Wikipedia tiếng Việt,https://vi.wikipedia.org/wiki/N%C3%BAi_B%C3%A0_%C4%90en,254,132.html
132,Vịnh Hạ Long – Wikipedia tiếng Việt,https://vi.wikipedia.org/wiki/H%E1%BB%93_N%C3%BAi_C%E1%BB%91c,166,132.html
132,Vịnh Hạ Long – Wikipedia tiếng Việt,https://vi.wikipedia.org/wiki/Khu_di_t%C3%ADch_P%C3%A1c_B%C3%B3,174,132.html
132,Vịnh Hạ Long – Wikipedia tiếng Việt,https://vi.wikipedia.org/wiki/V%C6%B0%E1%BB%9Dn_qu%E1%BB%91c_gia_C%C3%A1t_Ti%C3%AAn,250,132.html
132,Vịnh Hạ Long – Wikipedia tiếng Việt,https://vi.wikipedia.org/wiki/Qu%E1%BA%A7n_th%E1%BB%83_di_t%C3%ADch_C%E1%BB%91_%C4%91%C3%B4_Hu%E1%BA%BF,128,132.html
132,Vịnh Hạ Long – Wikipedia tiếng Việt,https://vi.wikipedia.org/wiki/M%C5%A9i_N%C3%A9,141,132.html
132,Vịnh Hạ Long – Wikipedia tiếng Việt,https://vi.wikipedia.org/wiki/C%C3%B9_lao_Ch%C3%A0m,230,132.html
132,Vịnh Hạ Long – Wikipedia tiếng Việt,https://vi.wikipedia.org/wiki/H%E1%BB%93_Tr%E1%BB%8B_An,169,132.html
132,Vịnh Hạ Long – Wikipedia tiếng Việt,https://vi.wikipedia.org/wiki/Ho%C3%A0ng_th%C3%A0nh_Th%C4%83ng_Long,150,132.html
132,Vịnh Hạ Long – Wikipedia tiếng Việt,https://vi.wikipedia.org/wiki/Th%C3%A1p_Po_Klong_Garai,299,132.html
132,Vịnh Hạ Long – Wikipedia tiếng Việt,https://vi.wikipedia.org/wiki/Khu_d%E1%BB%B1_tr%E1%BB%AF_sinh_quy%E1%BB%83n_r%E1%BB%ABng_ng%E1%BA%ADp_m%E1%BA%B7n_C%E1%BA%A7n_Gi%E1%BB%9D,232,132.html
132,Vịnh Hạ Long – Wikipedia tiếng Việt,https://vi.wikipedia.org/wiki/S%C6%A1n_Tr%C3%A0,285,132.html
132,Vịnh Hạ Long – Wikipedia tiếng Việt,https://vi.wikipedia.org/wiki/%C4%90%E1%BB%8Ba_%C4%91%E1%BA%A1o_C%E1%BB%A7_Chi,297,132.html
132,Vịnh Hạ Long – Wikipedia tiếng Việt,https://vi.wikipedia.org/wiki/%C4%90%C3%A0_L%E1%BA%A1t,143,132.html
132,Vịnh Hạ Long – Wikipedia tiếng Việt,https://vi.wikipedia.org/wiki/Th%C3%A0nh_nh%C3%A0_H%E1%BB%93,310,132.html
132,Vịnh Hạ Long – Wikipedia tiếng Việt,https://vi.wikipedia.org/wiki/Ph%E1%BB%91_c%E1%BB%95_H%E1%BB%99i_An,129,132.html
132,Vịnh Hạ Long – Wikipedia tiếng Việt,https://vi.wikipedia.org/wiki/V%C6%B0%E1%BB%9Dn_qu%E1%BB%91c_gia_C%C3%BAc_Ph%C6%B0%C6%A1ng,246,132.html
132,Vịnh Hạ Long – Wikipedia tiếng Việt,"https://vi.wikipedia.org/wiki/Qu%E1%BA%A7n_th%E1%BB%83_di_t%C3%ADch_v%C3%A0_danh_th%E1%BA%AFng_Y%C3%AAn_T%E1%BB%AD_%E2%80%93_V%C4%A9nh_Nghi%C3%AAm_%E2%80%93_C%C3%B4n_S%C6%A1n,_Ki%E1%BA%BFp_B%E1%BA%A1c",312,132.html
132,Vịnh Hạ Long – Wikipedia tiếng Việt,https://vi.wikipedia.org/wiki/G%C3%A0nh_%C4%90%C3%A1_%C4%90%C4%A9a,291,132.html
132,Vịnh Hạ Long – Wikipedia tiếng Việt,https://vi.wikipedia.org/wiki/Qu%E1%BA%A7n_th%E1%BB%83_danh_th%E1%BA%AFng_Tr%C3%A0ng_An,134,132.html
132,Vịnh Hạ Long – Wikipedia tiếng Việt,https://vi.wikipedia.org/wiki/Qu%E1%BA%A7n_%C4%91%E1%BA%A3o_C%C3%A1t_B%C3%A0,154,132.html
132,Vịnh Hạ Long – Wikipedia tiếng Việt,https://vi.wikipedia.org/wiki/H%E1%BB%93_Tuy%E1%BB%81n_L%C3%A2m,273,132.html
132,Vịnh Hạ Long – Wikipedia tiếng Việt,https://vi.wikipedia.org/wiki/Tam_%C4%90%E1%BA%A3o,149,132.html
132,Vịnh Hạ Long – Wikipedia tiếng Việt,https://vi.wikipedia.org/wiki/Ch%C3%B9a_B%E1%BB%95_%C4%90%C3%A0,301,132.html
132,Vịnh Hạ Long – Wikipedia tiếng Việt,https://vi.wikipedia.org/wiki/B%C3%A0_N%C3%A0,146,132.html
132,Vịnh Hạ Long – Wikipedia tiếng Việt,https://vi.wikipedia.org/wiki/Ru%E1%BB%99ng_b%E1%BA%ADc_thang_M%C3%B9_Cang_Ch%E1%BA%A3i,308,132.html
132,Vịnh Hạ Long – Wikipedia tiếng Việt,https://vi.wikipedia.org/wiki/V%C6%B0%E1%BB%9Dn_qu%E1%BB%91c_gia_Tr%C3%A0m_Chim,139,132.html
132,Vịnh Hạ Long – Wikipedia tiếng Việt,https://vi.wikipedia.org/wiki/H%E1%BB%93_Ba_B%E1%BB%83,148,132.html
132,Vịnh Hạ Long – Wikipedia tiếng Việt,https://vi.wikipedia.org/wiki/Th%C3%A1nh_%C4%91%E1%BB%8Ba_M%E1%BB%B9_S%C6%A1n,136,132.html
132,Vịnh Hạ Long – Wikipedia tiếng Việt,https://vi.wikipedia.org/wiki/Ph%C3%BA_Qu%E1%BB%91c,239,132.html
134,Quần thể danh thắng Tràng An – Wikipedia tiếng Việt,https://vi.wikipedia.org/wiki/V%C6%B0%E1%BB%9Dn_qu%E1%BB%91c_gia_Xu%C3%A2n_Th%E1%BB%A7y,235,134.html
134,Quần thể danh thắng Tràng An – Wikipedia tiếng Việt,https://vi.wikipedia.org/wiki/H%E1%BB%93_Y%C3%AAn_Th%E1%BA%AFng,167,134.html
134,Quần thể danh thắng Tràng An – Wikipedia tiếng Việt,https://vi.wikipedia.org/wiki/Qu%E1%BA%A7n_th%E1%BB%83_di_t%C3%ADch_C%E1%BB%91_%C4%91%C3%B4_Hu%E1%BA%BF,128,134.html
134,Quần thể danh thắng Tràng An – Wikipedia tiếng Việt,"https://vi.wikipedia.org/wiki/Qu%E1%BA%A7n_th%E1%BB%83_di_t%C3%ADch_v%C3%A0_danh_th%E1%BA%AFng_Y%C3%AAn_T%E1%BB%AD_%E2%80%93_V%C4%A9nh_Nghi%C3%AAm_%E2%80%93_C%C3%B4n_S%C6%A1n,_Ki%E1%BA%BFp_B%E1%BA%A1c",312,134.html
134,Quần thể danh thắng Tràng An – Wikipedia tiếng Việt,https://vi.wikipedia.org/wiki/V%C6%B0%E1%BB%9Dn_qu%E1%BB%91c_gia_Phong_Nha_%E2%80%93_K%E1%BA%BB_B%C3%A0ng,140,134.html
134,Quần thể danh thắng Tràng An – Wikipedia tiếng Việt,https://vi.wikipedia.org/wiki/Ho%C3%A0ng_th%C3%A0nh_Th%C4%83ng_Long,150,134.html
134,Quần thể danh thắng Tràng An – Wikipedia tiếng Việt,https://vi.wikipedia.org/wiki/Th%C3%A1nh_%C4%91%E1%BB%8Ba_M%E1%BB%B9_S%C6%A1n,136,134.html
134,Quần thể danh thắng Tràng An – Wikipedia tiếng Việt,https://vi.wikipedia.org/wiki/Ph%E1%BB%91_c%E1%BB%95_H%E1%BB%99i_An,129,134.html
134,Quần thể danh thắng Tràng An – Wikipedia tiếng Việt,https://vi.wikipedia.org/wiki/V%C6%B0%E1%BB%9Dn_qu%E1%BB%91c_gia_C%C3%BAc_Ph%C6%B0%C6%A1ng,246,134.html
134,Quần thể danh thắng Tràng An – Wikipedia tiếng Việt,https://vi.wikipedia.org/wiki/Th%C3%A0nh_nh%C3%A0_H%E1%BB%93,310,134.html
135,Quần thể danh thắng Tràng An với vẻ đẹp hùng vĩ ấn tượng,https://mia.vn/cam-nang-du-lich/co-do-hoa-lu-dau-an-vang-son-cua-mot-thoi-dan-toc-oai-hung-3001,348,135.html
136,Thánh địa Mỹ Sơn – Wikipedia tiếng Việt,https://vi.wikipedia.org/wiki/V%C6%B0%E1%BB%9Dn_qu%E1%BB%91c_gia_Phong_Nha_%E2%80%93_K%E1%BA%BB_B%C3%A0ng,140,136.html
136,Thánh địa Mỹ Sơn – Wikipedia tiếng Việt,https://vi.wikipedia.org/wiki/B%C3%A3i_bi%E1%BB%83n_S%E1%BA%A7m_S%C6%A1n,177,136.html
136,Thánh địa Mỹ Sơn – Wikipedia tiếng Việt,https://vi.wikipedia.org/wiki/C%C3%B4n_%C4%90%E1%BA%A3o,241,136.html
136,Thánh địa Mỹ Sơn – Wikipedia tiếng Việt,https://vi.wikipedia.org/wiki/Ng%C5%A9_H%C3%A0nh_S%C6%A1n,288,136.html
136,Thánh địa Mỹ Sơn – Wikipedia tiếng Việt,https://vi.wikipedia.org/wiki/L%C3%BD_S%C6%A1n,147,136.html
136,Thánh địa Mỹ Sơn – Wikipedia tiếng Việt,https://vi.wikipedia.org/wiki/Khu_du_l%E1%BB%8Bch_Tam_Ch%C3%BAc,497,136.html
136,Thánh địa Mỹ Sơn – Wikipedia tiếng Việt,https://vi.wikipedia.org/wiki/C%C3%B4_T%C3%B4,153,136.html
136,Thánh địa Mỹ Sơn – Wikipedia tiếng Việt,https://vi.wikipedia.org/wiki/Khu_di_t%C3%ADch_l%E1%BB%8Bch_s%E1%BB%AD_v%C3%A0_danh_th%E1%BA%AFng_Y%C3%AAn_T%E1%BB%AD,313,136.html
136,Thánh địa Mỹ Sơn – Wikipedia tiếng Việt,https://vi.wikipedia.org/wiki/N%C3%BAi_B%C3%A0_%C4%90en,254,136.html
136,Thánh địa Mỹ Sơn – Wikipedia tiếng Việt,https://vi.wikipedia.org/wiki/H%E1%BB%93_N%C3%BAi_C%E1%BB%91c,166,136.html
136,Thánh địa Mỹ Sơn – Wikipedia tiếng Việt,https://vi.wikipedia.org/wiki/Khu_di_t%C3%ADch_P%C3%A1c_B%C3%B3,174,136.html
136,Thánh địa Mỹ Sơn – Wikipedia tiếng Việt,https://vi.wikipedia.org/wiki/V%C6%B0%E1%BB%9Dn_qu%E1%BB%91c_gia_C%C3%A1t_Ti%C3%AAn,250,136.html
136,Thánh địa Mỹ Sơn – Wikipedia tiếng Việt,https://vi.wikipedia.org/wiki/Qu%E1%BA%A7n_th%E1%BB%83_di_t%C3%ADch_C%E1%BB%91_%C4%91%C3%B4_Hu%E1%BA%BF,128,136.html
136,Thánh địa Mỹ Sơn – Wikipedia tiếng Việt,https://vi.wikipedia.org/wiki/M%C5%A9i_N%C3%A9,141,136.html
136,Thánh địa Mỹ Sơn – Wikipedia tiếng Việt,https://vi.wikipedia.org/wiki/C%C3%B9_lao_Ch%C3%A0m,230,136.html
136,Thánh địa Mỹ Sơn – Wikipedia tiếng Việt,https://vi.wikipedia.org/wiki/H%E1%BB%93_Tr%E1%BB%8B_An,169,136.html
136,Thánh địa Mỹ Sơn – Wikipedia tiếng Việt,https://vi.wikipedia.org/wiki/Ho%C3%A0ng_th%C3%A0nh_Th%C4%83ng_Long,150,136.html
136,Thánh địa Mỹ Sơn – Wikipedia tiếng Việt,https://vi.wikipedia.org/wiki/Th%C3%A1p_Po_Klong_Garai,299,136.html
136,Thánh địa Mỹ Sơn – Wikipedia tiếng Việt,https://vi.wikipedia.org/wiki/Khu_d%E1%BB%B1_tr%E1%BB%AF_sinh_quy%E1%BB%83n_r%E1%BB%ABng_ng%E1%BA%ADp_m%E1%BA%B7n_C%E1%BA%A7n_Gi%E1%BB%9D,232,136.html
136,Thánh địa Mỹ Sơn – Wikipedia tiếng Việt,https://vi.wikipedia.org/wiki/S%C6%A1n_Tr%C3%A0,285,136.html
136,Thánh địa Mỹ Sơn – Wikipedia tiếng Việt,https://vi.wikipedia.org/wiki/%C4%90%E1%BB%8Ba_%C4%91%E1%BA%A1o_C%E1%BB%A7_Chi,297,136.html
136,Thánh địa Mỹ Sơn – Wikipedia tiếng Việt,https://vi.wikipedia.org/wiki/%C4%90%C3%A0_L%E1%BA%A1t,143,136.html
136,Thánh địa Mỹ Sơn – Wikipedia tiếng Việt,https://vi.wikipedia.org/wiki/Th%C3%A0nh_nh%C3%A0_H%E1%BB%93,310,136.html
136,Thánh địa Mỹ Sơn – Wikipedia tiếng Việt,https://vi.wikipedia.org/wiki/Ph%E1%BB%91_c%E1%BB%95_H%E1%BB%99i_An,129,136.html
136,Thánh địa Mỹ Sơn – Wikipedia tiếng Việt,"https://vi.wikipedia.org/wiki/Qu%E1%BA%A7n_th%E1%BB%83_di_t%C3%ADch_v%C3%A0_danh_th%E1%BA%AFng_Y%C3%AAn_T%E1%BB%AD_%E2%80%93_V%C4%A9nh_Nghi%C3%AAm_%E2%80%93_C%C3%B4n_S%C6%A1n,_Ki%E1%BA%BFp_B%E1%BA%A1c",312,136.html
136,Thánh địa Mỹ Sơn – Wikipedia tiếng Việt,https://vi.wikipedia.org/wiki/G%C3%A0nh_%C4%90%C3%A1_%C4%90%C4%A9a,291,136.html
136,Thánh địa Mỹ Sơn – Wikipedia tiếng Việt,https://vi.wikipedia.org/wiki/Qu%E1%BA%A7n_th%E1%BB%83_danh_th%E1%BA%AFng_Tr%C3%A0ng_An,134,136.html
136,Thánh địa Mỹ Sơn – Wikipedia tiếng Việt,https://vi.wikipedia.org/wiki/Qu%E1%BA%A7n_%C4%91%E1%BA%A3o_C%C3%A1t_B%C3%A0,154,136.html
136,Thánh địa Mỹ Sơn – Wikipedia tiếng Việt,https://vi.wikipedia.org/wiki/H%E1%BB%93_Tuy%E1%BB%81n_L%C3%A2m,273,136.html
136,Thánh địa Mỹ Sơn – Wikipedia tiếng Việt,https://vi.wikipedia.org/wiki/Tam_%C4%90%E1%BA%A3o,149,136.html
136,Thánh địa Mỹ Sơn – Wikipedia tiếng Việt,https://vi.wikipedia.org/wiki/Ch%C3%B9a_B%E1%BB%95_%C4%90%C3%A0,301,136.html
136,Thánh địa Mỹ Sơn – Wikipedia tiếng Việt,https://vi.wikipedia.org/wiki/B%C3%A0_N%C3%A0,146,136.html
136,Thánh địa Mỹ Sơn – Wikipedia tiếng Việt,https://vi.wikipedia.org/wiki/Ru%E1%BB%99ng_b%E1%BA%ADc_thang_M%C3%B9_Cang_Ch%E1%BA%A3i,308,136.html
136,Thánh địa Mỹ Sơn – Wikipedia tiếng Việt,https://vi.wikipedia.org/wiki/V%C6%B0%E1%BB%9Dn_qu%E1%BB%91c_gia_Tr%C3%A0m_Chim,139,136.html
136,Thánh địa Mỹ Sơn – Wikipedia tiếng Việt,https://vi.wikipedia.org/wiki/H%E1%BB%93_Ba_B%E1%BB%83,148,136.html
136,Thánh địa Mỹ Sơn – Wikipedia tiếng Việt,https://vi.wikipedia.org/wiki/V%E1%BB%8Bnh_H%E1%BA%A1_Long,132,136.html
136,Thánh địa Mỹ Sơn – Wikipedia tiếng Việt,https://vi.wikipedia.org/wiki/Ph%C3%BA_Qu%E1%BB%91c,239,136.html
139,Vườn quốc gia Tràm Chim – Wikipedia tiếng Việt,https://vi.wikipedia.org/wiki/V%C6%B0%E1%BB%9Dn_qu%E1%BB%91c_gia_Phong_Nha_%E2%80%93_K%E1%BA%BB_B%C3%A0ng,140,139.html
139,Vườn quốc gia Tràm Chim – Wikipedia tiếng Việt,https://vi.wikipedia.org/wiki/B%C3%A3i_bi%E1%BB%83n_S%E1%BA%A7m_S%C6%A1n,177,139.html
139,Vườn quốc gia Tràm Chim – Wikipedia tiếng Việt,https://vi.wikipedia.org/wiki/V%C6%B0%E1%BB%9Dn_qu%E1%BB%91c_gia_Ba_B%E1%BB%83,164,139.html
139,Vườn quốc gia Tràm Chim – Wikipedia tiếng Việt,https://vi.wikipedia.org/wiki/V%C6%B0%E1%BB%9Dn_qu%E1%BB%91c_gia_N%C3%BAi_Ch%C3%BAa,252,139.html
139,Vườn quốc gia Tràm Chim – Wikipedia tiếng Việt,https://vi.wikipedia.org/wiki/C%C3%B4n_%C4%90%E1%BA%A3o,241,139.html
139,Vườn quốc gia Tràm Chim – Wikipedia tiếng Việt,https://vi.wikipedia.org/wiki/L%C3%BD_S%C6%A1n,147,139.html
139,Vườn quốc gia Tràm Chim – Wikipedia tiếng Việt,https://vi.wikipedia.org/wiki/Khu_du_l%E1%BB%8Bch_Tam_Ch%C3%BAc,497,139.html
139,Vườn quốc gia Tràm Chim – Wikipedia tiếng Việt,https://vi.wikipedia.org/wiki/C%C3%B4_T%C3%B4,153,139.html
139,Vườn quốc gia Tràm Chim – Wikipedia tiếng Việt,https://vi.wikipedia.org/wiki/N%C3%BAi_B%C3%A0_%C4%90en,254,139.html
139,Vườn quốc gia Tràm Chim – Wikipedia tiếng Việt,https://vi.wikipedia.org/wiki/H%E1%BB%93_N%C3%BAi_C%E1%BB%91c,166,139.html
139,Vườn quốc gia Tràm Chim – Wikipedia tiếng Việt,https://vi.wikipedia.org/wiki/V%C6%B0%E1%BB%9Dn_qu%E1%BB%91c_gia_C%C3%A1t_Ti%C3%AAn,250,139.html
139,Vườn quốc gia Tràm Chim – Wikipedia tiếng Việt,https://vi.wikipedia.org/wiki/V%C6%B0%E1%BB%9Dn_qu%E1%BB%91c_gia_Xu%C3%A2n_Th%E1%BB%A7y,235,139.html
139,Vườn quốc gia Tràm Chim – Wikipedia tiếng Việt,https://vi.wikipedia.org/wiki/Qu%E1%BA%A7n_th%E1%BB%83_di_t%C3%ADch_C%E1%BB%91_%C4%91%C3%B4_Hu%E1%BA%BF,128,139.html
139,Vườn quốc gia Tràm Chim – Wikipedia tiếng Việt,https://vi.wikipedia.org/wiki/M%C5%A9i_N%C3%A9,141,139.html
139,Vườn quốc gia Tràm Chim – Wikipedia tiếng Việt,https://vi.wikipedia.org/wiki/C%C3%B9_lao_Ch%C3%A0m,230,139.html
139,Vườn quốc gia Tràm Chim – Wikipedia tiếng Việt,https://vi.wikipedia.org/wiki/V%C6%B0%E1%BB%9Dn_qu%E1%BB%91c_gia_B%E1%BA%A1ch_M%C3%A3,248,139.html
139,Vườn quốc gia Tràm Chim – Wikipedia tiếng Việt,https://vi.wikipedia.org/wiki/H%E1%BB%93_Tr%E1%BB%8B_An,169,139.html
139,Vườn quốc gia Tràm Chim – Wikipedia tiếng Việt,https://vi.wikipedia.org/wiki/Ho%C3%A0ng_th%C3%A0nh_Th%C4%83ng_Long,150,139.html
139,Vườn quốc gia Tràm Chim – Wikipedia tiếng Việt,https://vi.wikipedia.org/wiki/Khu_d%E1%BB%B1_tr%E1%BB%AF_sinh_quy%E1%BB%83n_r%E1%BB%ABng_ng%E1%BA%ADp_m%E1%BA%B7n_C%E1%BA%A7n_Gi%E1%BB%9D,232,139.html
139,Vườn quốc gia Tràm Chim – Wikipedia tiếng Việt,https://vi.wikipedia.org/wiki/S%C6%A1n_Tr%C3%A0,285,139.html
139,Vườn quốc gia Tràm Chim – Wikipedia tiếng Việt,https://vi.wikipedia.org/wiki/%C4%90%C3%A0_L%E1%BA%A1t,143,139.html
139,Vườn quốc gia Tràm Chim – Wikipedia tiếng Việt,https://vi.wikipedia.org/wiki/Th%C3%A0nh_nh%C3%A0_H%E1%BB%93,310,139.html
139,Vườn quốc gia Tràm Chim – Wikipedia tiếng Việt,https://vi.wikipedia.org/wiki/Ph%E1%BB%91_c%E1%BB%95_H%E1%BB%99i_An,129,139.html
139,Vườn quốc gia Tràm Chim – Wikipedia tiếng Việt,https://vi.wikipedia.org/wiki/V%C6%B0%E1%BB%9Dn_qu%E1%BB%91c_gia_C%C3%BAc_Ph%C6%B0%C6%A1ng,246,139.html
139,Vườn quốc gia Tràm Chim – Wikipedia tiếng Việt,https://vi.wikipedia.org/wiki/V%C6%B0%E1%BB%9Dn_qu%E1%BB%91c_gia_B%E1%BA%BFn_En,165,139.html
139,Vườn quốc gia Tràm Chim – Wikipedia tiếng Việt,https://vi.wikipedia.org/wiki/Qu%E1%BA%A7n_th%E1%BB%83_danh_th%E1%BA%AFng_Tr%C3%A0ng_An,134,139.html
139,Vườn quốc gia Tràm Chim – Wikipedia tiếng Việt,https://vi.wikipedia.org/wiki/Qu%E1%BA%A7n_%C4%91%E1%BA%A3o_C%C3%A1t_B%C3%A0,154,139.html
139,Vườn quốc gia Tràm Chim – Wikipedia tiếng Việt,https://vi.wikipedia.org/wiki/H%E1%BB%93_Tuy%E1%BB%81n_L%C3%A2m,273,139.html
139,Vườn quốc gia Tràm Chim – Wikipedia tiếng Việt,https://vi.wikipedia.org/wiki/Tam_%C4%90%E1%BA%A3o,149,139.html
139,Vườn quốc gia Tràm Chim – Wikipedia tiếng Việt,https://vi.wikipedia.org/wiki/B%C3%A0_N%C3%A0,146,139.html
139,Vườn quốc gia Tràm Chim – Wikipedia tiếng Việt,https://vi.wikipedia.org/wiki/V%E1%BB%8Bnh_H%E1%BA%A1_Long,132,139.html
139,Vườn quốc gia Tràm Chim – Wikipedia tiếng Việt,https://vi.wikipedia.org/wiki/H%E1%BB%93_Ba_B%E1%BB%83,148,139.html
139,Vườn quốc gia Tràm Chim – Wikipedia tiếng Việt,https://vi.wikipedia.org/wiki/Th%C3%A1nh_%C4%91%E1%BB%8Ba_M%E1%BB%B9_S%C6%A1n,136,139.html
139,Vườn quốc gia Tràm Chim – Wikipedia tiếng Việt,https://vi.wikipedia.org/wiki/Khu_b%E1%BA%A3o_t%E1%BB%93n_thi%C3%AAn_nhi%C3%AAn_%C4%91%E1%BA%A5t_ng%E1%BA%ADp_n%C6%B0%E1%BB%9Bc_V%C3%A2n_Long,237,139.html
139,Vườn quốc gia Tràm Chim – Wikipedia tiếng Việt,https://vi.wikipedia.org/wiki/Ph%C3%BA_Qu%E1%BB%91c,239,139.html
140,Vườn quốc gia Phong Nha – Kẻ Bàng – Wikipedia tiếng Việt,https://vi.wikipedia.org/wiki/B%C3%A3i_bi%E1%BB%83n_S%E1%BA%A7m_S%C6%A1n,177,140.html
140,Vườn quốc gia Phong Nha – Kẻ Bàng – Wikipedia tiếng Việt,https://vi.wikipedia.org/wiki/V%C6%B0%E1%BB%9Dn_qu%E1%BB%91c_gia_Ba_B%E1%BB%83,164,140.html
140,Vườn quốc gia Phong Nha – Kẻ Bàng – Wikipedia tiếng Việt,https://vi.wikipedia.org/wiki/V%C6%B0%E1%BB%9Dn_qu%E1%BB%91c_gia_N%C3%BAi_Ch%C3%BAa,252,140.html
140,Vườn quốc gia Phong Nha – Kẻ Bàng – Wikipedia tiếng Việt,https://vi.wikipedia.org/wiki/C%C3%B4n_%C4%90%E1%BA%A3o,241,140.html
140,Vườn quốc gia Phong Nha – Kẻ Bàng – Wikipedia tiếng Việt,https://vi.wikipedia.org/wiki/Ng%C5%A9_H%C3%A0nh_S%C6%A1n,288,140.html
140,Vườn quốc gia Phong Nha – Kẻ Bàng – Wikipedia tiếng Việt,https://vi.wikipedia.org/wiki/L%C3%BD_S%C6%A1n,147,140.html
140,Vườn quốc gia Phong Nha – Kẻ Bàng – Wikipedia tiếng Việt,https://vi.wikipedia.org/wiki/Khu_du_l%E1%BB%8Bch_Tam_Ch%C3%BAc,497,140.html
140,Vườn quốc gia Phong Nha – Kẻ Bàng – Wikipedia tiếng Việt,https://vi.wikipedia.org/wiki/C%C3%B4_T%C3%B4,153,140.html
140,Vườn quốc gia Phong Nha – Kẻ Bàng – Wikipedia tiếng Việt,https://vi.wikipedia.org/wiki/Khu_di_t%C3%ADch_l%E1%BB%8Bch_s%E1%BB%AD_v%C3%A0_danh_th%E1%BA%AFng_Y%C3%AAn_T%E1%BB%AD,313,140.html
140,Vườn quốc gia Phong Nha – Kẻ Bàng – Wikipedia tiếng Việt,https://vi.wikipedia.org/wiki/N%C3%BAi_B%C3%A0_%C4%90en,254,140.html
140,Vườn quốc gia Phong Nha – Kẻ Bàng – Wikipedia tiếng Việt,https://vi.wikipedia.org/wiki/H%E1%BB%93_N%C3%BAi_C%E1%BB%91c,166,140.html
140,Vườn quốc gia Phong Nha – Kẻ Bàng – Wikipedia tiếng Việt,https://vi.wikipedia.org/wiki/Khu_di_t%C3%ADch_P%C3%A1c_B%C3%B3,174,140.html
140,Vườn quốc gia Phong Nha – Kẻ Bàng – Wikipedia tiếng Việt,https://vi.wikipedia.org/wiki/%C4%90%E1%BB%99ng_Phong_Nha,192,140.html
140,Vườn quốc gia Phong Nha – Kẻ Bàng – Wikipedia tiếng Việt,https://vi.wikipedia.org/wiki/V%C6%B0%E1%BB%9Dn_qu%E1%BB%91c_gia_C%C3%A1t_Ti%C3%AAn,250,140.html
140,Vườn quốc gia Phong Nha – Kẻ Bàng – Wikipedia tiếng Việt,https://vi.wikipedia.org/wiki/V%C6%B0%E1%BB%9Dn_qu%E1%BB%91c_gia_Xu%C3%A2n_Th%E1%BB%A7y,235,140.html
140,Vườn quốc gia Phong Nha – Kẻ Bàng – Wikipedia tiếng Việt,https://vi.wikipedia.org/wiki/Hang_S%C6%A1n_%C4%90o%C3%B2ng,243,140.html
140,Vườn quốc gia Phong Nha – Kẻ Bàng – Wikipedia tiếng Việt,https://vi.wikipedia.org/wiki/Qu%E1%BA%A7n_th%E1%BB%83_di_t%C3%ADch_C%E1%BB%91_%C4%91%C3%B4_Hu%E1%BA%BF,128,140.html
140,Vườn quốc gia Phong Nha – Kẻ Bàng – Wikipedia tiếng Việt,https://vi.wikipedia.org/wiki/M%C5%A9i_N%C3%A9,141,140.html
140,Vườn quốc gia Phong Nha – Kẻ Bàng – Wikipedia tiếng Việt,https://vi.wikipedia.org/wiki/V%C6%B0%E1%BB%9Dn_qu%E1%BB%91c_gia_B%E1%BA%A1ch_M%C3%A3,248,140.html
140,Vườn quốc gia Phong Nha – Kẻ Bàng – Wikipedia tiếng Việt,https://vi.wikipedia.org/wiki/C%C3%B9_lao_Ch%C3%A0m,230,140.html
140,Vườn quốc gia Phong Nha – Kẻ Bàng – Wikipedia tiếng Việt,https://vi.wikipedia.org/wiki/H%E1%BB%93_Tr%E1%BB%8B_An,169,140.html
140,Vườn quốc gia Phong Nha – Kẻ Bàng – Wikipedia tiếng Việt,https://vi.wikipedia.org/wiki/Ho%C3%A0ng_th%C3%A0nh_Th%C4%83ng_Long,150,140.html
140,Vườn quốc gia Phong Nha – Kẻ Bàng – Wikipedia tiếng Việt,https://vi.wikipedia.org/wiki/Th%C3%A1p_Po_Klong_Garai,299,140.html
140,Vườn quốc gia Phong Nha – Kẻ Bàng – Wikipedia tiếng Việt,https://vi.wikipedia.org/wiki/Khu_d%E1%BB%B1_tr%E1%BB%AF_sinh_quy%E1%BB%83n_r%E1%BB%ABng_ng%E1%BA%ADp_m%E1%BA%B7n_C%E1%BA%A7n_Gi%E1%BB%9D,232,140.html
140,Vườn quốc gia Phong Nha – Kẻ Bàng – Wikipedia tiếng Việt,https://vi.wikipedia.org/wiki/S%C6%A1n_Tr%C3%A0,285,140.html
140,Vườn quốc gia Phong Nha – Kẻ Bàng – Wikipedia tiếng Việt,https://vi.wikipedia.org/wiki/%C4%90%E1%BB%8Ba_%C4%91%E1%BA%A1o_C%E1%BB%A7_Chi,297,140.html
140,Vườn quốc gia Phong Nha – Kẻ Bàng – Wikipedia tiếng Việt,https://vi.wikipedia.org/wiki/%C4%90%C3%A0_L%E1%BA%A1t,143,140.html
140,Vườn quốc gia Phong Nha – Kẻ Bàng – Wikipedia tiếng Việt,https://vi.wikipedia.org/wiki/Th%C3%A0nh_nh%C3%A0_H%E1%BB%93,310,140.html
140,Vườn quốc gia Phong Nha – Kẻ Bàng – Wikipedia tiếng Việt,https://vi.wikipedia.org/wiki/Ph%E1%BB%91_c%E1%BB%95_H%E1%BB%99i_An,129,140.html
140,Vườn quốc gia Phong Nha – Kẻ Bàng – Wikipedia tiếng Việt,https://vi.wikipedia.org/wiki/V%C6%B0%E1%BB%9Dn_qu%E1%BB%91c_gia_C%C3%BAc_Ph%C6%B0%C6%A1ng,246,140.html
140,Vườn quốc gia Phong Nha – Kẻ Bàng – Wikipedia tiếng Việt,https://vi.wikipedia.org/wiki/%C4%90%E1%BB%99ng_Thi%C3%AAn_%C4%90%C6%B0%E1%BB%9Dng,267,140.html
140,Vườn quốc gia Phong Nha – Kẻ Bàng – Wikipedia tiếng Việt,https://vi.wikipedia.org/wiki/V%C6%B0%E1%BB%9Dn_qu%E1%BB%91c_gia_B%E1%BA%BFn_En,165,140.html
140,Vườn quốc gia Phong Nha – Kẻ Bàng – Wikipedia tiếng Việt,"https://vi.wikipedia.org/wiki/Qu%E1%BA%A7n_th%E1%BB%83_di_t%C3%ADch_v%C3%A0_danh_th%E1%BA%AFng_Y%C3%AAn_T%E1%BB%AD_%E2%80%93_V%C4%A9nh_Nghi%C3%AAm_%E2%80%93_C%C3%B4n_S%C6%A1n,_Ki%E1%BA%BFp_B%E1%BA%A1c",312,140.html
140,Vườn quốc gia Phong Nha – Kẻ Bàng – Wikipedia tiếng Việt,https://vi.wikipedia.org/wiki/G%C3%A0nh_%C4%90%C3%A1_%C4%90%C4%A9a,291,140.html
140,Vườn quốc gia Phong Nha – Kẻ Bàng – Wikipedia tiếng Việt,https://vi.wikipedia.org/wiki/Hang_%C3%89n,265,140.html
140,Vườn quốc gia Phong Nha – Kẻ Bàng – Wikipedia tiếng Việt,https://vi.wikipedia.org/wiki/Qu%E1%BA%A7n_th%E1%BB%83_danh_th%E1%BA%AFng_Tr%C3%A0ng_An,134,140.html
140,Vườn quốc gia Phong Nha – Kẻ Bàng – Wikipedia tiếng Việt,https://vi.wikipedia.org/wiki/Qu%E1%BA%A7n_%C4%91%E1%BA%A3o_C%C3%A1t_B%C3%A0,154,140.html
140,Vườn quốc gia Phong Nha – Kẻ Bàng – Wikipedia tiếng Việt,https://vi.wikipedia.org/wiki/H%E1%BB%93_Tuy%E1%BB%81n_L%C3%A2m,273,140.html
140,Vườn quốc gia Phong Nha – Kẻ Bàng – Wikipedia tiếng Việt,https://vi.wikipedia.org/wiki/Tam_%C4%90%E1%BA%A3o,149,140.html
140,Vườn quốc gia Phong Nha – Kẻ Bàng – Wikipedia tiếng Việt,https://vi.wikipedia.org/wiki/Ch%C3%B9a_B%E1%BB%95_%C4%90%C3%A0,301,140.html
140,Vườn quốc gia Phong Nha – Kẻ Bàng – Wikipedia tiếng Việt,https://vi.wikipedia.org/wiki/B%C3%A0_N%C3%A0,146,140.html
140,Vườn quốc gia Phong Nha – Kẻ Bàng – Wikipedia tiếng Việt,https://vi.wikipedia.org/wiki/Ru%E1%BB%99ng_b%E1%BA%ADc_thang_M%C3%B9_Cang_Ch%E1%BA%A3i,308,140.html
140,Vườn quốc gia Phong Nha – Kẻ Bàng – Wikipedia tiếng Việt,https://vi.wikipedia.org/wiki/V%C6%B0%E1%BB%9Dn_qu%E1%BB%91c_gia_Tr%C3%A0m_Chim,139,140.html
140,Vườn quốc gia Phong Nha – Kẻ Bàng – Wikipedia tiếng Việt,https://vi.wikipedia.org/wiki/V%E1%BB%8Bnh_H%E1%BA%A1_Long,132,140.html
140,Vườn quốc gia Phong Nha – Kẻ Bàng – Wikipedia tiếng Việt,https://vi.wikipedia.org/wiki/H%E1%BB%93_Ba_B%E1%BB%83,148,140.html
140,Vườn quốc gia Phong Nha – Kẻ Bàng – Wikipedia tiếng Việt,https://vi.wikipedia.org/wiki/Th%C3%A1nh_%C4%91%E1%BB%8Ba_M%E1%BB%B9_S%C6%A1n,136,140.html
140,Vườn quốc gia Phong Nha – Kẻ Bàng – Wikipedia tiếng Việt,https://vi.wikipedia.org/wiki/Ph%C3%BA_Qu%E1%BB%91c,239,140.html
141,Mũi Né – Wikipedia tiếng Việt,https://vi.wikipedia.org/wiki/V%C6%B0%E1%BB%9Dn_qu%E1%BB%91c_gia_Phong_Nha_%E2%80%93_K%E1%BA%BB_B%C3%A0ng,140,141.html
141,Mũi Né – Wikipedia tiếng Việt,https://vi.wikipedia.org/wiki/B%C3%A3i_bi%E1%BB%83n_S%E1%BA%A7m_S%C6%A1n,177,141.html
141,Mũi Né – Wikipedia tiếng Việt,https://vi.wikipedia.org/wiki/C%C3%B4n_%C4%90%E1%BA%A3o,241,141.html
141,Mũi Né – Wikipedia tiếng Việt,https://vi.wikipedia.org/wiki/L%C3%BD_S%C6%A1n,147,141.html
141,Mũi Né – Wikipedia tiếng Việt,https://vi.wikipedia.org/wiki/Khu_du_l%E1%BB%8Bch_Tam_Ch%C3%BAc,497,141.html
141,Mũi Né – Wikipedia tiếng Việt,https://vi.wikipedia.org/wiki/C%C3%B4_T%C3%B4,153,141.html
141,Mũi Né – Wikipedia tiếng Việt,https://vi.wikipedia.org/wiki/N%C3%BAi_B%C3%A0_%C4%90en,254,141.html
141,Mũi Né – Wikipedia tiếng Việt,https://vi.wikipedia.org/wiki/H%E1%BB%93_N%C3%BAi_C%E1%BB%91c,166,141.html
141,Mũi Né – Wikipedia tiếng Việt,https://vi.wikipedia.org/wiki/Qu%E1%BA%A7n_th%E1%BB%83_di_t%C3%ADch_C%E1%BB%91_%C4%91%C3%B4_Hu%E1%BA%BF,128,141.html
141,Mũi Né – Wikipedia tiếng Việt,https://vi.wikipedia.org/wiki/C%C3%B9_lao_Ch%C3%A0m,230,141.html
141,Mũi Né – Wikipedia tiếng Việt,https://vi.wikipedia.org/wiki/H%E1%BB%93_Tr%E1%BB%8B_An,169,141.html
141,Mũi Né – Wikipedia tiếng Việt,https://vi.wikipedia.org/wiki/Ho%C3%A0ng_th%C3%A0nh_Th%C4%83ng_Long,150,141.html
141,Mũi Né – Wikipedia tiếng Việt,https://vi.wikipedia.org/wiki/Khu_d%E1%BB%B1_tr%E1%BB%AF_sinh_quy%E1%BB%83n_r%E1%BB%ABng_ng%E1%BA%ADp_m%E1%BA%B7n_C%E1%BA%A7n_Gi%E1%BB%9D,232,141.html
141,Mũi Né – Wikipedia tiếng Việt,https://vi.wikipedia.org/wiki/S%C6%A1n_Tr%C3%A0,285,141.html
141,Mũi Né – Wikipedia tiếng Việt,https://vi.wikipedia.org/wiki/%C4%90%C3%A0_L%E1%BA%A1t,143,141.html
141,Mũi Né – Wikipedia tiếng Việt,https://vi.wikipedia.org/wiki/Th%C3%A0nh_nh%C3%A0_H%E1%BB%93,310,141.html
141,Mũi Né – Wikipedia tiếng Việt,https://vi.wikipedia.org/wiki/Ph%E1%BB%91_c%E1%BB%95_H%E1%BB%99i_An,129,141.html
141,Mũi Né – Wikipedia tiếng Việt,https://vi.wikipedia.org/wiki/Qu%E1%BA%A7n_th%E1%BB%83_danh_th%E1%BA%AFng_Tr%C3%A0ng_An,134,141.html
141,Mũi Né – Wikipedia tiếng Việt,https://vi.wikipedia.org/wiki/Qu%E1%BA%A7n_%C4%91%E1%BA%A3o_C%C3%A1t_B%C3%A0,154,141.html
141,Mũi Né – Wikipedia tiếng Việt,https://vi.wikipedia.org/wiki/H%E1%BB%93_Tuy%E1%BB%81n_L%C3%A2m,273,141.html
141,Mũi Né – Wikipedia tiếng Việt,https://vi.wikipedia.org/wiki/Tam_%C4%90%E1%BA%A3o,149,141.html
141,Mũi Né – Wikipedia tiếng Việt,https://vi.wikipedia.org/wiki/B%C3%A0_N%C3%A0,146,141.html
141,Mũi Né – Wikipedia tiếng Việt,https://vi.wikipedia.org/wiki/V%C6%B0%E1%BB%9Dn_qu%E1%BB%91c_gia_Tr%C3%A0m_Chim,139,141.html
141,Mũi Né – Wikipedia tiếng Việt,https://vi.wikipedia.org/wiki/V%E1%BB%8Bnh_H%E1%BA%A1_Long,132,141.html
141,Mũi Né – Wikipedia tiếng Việt,https://vi.wikipedia.org/wiki/H%E1%BB%93_Ba_B%E1%BB%83,148,141.html
141,Mũi Né – Wikipedia tiếng Việt,https://vi.wikipedia.org/wiki/Th%C3%A1nh_%C4%91%E1%BB%8Ba_M%E1%BB%B9_S%C6%A1n,136,141.html
141,Mũi Né – Wikipedia tiếng Việt,https://vi.wikipedia.org/wiki/Ph%C3%BA_Qu%E1%BB%91c,239,141.html
142,Mũi Né có gì chơi? Top 16 thiên đường giải trí cực HOT,https://vinwonders.com/vi/wonderpedia/news/doi-cat-mui-ne/,448,142.html
143,Đà Lạt – Wikipedia tiếng Việt,https://vi.wikipedia.org/wiki/V%C6%B0%E1%BB%9Dn_qu%E1%BB%91c_gia_Phong_Nha_%E2%80%93_K%E1%BA%BB_B%C3%A0ng,140,143.html
143,Đà Lạt – Wikipedia tiếng Việt,https://vi.wikipedia.org/wiki/B%C3%A3i_bi%E1%BB%83n_S%E1%BA%A7m_S%C6%A1n,177,143.html
143,Đà Lạt – Wikipedia tiếng Việt,https://vi.wikipedia.org/wiki/Th%C3%A1c_Prenn,207,143.html
143,Đà Lạt – Wikipedia tiếng Việt,https://vi.wikipedia.org/wiki/C%C3%B4n_%C4%90%E1%BA%A3o,241,143.html
143,Đà Lạt – Wikipedia tiếng Việt,https://vi.wikipedia.org/wiki/L%C3%BD_S%C6%A1n,147,143.html
143,Đà Lạt – Wikipedia tiếng Việt,https://vi.wikipedia.org/wiki/Khu_du_l%E1%BB%8Bch_Tam_Ch%C3%BAc,497,143.html
143,Đà Lạt – Wikipedia tiếng Việt,https://vi.wikipedia.org/wiki/C%C3%B4_T%C3%B4,153,143.html
143,Đà Lạt – Wikipedia tiếng Việt,https://vi.wikipedia.org/wiki/N%C3%BAi_B%C3%A0_%C4%90en,254,143.html
143,Đà Lạt – Wikipedia tiếng Việt,https://vi.wikipedia.org/wiki/H%E1%BB%93_N%C3%BAi_C%E1%BB%91c,166,143.html
143,Đà Lạt – Wikipedia tiếng Việt,https://vi.wikipedia.org/wiki/Th%C3%A1nh_%C4%91%E1%BB%8Ba_M%E1%BB%B9_S%C6%A1n,136,143.html
143,Đà Lạt – Wikipedia tiếng Việt,https://vi.wikipedia.org/wiki/V%C6%B0%E1%BB%9Dn_qu%E1%BB%91c_gia_C%C3%A1t_Ti%C3%AAn,250,143.html
143,Đà Lạt – Wikipedia tiếng Việt,https://vi.wikipedia.org/wiki/Qu%E1%BA%A7n_th%E1%BB%83_di_t%C3%ADch_C%E1%BB%91_%C4%91%C3%B4_Hu%E1%BA%BF,128,143.html
143,Đà Lạt – Wikipedia tiếng Việt,https://vi.wikipedia.org/wiki/M%C5%A9i_N%C3%A9,141,143.html
143,Đà Lạt – Wikipedia tiếng Việt,https://vi.wikipedia.org/wiki/C%C3%B9_lao_Ch%C3%A0m,230,143.html
143,Đà Lạt – Wikipedia tiếng Việt,https://vi.wikipedia.org/wiki/H%E1%BB%93_Tr%E1%BB%8B_An,169,143.html
143,Đà Lạt – Wikipedia tiếng Việt,https://vi.wikipedia.org/wiki/Ho%C3%A0ng_th%C3%A0nh_Th%C4%83ng_Long,150,143.html
143,Đà Lạt – Wikipedia tiếng Việt,https://vi.wikipedia.org/wiki/Khu_d%E1%BB%B1_tr%E1%BB%AF_sinh_quy%E1%BB%83n_r%E1%BB%ABng_ng%E1%BA%ADp_m%E1%BA%B7n_C%E1%BA%A7n_Gi%E1%BB%9D,232,143.html
143,Đà Lạt – Wikipedia tiếng Việt,https://vi.wikipedia.org/wiki/S%C6%A1n_Tr%C3%A0,285,143.html
143,Đà Lạt – Wikipedia tiếng Việt,https://vi.wikipedia.org/wiki/Th%C3%A0nh_nh%C3%A0_H%E1%BB%93,310,143.html
143,Đà Lạt – Wikipedia tiếng Việt,https://vi.wikipedia.org/wiki/Ph%E1%BB%91_c%E1%BB%95_H%E1%BB%99i_An,129,143.html
143,Đà Lạt – Wikipedia tiếng Việt,https://vi.wikipedia.org/wiki/H%E1%BB%93_Xu%C3%A2n_H%C6%B0%C6%A1ng_(h%E1%BB%93_n%C6%B0%E1%BB%9Bc),172,143.html
143,Đà Lạt – Wikipedia tiếng Việt,https://vi.wikipedia.org/wiki/Qu%E1%BA%A7n_th%E1%BB%83_danh_th%E1%BA%AFng_Tr%C3%A0ng_An,134,143.html
143,Đà Lạt – Wikipedia tiếng Việt,https://vi.wikipedia.org/wiki/Th%C3%A1c_Pongour,205,143.html
143,Đà Lạt – Wikipedia tiếng Việt,https://vi.wikipedia.org/wiki/Qu%E1%BA%A7n_%C4%91%E1%BA%A3o_C%C3%A1t_B%C3%A0,154,143.html
143,Đà Lạt – Wikipedia tiếng Việt,https://vi.wikipedia.org/wiki/H%E1%BB%93_Tuy%E1%BB%81n_L%C3%A2m,273,143.html
143,Đà Lạt – Wikipedia tiếng Việt,https://vi.wikipedia.org/wiki/Tam_%C4%90%E1%BA%A3o,149,143.html
143,Đà Lạt – Wikipedia tiếng Việt,https://vi.wikipedia.org/wiki/B%C3%A0_N%C3%A0,146,143.html
143,Đà Lạt – Wikipedia tiếng Việt,https://vi.wikipedia.org/wiki/V%C6%B0%E1%BB%9Dn_qu%E1%BB%91c_gia_Tr%C3%A0m_Chim,139,143.html
143,Đà Lạt – Wikipedia tiếng Việt,https://vi.wikipedia.org/wiki/V%E1%BB%8Bnh_H%E1%BA%A1_Long,132,143.html
143,Đà Lạt – Wikipedia tiếng Việt,https://vi.wikipedia.org/wiki/N%C3%BAi_Langbiang,214,143.html
143,Đà Lạt – Wikipedia tiếng Việt,https://vi.wikipedia.org/wiki/H%E1%BB%93_Ba_B%E1%BB%83,148,143.html
143,Đà Lạt – Wikipedia tiếng Việt,https://vi.wikipedia.org/wiki/Ph%C3%BA_Qu%E1%BB%91c,239,143.html
144,Mộc Châu (thị xã) – Wikipedia tiếng Việt,https://vi.wikipedia.org/wiki/V%C6%B0%E1%BB%9Dn_qu%E1%BB%91c_gia_Phong_Nha_%E2%80%93_K%E1%BA%BB_B%C3%A0ng,140,144.html
144,Mộc Châu (thị xã) – Wikipedia tiếng Việt,https://vi.wikipedia.org/wiki/B%C3%A3i_bi%E1%BB%83n_S%E1%BA%A7m_S%C6%A1n,177,144.html
144,Mộc Châu (thị xã) – Wikipedia tiếng Việt,https://vi.wikipedia.org/wiki/C%C3%B4n_%C4%90%E1%BA%A3o,241,144.html
144,Mộc Châu (thị xã) – Wikipedia tiếng Việt,https://vi.wikipedia.org/wiki/L%C3%BD_S%C6%A1n,147,144.html
144,Mộc Châu (thị xã) – Wikipedia tiếng Việt,https://vi.wikipedia.org/wiki/Khu_du_l%E1%BB%8Bch_Tam_Ch%C3%BAc,497,144.html
144,Mộc Châu (thị xã) – Wikipedia tiếng Việt,https://vi.wikipedia.org/wiki/C%C3%B4_T%C3%B4,153,144.html
144,Mộc Châu (thị xã) – Wikipedia tiếng Việt,https://vi.wikipedia.org/wiki/N%C3%BAi_B%C3%A0_%C4%90en,254,144.html
144,Mộc Châu (thị xã) – Wikipedia tiếng Việt,https://vi.wikipedia.org/wiki/H%E1%BB%93_N%C3%BAi_C%E1%BB%91c,166,144.html
144,Mộc Châu (thị xã) – Wikipedia tiếng Việt,https://vi.wikipedia.org/wiki/Qu%E1%BA%A7n_th%E1%BB%83_di_t%C3%ADch_C%E1%BB%91_%C4%91%C3%B4_Hu%E1%BA%BF,128,144.html
144,Mộc Châu (thị xã) – Wikipedia tiếng Việt,https://vi.wikipedia.org/wiki/M%C5%A9i_N%C3%A9,141,144.html
144,Mộc Châu (thị xã) – Wikipedia tiếng Việt,https://vi.wikipedia.org/wiki/C%C3%B9_lao_Ch%C3%A0m,230,144.html
144,Mộc Châu (thị xã) – Wikipedia tiếng Việt,https://vi.wikipedia.org/wiki/H%E1%BB%93_Tr%E1%BB%8B_An,169,144.html
144,Mộc Châu (thị xã) – Wikipedia tiếng Việt,https://vi.wikipedia.org/wiki/Ho%C3%A0ng_th%C3%A0nh_Th%C4%83ng_Long,150,144.html
144,Mộc Châu (thị xã) – Wikipedia tiếng Việt,https://vi.wikipedia.org/wiki/Khu_d%E1%BB%B1_tr%E1%BB%AF_sinh_quy%E1%BB%83n_r%E1%BB%ABng_ng%E1%BA%ADp_m%E1%BA%B7n_C%E1%BA%A7n_Gi%E1%BB%9D,232,144.html
144,Mộc Châu (thị xã) – Wikipedia tiếng Việt,https://vi.wikipedia.org/wiki/S%C6%A1n_Tr%C3%A0,285,144.html
144,Mộc Châu (thị xã) – Wikipedia tiếng Việt,https://vi.wikipedia.org/wiki/%C4%90%C3%A0_L%E1%BA%A1t,143,144.html
144,Mộc Châu (thị xã) – Wikipedia tiếng Việt,https://vi.wikipedia.org/wiki/Th%C3%A0nh_nh%C3%A0_H%E1%BB%93,310,144.html
144,Mộc Châu (thị xã) – Wikipedia tiếng Việt,https://vi.wikipedia.org/wiki/Ph%E1%BB%91_c%E1%BB%95_H%E1%BB%99i_An,129,144.html
144,Mộc Châu (thị xã) – Wikipedia tiếng Việt,https://vi.wikipedia.org/wiki/Qu%E1%BA%A7n_th%E1%BB%83_danh_th%E1%BA%AFng_Tr%C3%A0ng_An,134,144.html
144,Mộc Châu (thị xã) – Wikipedia tiếng Việt,https://vi.wikipedia.org/wiki/Qu%E1%BA%A7n_%C4%91%E1%BA%A3o_C%C3%A1t_B%C3%A0,154,144.html
144,Mộc Châu (thị xã) – Wikipedia tiếng Việt,https://vi.wikipedia.org/wiki/H%E1%BB%93_Tuy%E1%BB%81n_L%C3%A2m,273,144.html
144,Mộc Châu (thị xã) – Wikipedia tiếng Việt,https://vi.wikipedia.org/wiki/Tam_%C4%90%E1%BA%A3o,149,144.html
144,Mộc Châu (thị xã) – Wikipedia tiếng Việt,https://vi.wikipedia.org/wiki/B%C3%A0_N%C3%A0,146,144.html
144,Mộc Châu (thị xã) – Wikipedia tiếng Việt,https://vi.wikipedia.org/wiki/V%C6%B0%E1%BB%9Dn_qu%E1%BB%91c_gia_Tr%C3%A0m_Chim,139,144.html
144,Mộc Châu (thị xã) – Wikipedia tiếng Việt,https://vi.wikipedia.org/wiki/V%E1%BB%8Bnh_H%E1%BA%A1_Long,132,144.html
144,Mộc Châu (thị xã) – Wikipedia tiếng Việt,https://vi.wikipedia.org/wiki/H%E1%BB%93_Ba_B%E1%BB%83,148,144.html
144,Mộc Châu (thị xã) – Wikipedia tiếng Việt,https://vi.wikipedia.org/wiki/Th%C3%A1nh_%C4%91%E1%BB%8Ba_M%E1%BB%B9_S%C6%A1n,136,144.html
144,Mộc Châu (thị xã) – Wikipedia tiếng Việt,https://vi.wikipedia.org/wiki/Ph%C3%BA_Qu%E1%BB%91c,239,144.html
146,Bà Nà – Wikipedia tiếng Việt,https://vi.wikipedia.org/wiki/V%C6%B0%E1%BB%9Dn_qu%E1%BB%91c_gia_Phong_Nha_%E2%80%93_K%E1%BA%BB_B%C3%A0ng,140,146.html
146,Bà Nà – Wikipedia tiếng Việt,https://vi.wikipedia.org/wiki/B%C3%A3i_bi%E1%BB%83n_S%E1%BA%A7m_S%C6%A1n,177,146.html
146,Bà Nà – Wikipedia tiếng Việt,https://vi.wikipedia.org/wiki/C%C3%B4n_%C4%90%E1%BA%A3o,241,146.html
146,Bà Nà – Wikipedia tiếng Việt,https://vi.wikipedia.org/wiki/L%C3%BD_S%C6%A1n,147,146.html
146,Bà Nà – Wikipedia tiếng Việt,https://vi.wikipedia.org/wiki/Khu_du_l%E1%BB%8Bch_Tam_Ch%C3%BAc,497,146.html
146,Bà Nà – Wikipedia tiếng Việt,https://vi.wikipedia.org/wiki/C%C3%B4_T%C3%B4,153,146.html
146,Bà Nà – Wikipedia tiếng Việt,https://vi.wikipedia.org/wiki/N%C3%BAi_B%C3%A0_%C4%90en,254,146.html
146,Bà Nà – Wikipedia tiếng Việt,https://vi.wikipedia.org/wiki/H%E1%BB%93_N%C3%BAi_C%E1%BB%91c,166,146.html
146,Bà Nà – Wikipedia tiếng Việt,https://vi.wikipedia.org/wiki/Qu%E1%BA%A7n_th%E1%BB%83_di_t%C3%ADch_C%E1%BB%91_%C4%91%C3%B4_Hu%E1%BA%BF,128,146.html
146,Bà Nà – Wikipedia tiếng Việt,https://vi.wikipedia.org/wiki/C%E1%BA%A7u_V%C3%A0ng,270,146.html
146,Bà Nà – Wikipedia tiếng Việt,https://vi.wikipedia.org/wiki/M%C5%A9i_N%C3%A9,141,146.html
146,Bà Nà – Wikipedia tiếng Việt,https://vi.wikipedia.org/wiki/C%C3%B9_lao_Ch%C3%A0m,230,146.html
146,Bà Nà – Wikipedia tiếng Việt,https://vi.wikipedia.org/wiki/H%E1%BB%93_Tr%E1%BB%8B_An,169,146.html
146,Bà Nà – Wikipedia tiếng Việt,https://vi.wikipedia.org/wiki/Ho%C3%A0ng_th%C3%A0nh_Th%C4%83ng_Long,150,146.html
146,Bà Nà – Wikipedia tiếng Việt,https://vi.wikipedia.org/wiki/Khu_d%E1%BB%B1_tr%E1%BB%AF_sinh_quy%E1%BB%83n_r%E1%BB%ABng_ng%E1%BA%ADp_m%E1%BA%B7n_C%E1%BA%A7n_Gi%E1%BB%9D,232,146.html
146,Bà Nà – Wikipedia tiếng Việt,https://vi.wikipedia.org/wiki/S%C6%A1n_Tr%C3%A0,285,146.html
146,Bà Nà – Wikipedia tiếng Việt,https://vi.wikipedia.org/wiki/%C4%90%C3%A0_L%E1%BA%A1t,143,146.html
146,Bà Nà – Wikipedia tiếng Việt,https://vi.wikipedia.org/wiki/Th%C3%A0nh_nh%C3%A0_H%E1%BB%93,310,146.html
146,Bà Nà – Wikipedia tiếng Việt,https://vi.wikipedia.org/wiki/Ph%E1%BB%91_c%E1%BB%95_H%E1%BB%99i_An,129,146.html
146,Bà Nà – Wikipedia tiếng Việt,https://vi.wikipedia.org/wiki/Qu%E1%BA%A7n_th%E1%BB%83_danh_th%E1%BA%AFng_Tr%C3%A0ng_An,134,146.html
146,Bà Nà – Wikipedia tiếng Việt,https://vi.wikipedia.org/wiki/Qu%E1%BA%A7n_%C4%91%E1%BA%A3o_C%C3%A1t_B%C3%A0,154,146.html
146,Bà Nà – Wikipedia tiếng Việt,https://vi.wikipedia.org/wiki/H%E1%BB%93_Tuy%E1%BB%81n_L%C3%A2m,273,146.html
146,Bà Nà – Wikipedia tiếng Việt,https://vi.wikipedia.org/wiki/Tam_%C4%90%E1%BA%A3o,149,146.html
146,Bà Nà – Wikipedia tiếng Việt,https://vi.wikipedia.org/wiki/V%C6%B0%E1%BB%9Dn_qu%E1%BB%91c_gia_Tr%C3%A0m_Chim,139,146.html
146,Bà Nà – Wikipedia tiếng Việt,https://vi.wikipedia.org/wiki/V%E1%BB%8Bnh_H%E1%BA%A1_Long,132,146.html
146,Bà Nà – Wikipedia tiếng Việt,https://vi.wikipedia.org/wiki/H%E1%BB%93_Ba_B%E1%BB%83,148,146.html
146,Bà Nà – Wikipedia tiếng Việt,https://vi.wikipedia.org/wiki/Th%C3%A1nh_%C4%91%E1%BB%8Ba_M%E1%BB%B9_S%C6%A1n,136,146.html
146,Bà Nà – Wikipedia tiếng Việt,https://vi.wikipedia.org/wiki/Ph%C3%BA_Qu%E1%BB%91c,239,146.html
147,Lý Sơn – Wikipedia tiếng Việt,https://vi.wikipedia.org/wiki/V%C6%B0%E1%BB%9Dn_qu%E1%BB%91c_gia_Phong_Nha_%E2%80%93_K%E1%BA%BB_B%C3%A0ng,140,147.html
147,Lý Sơn – Wikipedia tiếng Việt,https://vi.wikipedia.org/wiki/B%C3%A3i_bi%E1%BB%83n_S%E1%BA%A7m_S%C6%A1n,177,147.html
147,Lý Sơn – Wikipedia tiếng Việt,https://vi.wikipedia.org/wiki/C%C3%B4n_%C4%90%E1%BA%A3o,241,147.html
147,Lý Sơn – Wikipedia tiếng Việt,https://vi.wikipedia.org/wiki/Khu_du_l%E1%BB%8Bch_Tam_Ch%C3%BAc,497,147.html
147,Lý Sơn – Wikipedia tiếng Việt,https://vi.wikipedia.org/wiki/C%C3%B4_T%C3%B4,153,147.html
147,Lý Sơn – Wikipedia tiếng Việt,https://vi.wikipedia.org/wiki/N%C3%BAi_B%C3%A0_%C4%90en,254,147.html
147,Lý Sơn – Wikipedia tiếng Việt,https://vi.wikipedia.org/wiki/H%E1%BB%93_N%C3%BAi_C%E1%BB%91c,166,147.html
147,Lý Sơn – Wikipedia tiếng Việt,https://vi.wikipedia.org/wiki/Qu%E1%BA%A7n_th%E1%BB%83_di_t%C3%ADch_C%E1%BB%91_%C4%91%C3%B4_Hu%E1%BA%BF,128,147.html
147,Lý Sơn – Wikipedia tiếng Việt,https://vi.wikipedia.org/wiki/M%C5%A9i_N%C3%A9,141,147.html
147,Lý Sơn – Wikipedia tiếng Việt,https://vi.wikipedia.org/wiki/C%C3%B9_lao_Ch%C3%A0m,230,147.html
147,Lý Sơn – Wikipedia tiếng Việt,https://vi.wikipedia.org/wiki/H%E1%BB%93_Tr%E1%BB%8B_An,169,147.html
147,Lý Sơn – Wikipedia tiếng Việt,https://vi.wikipedia.org/wiki/Ho%C3%A0ng_th%C3%A0nh_Th%C4%83ng_Long,150,147.html
147,Lý Sơn – Wikipedia tiếng Việt,https://vi.wikipedia.org/wiki/Khu_d%E1%BB%B1_tr%E1%BB%AF_sinh_quy%E1%BB%83n_r%E1%BB%ABng_ng%E1%BA%ADp_m%E1%BA%B7n_C%E1%BA%A7n_Gi%E1%BB%9D,232,147.html
147,Lý Sơn – Wikipedia tiếng Việt,https://vi.wikipedia.org/wiki/S%C6%A1n_Tr%C3%A0,285,147.html
147,Lý Sơn – Wikipedia tiếng Việt,https://vi.wikipedia.org/wiki/%C4%90%C3%A0_L%E1%BA%A1t,143,147.html
147,Lý Sơn – Wikipedia tiếng Việt,https://vi.wikipedia.org/wiki/Th%C3%A0nh_nh%C3%A0_H%E1%BB%93,310,147.html
147,Lý Sơn – Wikipedia tiếng Việt,https://vi.wikipedia.org/wiki/Ph%E1%BB%91_c%E1%BB%95_H%E1%BB%99i_An,129,147.html
147,Lý Sơn – Wikipedia tiếng Việt,https://vi.wikipedia.org/wiki/Qu%E1%BA%A7n_th%E1%BB%83_danh_th%E1%BA%AFng_Tr%C3%A0ng_An,134,147.html
147,Lý Sơn – Wikipedia tiếng Việt,https://vi.wikipedia.org/wiki/Qu%E1%BA%A7n_%C4%91%E1%BA%A3o_C%C3%A1t_B%C3%A0,154,147.html
147,Lý Sơn – Wikipedia tiếng Việt,https://vi.wikipedia.org/wiki/H%E1%BB%93_Tuy%E1%BB%81n_L%C3%A2m,273,147.html
147,Lý Sơn – Wikipedia tiếng Việt,https://vi.wikipedia.org/wiki/Tam_%C4%90%E1%BA%A3o,149,147.html
147,Lý Sơn – Wikipedia tiếng Việt,https://vi.wikipedia.org/wiki/B%C3%A0_N%C3%A0,146,147.html
147,Lý Sơn – Wikipedia tiếng Việt,https://vi.wikipedia.org/wiki/V%C6%B0%E1%BB%9Dn_qu%E1%BB%91c_gia_Tr%C3%A0m_Chim,139,147.html
147,Lý Sơn – Wikipedia tiếng Việt,https://vi.wikipedia.org/wiki/V%E1%BB%8Bnh_H%E1%BA%A1_Long,132,147.html
147,Lý Sơn – Wikipedia tiếng Việt,https://vi.wikipedia.org/wiki/H%E1%BB%93_Ba_B%E1%BB%83,148,147.html
147,Lý Sơn – Wikipedia tiếng Việt,https://vi.wikipedia.org/wiki/Th%C3%A1nh_%C4%91%E1%BB%8Ba_M%E1%BB%B9_S%C6%A1n,136,147.html
147,Lý Sơn – Wikipedia tiếng Việt,https://vi.wikipedia.org/wiki/Ph%C3%BA_Qu%E1%BB%91c,239,147.html
148,Hồ Ba Bể – Wikipedia tiếng Việt,https://vi.wikipedia.org/wiki/V%C6%B0%E1%BB%9Dn_qu%E1%BB%91c_gia_Phong_Nha_%E2%80%93_K%E1%BA%BB_B%C3%A0ng,140,148.html
148,Hồ Ba Bể – Wikipedia tiếng Việt,https://vi.wikipedia.org/wiki/B%C3%A3i_bi%E1%BB%83n_S%E1%BA%A7m_S%C6%A1n,177,148.html
148,Hồ Ba Bể – Wikipedia tiếng Việt,https://vi.wikipedia.org/wiki/V%C6%B0%E1%BB%9Dn_qu%E1%BB%91c_gia_Ba_B%E1%BB%83,164,148.html
148,Hồ Ba Bể – Wikipedia tiếng Việt,https://vi.wikipedia.org/wiki/C%C3%B4n_%C4%90%E1%BA%A3o,241,148.html
148,Hồ Ba Bể – Wikipedia tiếng Việt,https://vi.wikipedia.org/wiki/Ng%C5%A9_H%C3%A0nh_S%C6%A1n,288,148.html
148,Hồ Ba Bể – Wikipedia tiếng Việt,https://vi.wikipedia.org/wiki/L%C3%BD_S%C6%A1n,147,148.html
148,Hồ Ba Bể – Wikipedia tiếng Việt,https://vi.wikipedia.org/wiki/Khu_du_l%E1%BB%8Bch_Tam_Ch%C3%BAc,497,148.html
148,Hồ Ba Bể – Wikipedia tiếng Việt,https://vi.wikipedia.org/wiki/C%C3%B4_T%C3%B4,153,148.html
148,Hồ Ba Bể – Wikipedia tiếng Việt,https://vi.wikipedia.org/wiki/Khu_di_t%C3%ADch_l%E1%BB%8Bch_s%E1%BB%AD_v%C3%A0_danh_th%E1%BA%AFng_Y%C3%AAn_T%E1%BB%AD,313,148.html
148,Hồ Ba Bể – Wikipedia tiếng Việt,https://vi.wikipedia.org/wiki/N%C3%BAi_B%C3%A0_%C4%90en,254,148.html
148,Hồ Ba Bể – Wikipedia tiếng Việt,https://vi.wikipedia.org/wiki/H%E1%BB%93_N%C3%BAi_C%E1%BB%91c,166,148.html
148,Hồ Ba Bể – Wikipedia tiếng Việt,https://vi.wikipedia.org/wiki/Khu_di_t%C3%ADch_P%C3%A1c_B%C3%B3,174,148.html
148,Hồ Ba Bể – Wikipedia tiếng Việt,https://vi.wikipedia.org/wiki/V%C6%B0%E1%BB%9Dn_qu%E1%BB%91c_gia_C%C3%A1t_Ti%C3%AAn,250,148.html
148,Hồ Ba Bể – Wikipedia tiếng Việt,https://vi.wikipedia.org/wiki/V%C6%B0%E1%BB%9Dn_qu%E1%BB%91c_gia_Xu%C3%A2n_Th%E1%BB%A7y,235,148.html
148,Hồ Ba Bể – Wikipedia tiếng Việt,https://vi.wikipedia.org/wiki/Qu%E1%BA%A7n_th%E1%BB%83_di_t%C3%ADch_C%E1%BB%91_%C4%91%C3%B4_Hu%E1%BA%BF,128,148.html
148,Hồ Ba Bể – Wikipedia tiếng Việt,https://vi.wikipedia.org/wiki/M%C5%A9i_N%C3%A9,141,148.html
148,Hồ Ba Bể – Wikipedia tiếng Việt,https://vi.wikipedia.org/wiki/C%C3%B9_lao_Ch%C3%A0m,230,148.html
148,Hồ Ba Bể – Wikipedia tiếng Việt,https://vi.wikipedia.org/wiki/H%E1%BB%93_Tr%E1%BB%8B_An,169,148.html
148,Hồ Ba Bể – Wikipedia tiếng Việt,https://vi.wikipedia.org/wiki/Ho%C3%A0ng_th%C3%A0nh_Th%C4%83ng_Long,150,148.html
148,Hồ Ba Bể – Wikipedia tiếng Việt,https://vi.wikipedia.org/wiki/Th%C3%A1p_Po_Klong_Garai,299,148.html
148,Hồ Ba Bể – Wikipedia tiếng Việt,https://vi.wikipedia.org/wiki/Khu_d%E1%BB%B1_tr%E1%BB%AF_sinh_quy%E1%BB%83n_r%E1%BB%ABng_ng%E1%BA%ADp_m%E1%BA%B7n_C%E1%BA%A7n_Gi%E1%BB%9D,232,148.html
148,Hồ Ba Bể – Wikipedia tiếng Việt,https://vi.wikipedia.org/wiki/S%C6%A1n_Tr%C3%A0,285,148.html
148,Hồ Ba Bể – Wikipedia tiếng Việt,https://vi.wikipedia.org/wiki/%C4%90%E1%BB%8Ba_%C4%91%E1%BA%A1o_C%E1%BB%A7_Chi,297,148.html
148,Hồ Ba Bể – Wikipedia tiếng Việt,https://vi.wikipedia.org/wiki/%C4%90%C3%A0_L%E1%BA%A1t,143,148.html
148,Hồ Ba Bể – Wikipedia tiếng Việt,https://vi.wikipedia.org/wiki/Th%C3%A0nh_nh%C3%A0_H%E1%BB%93,310,148.html
148,Hồ Ba Bể – Wikipedia tiếng Việt,https://vi.wikipedia.org/wiki/Ph%E1%BB%91_c%E1%BB%95_H%E1%BB%99i_An,129,148.html
148,Hồ Ba Bể – Wikipedia tiếng Việt,https://vi.wikipedia.org/wiki/G%C3%A0nh_%C4%90%C3%A1_%C4%90%C4%A9a,291,148.html
148,Hồ Ba Bể – Wikipedia tiếng Việt,https://vi.wikipedia.org/wiki/Qu%E1%BA%A7n_th%E1%BB%83_danh_th%E1%BA%AFng_Tr%C3%A0ng_An,134,148.html
148,Hồ Ba Bể – Wikipedia tiếng Việt,https://vi.wikipedia.org/wiki/Qu%E1%BA%A7n_%C4%91%E1%BA%A3o_C%C3%A1t_B%C3%A0,154,148.html
148,Hồ Ba Bể – Wikipedia tiếng Việt,https://vi.wikipedia.org/wiki/H%E1%BB%93_Tuy%E1%BB%81n_L%C3%A2m,273,148.html
148,Hồ Ba Bể – Wikipedia tiếng Việt,https://vi.wikipedia.org/wiki/Tam_%C4%90%E1%BA%A3o,149,148.html
148,Hồ Ba Bể – Wikipedia tiếng Việt,https://vi.wikipedia.org/wiki/Ch%C3%B9a_B%E1%BB%95_%C4%90%C3%A0,301,148.html
148,Hồ Ba Bể – Wikipedia tiếng Việt,https://vi.wikipedia.org/wiki/B%C3%A0_N%C3%A0,146,148.html
148,Hồ Ba Bể – Wikipedia tiếng Việt,https://vi.wikipedia.org/wiki/Ru%E1%BB%99ng_b%E1%BA%ADc_thang_M%C3%B9_Cang_Ch%E1%BA%A3i,308,148.html
148,Hồ Ba Bể – Wikipedia tiếng Việt,https://vi.wikipedia.org/wiki/V%C6%B0%E1%BB%9Dn_qu%E1%BB%91c_gia_Tr%C3%A0m_Chim,139,148.html
148,Hồ Ba Bể – Wikipedia tiếng Việt,https://vi.wikipedia.org/wiki/V%E1%BB%8Bnh_H%E1%BA%A1_Long,132,148.html
148,Hồ Ba Bể – Wikipedia tiếng Việt,https://vi.wikipedia.org/wiki/Th%C3%A1nh_%C4%91%E1%BB%8Ba_M%E1%BB%B9_S%C6%A1n,136,148.html
148,Hồ Ba Bể – Wikipedia tiếng Việt,https://vi.wikipedia.org/wiki/Khu_b%E1%BA%A3o_t%E1%BB%93n_thi%C3%AAn_nhi%C3%AAn_%C4%91%E1%BA%A5t_ng%E1%BA%ADp_n%C6%B0%E1%BB%9Bc_V%C3%A2n_Long,237,148.html
148,Hồ Ba Bể – Wikipedia tiếng Việt,https://vi.wikipedia.org/wiki/Ph%C3%BA_Qu%E1%BB%91c,239,148.html
149,Tam Đảo – Wikipedia tiếng Việt,https://vi.wikipedia.org/wiki/V%C6%B0%E1%BB%9Dn_qu%E1%BB%91c_gia_Phong_Nha_%E2%80%93_K%E1%BA%BB_B%C3%A0ng,140,149.html
149,Tam Đảo – Wikipedia tiếng Việt,https://vi.wikipedia.org/wiki/B%C3%A3i_bi%E1%BB%83n_S%E1%BA%A7m_S%C6%A1n,177,149.html
149,Tam Đảo – Wikipedia tiếng Việt,https://vi.wikipedia.org/wiki/C%C3%B4n_%C4%90%E1%BA%A3o,241,149.html
149,Tam Đảo – Wikipedia tiếng Việt,https://vi.wikipedia.org/wiki/L%C3%BD_S%C6%A1n,147,149.html
149,Tam Đảo – Wikipedia tiếng Việt,https://vi.wikipedia.org/wiki/Khu_du_l%E1%BB%8Bch_Tam_Ch%C3%BAc,497,149.html
149,Tam Đảo – Wikipedia tiếng Việt,https://vi.wikipedia.org/wiki/C%C3%B4_T%C3%B4,153,149.html
149,Tam Đảo – Wikipedia tiếng Việt,https://vi.wikipedia.org/wiki/N%C3%BAi_B%C3%A0_%C4%90en,254,149.html
149,Tam Đảo – Wikipedia tiếng Việt,https://vi.wikipedia.org/wiki/H%E1%BB%93_N%C3%BAi_C%E1%BB%91c,166,149.html
149,Tam Đảo – Wikipedia tiếng Việt,https://vi.wikipedia.org/wiki/Qu%E1%BA%A7n_th%E1%BB%83_di_t%C3%ADch_C%E1%BB%91_%C4%91%C3%B4_Hu%E1%BA%BF,128,149.html
149,Tam Đảo – Wikipedia tiếng Việt,https://vi.wikipedia.org/wiki/M%C5%A9i_N%C3%A9,141,149.html
149,Tam Đảo – Wikipedia tiếng Việt,https://vi.wikipedia.org/wiki/C%C3%B9_lao_Ch%C3%A0m,230,149.html
149,Tam Đảo – Wikipedia tiếng Việt,https://vi.wikipedia.org/wiki/H%E1%BB%93_Tr%E1%BB%8B_An,169,149.html
149,Tam Đảo – Wikipedia tiếng Việt,https://vi.wikipedia.org/wiki/Ho%C3%A0ng_th%C3%A0nh_Th%C4%83ng_Long,150,149.html
149,Tam Đảo – Wikipedia tiếng Việt,https://vi.wikipedia.org/wiki/Khu_d%E1%BB%B1_tr%E1%BB%AF_sinh_quy%E1%BB%83n_r%E1%BB%ABng_ng%E1%BA%ADp_m%E1%BA%B7n_C%E1%BA%A7n_Gi%E1%BB%9D,232,149.html
149,Tam Đảo – Wikipedia tiếng Việt,https://vi.wikipedia.org/wiki/S%C6%A1n_Tr%C3%A0,285,149.html
149,Tam Đảo – Wikipedia tiếng Việt,https://vi.wikipedia.org/wiki/%C4%90%C3%A0_L%E1%BA%A1t,143,149.html
149,Tam Đảo – Wikipedia tiếng Việt,https://vi.wikipedia.org/wiki/Th%C3%A0nh_nh%C3%A0_H%E1%BB%93,310,149.html
149,Tam Đảo – Wikipedia tiếng Việt,https://vi.wikipedia.org/wiki/Ph%E1%BB%91_c%E1%BB%95_H%E1%BB%99i_An,129,149.html
149,Tam Đảo – Wikipedia tiếng Việt,https://vi.wikipedia.org/wiki/Qu%E1%BA%A7n_th%E1%BB%83_danh_th%E1%BA%AFng_Tr%C3%A0ng_An,134,149.html
149,Tam Đảo – Wikipedia tiếng Việt,https://vi.wikipedia.org/wiki/Qu%E1%BA%A7n_%C4%91%E1%BA%A3o_C%C3%A1t_B%C3%A0,154,149.html
149,Tam Đảo – Wikipedia tiếng Việt,https://vi.wikipedia.org/wiki/H%E1%BB%93_Tuy%E1%BB%81n_L%C3%A2m,273,149.html
149,Tam Đảo – Wikipedia tiếng Việt,https://vi.wikipedia.org/wiki/B%C3%A0_N%C3%A0,146,149.html
149,Tam Đảo – Wikipedia tiếng Việt,https://vi.wikipedia.org/wiki/V%C6%B0%E1%BB%9Dn_qu%E1%BB%91c_gia_Tr%C3%A0m_Chim,139,149.html
149,Tam Đảo – Wikipedia tiếng Việt,https://vi.wikipedia.org/wiki/V%E1%BB%8Bnh_H%E1%BA%A1_Long,132,149.html
149,Tam Đảo – Wikipedia tiếng Việt,https://vi.wikipedia.org/wiki/H%E1%BB%93_Ba_B%E1%BB%83,148,149.html
149,Tam Đảo – Wikipedia tiếng Việt,https://vi.wikipedia.org/wiki/Th%C3%A1nh_%C4%91%E1%BB%8Ba_M%E1%BB%B9_S%C6%A1n,136,149.html
149,Tam Đảo – Wikipedia tiếng Việt,https://vi.wikipedia.org/wiki/Ph%C3%BA_Qu%E1%BB%91c,239,149.html
150,Hoàng thành Thăng Long – Wikipedia tiếng Việt,https://vi.wikipedia.org/wiki/V%C6%B0%E1%BB%9Dn_qu%E1%BB%91c_gia_Phong_Nha_%E2%80%93_K%E1%BA%BB_B%C3%A0ng,140,150.html
150,Hoàng thành Thăng Long – Wikipedia tiếng Việt,https://vi.wikipedia.org/wiki/Ng%C5%A9_H%C3%A0nh_S%C6%A1n,288,150.html
150,Hoàng thành Thăng Long – Wikipedia tiếng Việt,https://vi.wikipedia.org/wiki/Khu_di_t%C3%ADch_l%E1%BB%8Bch_s%E1%BB%AD_v%C3%A0_danh_th%E1%BA%AFng_Y%C3%AAn_T%E1%BB%AD,313,150.html
150,Hoàng thành Thăng Long – Wikipedia tiếng Việt,https://vi.wikipedia.org/wiki/Khu_di_t%C3%ADch_P%C3%A1c_B%C3%B3,174,150.html
150,Hoàng thành Thăng Long – Wikipedia tiếng Việt,https://vi.wikipedia.org/wiki/V%C6%B0%E1%BB%9Dn_qu%E1%BB%91c_gia_C%C3%A1t_Ti%C3%AAn,250,150.html
150,Hoàng thành Thăng Long – Wikipedia tiếng Việt,https://vi.wikipedia.org/wiki/Qu%E1%BA%A7n_th%E1%BB%83_di_t%C3%ADch_C%E1%BB%91_%C4%91%C3%B4_Hu%E1%BA%BF,128,150.html
150,Hoàng thành Thăng Long – Wikipedia tiếng Việt,https://vi.wikipedia.org/wiki/Th%C3%A1p_Po_Klong_Garai,299,150.html
150,Hoàng thành Thăng Long – Wikipedia tiếng Việt,https://vi.wikipedia.org/wiki/%C4%90%E1%BB%8Ba_%C4%91%E1%BA%A1o_C%E1%BB%A7_Chi,297,150.html
150,Hoàng thành Thăng Long – Wikipedia tiếng Việt,https://vi.wikipedia.org/wiki/Th%C3%A0nh_nh%C3%A0_H%E1%BB%93,310,150.html
150,Hoàng thành Thăng Long – Wikipedia tiếng Việt,https://vi.wikipedia.org/wiki/Ph%E1%BB%91_c%E1%BB%95_H%E1%BB%99i_An,129,150.html
150,Hoàng thành Thăng Long – Wikipedia tiếng Việt,"https://vi.wikipedia.org/wiki/Qu%E1%BA%A7n_th%E1%BB%83_di_t%C3%ADch_v%C3%A0_danh_th%E1%BA%AFng_Y%C3%AAn_T%E1%BB%AD_%E2%80%93_V%C4%A9nh_Nghi%C3%AAm_%E2%80%93_C%C3%B4n_S%C6%A1n,_Ki%E1%BA%BFp_B%E1%BA%A1c",312,150.html
150,Hoàng thành Thăng Long – Wikipedia tiếng Việt,https://vi.wikipedia.org/wiki/G%C3%A0nh_%C4%90%C3%A1_%C4%90%C4%A9a,291,150.html
150,Hoàng thành Thăng Long – Wikipedia tiếng Việt,https://vi.wikipedia.org/wiki/Qu%E1%BA%A7n_th%E1%BB%83_danh_th%E1%BA%AFng_Tr%C3%A0ng_An,134,150.html
150,Hoàng thành Thăng Long – Wikipedia tiếng Việt,https://vi.wikipedia.org/wiki/Qu%E1%BA%A7n_%C4%91%E1%BA%A3o_C%C3%A1t_B%C3%A0,154,150.html
150,Hoàng thành Thăng Long – Wikipedia tiếng Việt,https://vi.wikipedia.org/wiki/Ch%C3%B9a_B%E1%BB%95_%C4%90%C3%A0,301,150.html
150,Hoàng thành Thăng Long – Wikipedia tiếng Việt,https://vi.wikipedia.org/wiki/Ru%E1%BB%99ng_b%E1%BA%ADc_thang_M%C3%B9_Cang_Ch%E1%BA%A3i,308,150.html
150,Hoàng thành Thăng Long – Wikipedia tiếng Việt,https://vi.wikipedia.org/wiki/H%E1%BB%93_Ba_B%E1%BB%83,148,150.html
150,Hoàng thành Thăng Long – Wikipedia tiếng Việt,https://vi.wikipedia.org/wiki/V%E1%BB%8Bnh_H%E1%BA%A1_Long,132,150.html
150,Hoàng thành Thăng Long – Wikipedia tiếng Việt,https://vi.wikipedia.org/wiki/Th%C3%A1nh_%C4%91%E1%BB%8Ba_M%E1%BB%B9_S%C6%A1n,136,150.html
151,Thành nhà Hồ – Wikipedia tiếng Việt,https://vi.wikipedia.org/wiki/V%C6%B0%E1%BB%9Dn_qu%E1%BB%91c_gia_Phong_Nha_%E2%80%93_K%E1%BA%BB_B%C3%A0ng,140,151.html
151,Thành nhà Hồ – Wikipedia tiếng Việt,https://vi.wikipedia.org/wiki/B%C3%A3i_bi%E1%BB%83n_S%E1%BA%A7m_S%C6%A1n,177,151.html
151,Thành nhà Hồ – Wikipedia tiếng Việt,https://vi.wikipedia.org/wiki/C%C3%B4n_%C4%90%E1%BA%A3o,241,151.html
151,Thành nhà Hồ – Wikipedia tiếng Việt,https://vi.wikipedia.org/wiki/Ng%C5%A9_H%C3%A0nh_S%C6%A1n,288,151.html
151,Thành nhà Hồ – Wikipedia tiếng Việt,https://vi.wikipedia.org/wiki/L%C3%BD_S%C6%A1n,147,151.html
151,Thành nhà Hồ – Wikipedia tiếng Việt,https://vi.wikipedia.org/wiki/Khu_du_l%E1%BB%8Bch_Tam_Ch%C3%BAc,497,151.html
151,Thành nhà Hồ – Wikipedia tiếng Việt,https://vi.wikipedia.org/wiki/C%C3%B4_T%C3%B4,153,151.html
151,Thành nhà Hồ – Wikipedia tiếng Việt,https://vi.wikipedia.org/wiki/Khu_di_t%C3%ADch_l%E1%BB%8Bch_s%E1%BB%AD_v%C3%A0_danh_th%E1%BA%AFng_Y%C3%AAn_T%E1%BB%AD,313,151.html
151,Thành nhà Hồ – Wikipedia tiếng Việt,https://vi.wikipedia.org/wiki/N%C3%BAi_B%C3%A0_%C4%90en,254,151.html
151,Thành nhà Hồ – Wikipedia tiếng Việt,https://vi.wikipedia.org/wiki/H%E1%BB%93_N%C3%BAi_C%E1%BB%91c,166,151.html
151,Thành nhà Hồ – Wikipedia tiếng Việt,https://vi.wikipedia.org/wiki/Khu_di_t%C3%ADch_P%C3%A1c_B%C3%B3,174,151.html
151,Thành nhà Hồ – Wikipedia tiếng Việt,https://vi.wikipedia.org/wiki/V%C6%B0%E1%BB%9Dn_qu%E1%BB%91c_gia_C%C3%A1t_Ti%C3%AAn,250,151.html
151,Thành nhà Hồ – Wikipedia tiếng Việt,https://vi.wikipedia.org/wiki/Qu%E1%BA%A7n_th%E1%BB%83_di_t%C3%ADch_C%E1%BB%91_%C4%91%C3%B4_Hu%E1%BA%BF,128,151.html
151,Thành nhà Hồ – Wikipedia tiếng Việt,https://vi.wikipedia.org/wiki/M%C5%A9i_N%C3%A9,141,151.html
151,Thành nhà Hồ – Wikipedia tiếng Việt,https://vi.wikipedia.org/wiki/C%C3%B9_lao_Ch%C3%A0m,230,151.html
151,Thành nhà Hồ – Wikipedia tiếng Việt,https://vi.wikipedia.org/wiki/H%E1%BB%93_Tr%E1%BB%8B_An,169,151.html
151,Thành nhà Hồ – Wikipedia tiếng Việt,https://vi.wikipedia.org/wiki/Ho%C3%A0ng_th%C3%A0nh_Th%C4%83ng_Long,150,151.html
151,Thành nhà Hồ – Wikipedia tiếng Việt,https://vi.wikipedia.org/wiki/Th%C3%A1p_Po_Klong_Garai,299,151.html
151,Thành nhà Hồ – Wikipedia tiếng Việt,https://vi.wikipedia.org/wiki/Khu_d%E1%BB%B1_tr%E1%BB%AF_sinh_quy%E1%BB%83n_r%E1%BB%ABng_ng%E1%BA%ADp_m%E1%BA%B7n_C%E1%BA%A7n_Gi%E1%BB%9D,232,151.html
151,Thành nhà Hồ – Wikipedia tiếng Việt,https://vi.wikipedia.org/wiki/S%C6%A1n_Tr%C3%A0,285,151.html
151,Thành nhà Hồ – Wikipedia tiếng Việt,https://vi.wikipedia.org/wiki/%C4%90%E1%BB%8Ba_%C4%91%E1%BA%A1o_C%E1%BB%A7_Chi,297,151.html
151,Thành nhà Hồ – Wikipedia tiếng Việt,https://vi.wikipedia.org/wiki/%C4%90%C3%A0_L%E1%BA%A1t,143,151.html
151,Thành nhà Hồ – Wikipedia tiếng Việt,https://vi.wikipedia.org/wiki/Th%C3%A0nh_nh%C3%A0_H%E1%BB%93,310,151.html
151,Thành nhà Hồ – Wikipedia tiếng Việt,https://vi.wikipedia.org/wiki/Ph%E1%BB%91_c%E1%BB%95_H%E1%BB%99i_An,129,151.html
151,Thành nhà Hồ – Wikipedia tiếng Việt,https://vi.wikipedia.org/wiki/V%C6%B0%E1%BB%9Dn_qu%E1%BB%91c_gia_C%C3%BAc_Ph%C6%B0%C6%A1ng,246,151.html
151,Thành nhà Hồ – Wikipedia tiếng Việt,https://vi.wikipedia.org/wiki/V%C6%B0%E1%BB%9Dn_qu%E1%BB%91c_gia_B%E1%BA%BFn_En,165,151.html
151,Thành nhà Hồ – Wikipedia tiếng Việt,https://vi.wikipedia.org/wiki/G%C3%A0nh_%C4%90%C3%A1_%C4%90%C4%A9a,291,151.html
151,Thành nhà Hồ – Wikipedia tiếng Việt,"https://vi.wikipedia.org/wiki/Qu%E1%BA%A7n_th%E1%BB%83_di_t%C3%ADch_v%C3%A0_danh_th%E1%BA%AFng_Y%C3%AAn_T%E1%BB%AD_%E2%80%93_V%C4%A9nh_Nghi%C3%AAm_%E2%80%93_C%C3%B4n_S%C6%A1n,_Ki%E1%BA%BFp_B%E1%BA%A1c",312,151.html
151,Thành nhà Hồ – Wikipedia tiếng Việt,https://vi.wikipedia.org/wiki/Qu%E1%BA%A7n_th%E1%BB%83_danh_th%E1%BA%AFng_Tr%C3%A0ng_An,134,151.html
151,Thành nhà Hồ – Wikipedia tiếng Việt,https://vi.wikipedia.org/wiki/Qu%E1%BA%A7n_%C4%91%E1%BA%A3o_C%C3%A1t_B%C3%A0,154,151.html
151,Thành nhà Hồ – Wikipedia tiếng Việt,https://vi.wikipedia.org/wiki/H%E1%BB%93_Tuy%E1%BB%81n_L%C3%A2m,273,151.html
151,Thành nhà Hồ – Wikipedia tiếng Việt,https://vi.wikipedia.org/wiki/Tam_%C4%90%E1%BA%A3o,149,151.html
151,Thành nhà Hồ – Wikipedia tiếng Việt,https://vi.wikipedia.org/wiki/Ch%C3%B9a_B%E1%BB%95_%C4%90%C3%A0,301,151.html
151,Thành nhà Hồ – Wikipedia tiếng Việt,https://vi.wikipedia.org/wiki/B%C3%A0_N%C3%A0,146,151.html
151,Thành nhà Hồ – Wikipedia tiếng Việt,https://vi.wikipedia.org/wiki/Ru%E1%BB%99ng_b%E1%BA%ADc_thang_M%C3%B9_Cang_Ch%E1%BA%A3i,308,151.html
151,Thành nhà Hồ – Wikipedia tiếng Việt,https://vi.wikipedia.org/wiki/V%C6%B0%E1%BB%9Dn_qu%E1%BB%91c_gia_Tr%C3%A0m_Chim,139,151.html
151,Thành nhà Hồ – Wikipedia tiếng Việt,https://vi.wikipedia.org/wiki/H%E1%BB%93_Ba_B%E1%BB%83,148,151.html
151,Thành nhà Hồ – Wikipedia tiếng Việt,https://vi.wikipedia.org/wiki/V%E1%BB%8Bnh_H%E1%BA%A1_Long,132,151.html
151,Thành nhà Hồ – Wikipedia tiếng Việt,https://vi.wikipedia.org/wiki/Th%C3%A1nh_%C4%91%E1%BB%8Ba_M%E1%BB%B9_S%C6%A1n,136,151.html
151,Thành nhà Hồ – Wikipedia tiếng Việt,https://vi.wikipedia.org/wiki/Ph%C3%BA_Qu%E1%BB%91c,239,151.html
152,Vịnh Lan Hạ – Wikipedia tiếng Việt,https://vi.wikipedia.org/wiki/V%E1%BB%8Bnh_H%E1%BA%A1_Long,132,152.html
154,Quần đảo Cát Bà – Wikipedia tiếng Việt,https://vi.wikipedia.org/wiki/V%C6%B0%E1%BB%9Dn_qu%E1%BB%91c_gia_Phong_Nha_%E2%80%93_K%E1%BA%BB_B%C3%A0ng,140,154.html
154,Quần đảo Cát Bà – Wikipedia tiếng Việt,https://vi.wikipedia.org/wiki/B%C3%A3i_bi%E1%BB%83n_S%E1%BA%A7m_S%C6%A1n,177,154.html
154,Quần đảo Cát Bà – Wikipedia tiếng Việt,https://vi.wikipedia.org/wiki/V%C6%B0%E1%BB%9Dn_qu%E1%BB%91c_gia_N%C3%BAi_Ch%C3%BAa,252,154.html
154,Quần đảo Cát Bà – Wikipedia tiếng Việt,https://vi.wikipedia.org/wiki/C%C3%B4n_%C4%90%E1%BA%A3o,241,154.html
154,Quần đảo Cát Bà – Wikipedia tiếng Việt,https://vi.wikipedia.org/wiki/Ng%C5%A9_H%C3%A0nh_S%C6%A1n,288,154.html
154,Quần đảo Cát Bà – Wikipedia tiếng Việt,https://vi.wikipedia.org/wiki/V%E1%BB%8Bnh_Lan_H%E1%BA%A1,152,154.html
154,Quần đảo Cát Bà – Wikipedia tiếng Việt,https://vi.wikipedia.org/wiki/L%C3%BD_S%C6%A1n,147,154.html
154,Quần đảo Cát Bà – Wikipedia tiếng Việt,https://vi.wikipedia.org/wiki/Khu_du_l%E1%BB%8Bch_Tam_Ch%C3%BAc,497,154.html
154,Quần đảo Cát Bà – Wikipedia tiếng Việt,https://vi.wikipedia.org/wiki/C%C3%B4_T%C3%B4,153,154.html
154,Quần đảo Cát Bà – Wikipedia tiếng Việt,https://vi.wikipedia.org/wiki/Khu_di_t%C3%ADch_l%E1%BB%8Bch_s%E1%BB%AD_v%C3%A0_danh_th%E1%BA%AFng_Y%C3%AAn_T%E1%BB%AD,313,154.html
154,Quần đảo Cát Bà – Wikipedia tiếng Việt,https://vi.wikipedia.org/wiki/N%C3%BAi_B%C3%A0_%C4%90en,254,154.html
154,Quần đảo Cát Bà – Wikipedia tiếng Việt,https://vi.wikipedia.org/wiki/H%E1%BB%93_N%C3%BAi_C%E1%BB%91c,166,154.html
154,Quần đảo Cát Bà – Wikipedia tiếng Việt,https://vi.wikipedia.org/wiki/Khu_di_t%C3%ADch_P%C3%A1c_B%C3%B3,174,154.html
154,Quần đảo Cát Bà – Wikipedia tiếng Việt,https://vi.wikipedia.org/wiki/V%C6%B0%E1%BB%9Dn_qu%E1%BB%91c_gia_C%C3%A1t_Ti%C3%AAn,250,154.html
154,Quần đảo Cát Bà – Wikipedia tiếng Việt,https://vi.wikipedia.org/wiki/Qu%E1%BA%A7n_th%E1%BB%83_di_t%C3%ADch_C%E1%BB%91_%C4%91%C3%B4_Hu%E1%BA%BF,128,154.html
154,Quần đảo Cát Bà – Wikipedia tiếng Việt,https://vi.wikipedia.org/wiki/C%C3%B9_lao_Ch%C3%A0m,230,154.html
154,Quần đảo Cát Bà – Wikipedia tiếng Việt,https://vi.wikipedia.org/wiki/M%C5%A9i_N%C3%A9,141,154.html
154,Quần đảo Cát Bà – Wikipedia tiếng Việt,https://vi.wikipedia.org/wiki/H%E1%BB%93_Tr%E1%BB%8B_An,169,154.html
154,Quần đảo Cát Bà – Wikipedia tiếng Việt,https://vi.wikipedia.org/wiki/Ho%C3%A0ng_th%C3%A0nh_Th%C4%83ng_Long,150,154.html
154,Quần đảo Cát Bà – Wikipedia tiếng Việt,https://vi.wikipedia.org/wiki/Khu_d%E1%BB%B1_tr%E1%BB%AF_sinh_quy%E1%BB%83n_r%E1%BB%ABng_ng%E1%BA%ADp_m%E1%BA%B7n_C%E1%BA%A7n_Gi%E1%BB%9D,232,154.html
154,Quần đảo Cát Bà – Wikipedia tiếng Việt,https://vi.wikipedia.org/wiki/Th%C3%A1p_Po_Klong_Garai,299,154.html
154,Quần đảo Cát Bà – Wikipedia tiếng Việt,https://vi.wikipedia.org/wiki/S%C6%A1n_Tr%C3%A0,285,154.html
154,Quần đảo Cát Bà – Wikipedia tiếng Việt,https://vi.wikipedia.org/wiki/%C4%90%E1%BB%8Ba_%C4%91%E1%BA%A1o_C%E1%BB%A7_Chi,297,154.html
154,Quần đảo Cát Bà – Wikipedia tiếng Việt,https://vi.wikipedia.org/wiki/%C4%90%C3%A0_L%E1%BA%A1t,143,154.html
154,Quần đảo Cát Bà – Wikipedia tiếng Việt,https://vi.wikipedia.org/wiki/Th%C3%A0nh_nh%C3%A0_H%E1%BB%93,310,154.html
154,Quần đảo Cát Bà – Wikipedia tiếng Việt,https://vi.wikipedia.org/wiki/Ph%E1%BB%91_c%E1%BB%95_H%E1%BB%99i_An,129,154.html
154,Quần đảo Cát Bà – Wikipedia tiếng Việt,https://vi.wikipedia.org/wiki/G%C3%A0nh_%C4%90%C3%A1_%C4%90%C4%A9a,291,154.html
154,Quần đảo Cát Bà – Wikipedia tiếng Việt,https://vi.wikipedia.org/wiki/Qu%E1%BA%A7n_th%E1%BB%83_danh_th%E1%BA%AFng_Tr%C3%A0ng_An,134,154.html
154,Quần đảo Cát Bà – Wikipedia tiếng Việt,https://vi.wikipedia.org/wiki/H%E1%BB%93_Tuy%E1%BB%81n_L%C3%A2m,273,154.html
154,Quần đảo Cát Bà – Wikipedia tiếng Việt,https://vi.wikipedia.org/wiki/Tam_%C4%90%E1%BA%A3o,149,154.html
154,Quần đảo Cát Bà – Wikipedia tiếng Việt,https://vi.wikipedia.org/wiki/Ch%C3%B9a_B%E1%BB%95_%C4%90%C3%A0,301,154.html
154,Quần đảo Cát Bà – Wikipedia tiếng Việt,https://vi.wikipedia.org/wiki/B%C3%A0_N%C3%A0,146,154.html
154,Quần đảo Cát Bà – Wikipedia tiếng Việt,https://vi.wikipedia.org/wiki/Ru%E1%BB%99ng_b%E1%BA%ADc_thang_M%C3%B9_Cang_Ch%E1%BA%A3i,308,154.html
154,Quần đảo Cát Bà – Wikipedia tiếng Việt,https://vi.wikipedia.org/wiki/V%C6%B0%E1%BB%9Dn_qu%E1%BB%91c_gia_Tr%C3%A0m_Chim,139,154.html
154,Quần đảo Cát Bà – Wikipedia tiếng Việt,https://vi.wikipedia.org/wiki/H%E1%BB%93_Ba_B%E1%BB%83,148,154.html
154,Quần đảo Cát Bà – Wikipedia tiếng Việt,https://vi.wikipedia.org/wiki/V%E1%BB%8Bnh_H%E1%BA%A1_Long,132,154.html
154,Quần đảo Cát Bà – Wikipedia tiếng Việt,https://vi.wikipedia.org/wiki/Th%C3%A1nh_%C4%91%E1%BB%8Ba_M%E1%BB%B9_S%C6%A1n,136,154.html
154,Quần đảo Cát Bà – Wikipedia tiếng Việt,https://vi.wikipedia.org/wiki/Ph%C3%BA_Qu%E1%BB%91c,239,154.html
155,Phú Quốc – Wikipedia tiếng Việt,https://vi.wikipedia.org/wiki/L%C3%BD_S%C6%A1n,147,155.html
155,Phú Quốc – Wikipedia tiếng Việt,https://vi.wikipedia.org/wiki/Ph%C3%BA_Qu%E1%BB%91c,239,155.html
155,Phú Quốc – Wikipedia tiếng Việt,https://vi.wikipedia.org/wiki/C%C3%B4n_%C4%90%E1%BA%A3o,241,155.html
157,Côn Đảo – Wikipedia tiếng Việt,https://vi.wikipedia.org/wiki/V%C6%B0%E1%BB%9Dn_qu%E1%BB%91c_gia_Phong_Nha_%E2%80%93_K%E1%BA%BB_B%C3%A0ng,140,157.html
157,Côn Đảo – Wikipedia tiếng Việt,https://vi.wikipedia.org/wiki/B%C3%A3i_bi%E1%BB%83n_S%E1%BA%A7m_S%C6%A1n,177,157.html
157,Côn Đảo – Wikipedia tiếng Việt,https://vi.wikipedia.org/wiki/C%C3%B4n_%C4%90%E1%BA%A3o,241,157.html
157,Côn Đảo – Wikipedia tiếng Việt,https://vi.wikipedia.org/wiki/L%C3%BD_S%C6%A1n,147,157.html
157,Côn Đảo – Wikipedia tiếng Việt,https://vi.wikipedia.org/wiki/Khu_du_l%E1%BB%8Bch_Tam_Ch%C3%BAc,497,157.html
157,Côn Đảo – Wikipedia tiếng Việt,https://vi.wikipedia.org/wiki/C%C3%B4_T%C3%B4,153,157.html
157,Côn Đảo – Wikipedia tiếng Việt,https://vi.wikipedia.org/wiki/N%C3%BAi_B%C3%A0_%C4%90en,254,157.html
157,Côn Đảo – Wikipedia tiếng Việt,https://vi.wikipedia.org/wiki/H%E1%BB%93_N%C3%BAi_C%E1%BB%91c,166,157.html
157,Côn Đảo – Wikipedia tiếng Việt,https://vi.wikipedia.org/wiki/Qu%E1%BA%A7n_th%E1%BB%83_di_t%C3%ADch_C%E1%BB%91_%C4%91%C3%B4_Hu%E1%BA%BF,128,157.html
157,Côn Đảo – Wikipedia tiếng Việt,https://vi.wikipedia.org/wiki/M%C5%A9i_N%C3%A9,141,157.html
157,Côn Đảo – Wikipedia tiếng Việt,https://vi.wikipedia.org/wiki/C%C3%B9_lao_Ch%C3%A0m,230,157.html
157,Côn Đảo – Wikipedia tiếng Việt,https://vi.wikipedia.org/wiki/H%E1%BB%93_Tr%E1%BB%8B_An,169,157.html
157,Côn Đảo – Wikipedia tiếng Việt,https://vi.wikipedia.org/wiki/Ho%C3%A0ng_th%C3%A0nh_Th%C4%83ng_Long,150,157.html
157,Côn Đảo – Wikipedia tiếng Việt,https://vi.wikipedia.org/wiki/Khu_d%E1%BB%B1_tr%E1%BB%AF_sinh_quy%E1%BB%83n_r%E1%BB%ABng_ng%E1%BA%ADp_m%E1%BA%B7n_C%E1%BA%A7n_Gi%E1%BB%9D,232,157.html
157,Côn Đảo – Wikipedia tiếng Việt,https://vi.wikipedia.org/wiki/S%C6%A1n_Tr%C3%A0,285,157.html
157,Côn Đảo – Wikipedia tiếng Việt,https://vi.wikipedia.org/wiki/%C4%90%C3%A0_L%E1%BA%A1t,143,157.html
157,Côn Đảo – Wikipedia tiếng Việt,https://vi.wikipedia.org/wiki/Th%C3%A0nh_nh%C3%A0_H%E1%BB%93,310,157.html
157,Côn Đảo – Wikipedia tiếng Việt,https://vi.wikipedia.org/wiki/Ph%E1%BB%91_c%E1%BB%95_H%E1%BB%99i_An,129,157.html
157,Côn Đảo – Wikipedia tiếng Việt,https://vi.wikipedia.org/wiki/Qu%E1%BA%A7n_th%E1%BB%83_danh_th%E1%BA%AFng_Tr%C3%A0ng_An,134,157.html
157,Côn Đảo – Wikipedia tiếng Việt,https://vi.wikipedia.org/wiki/Qu%E1%BA%A7n_%C4%91%E1%BA%A3o_C%C3%A1t_B%C3%A0,154,157.html
157,Côn Đảo – Wikipedia tiếng Việt,https://vi.wikipedia.org/wiki/H%E1%BB%93_Tuy%E1%BB%81n_L%C3%A2m,273,157.html
157,Côn Đảo – Wikipedia tiếng Việt,https://vi.wikipedia.org/wiki/Tam_%C4%90%E1%BA%A3o,149,157.html
157,Côn Đảo – Wikipedia tiếng Việt,https://vi.wikipedia.org/wiki/B%C3%A0_N%C3%A0,146,157.html
157,Côn Đảo – Wikipedia tiếng Việt,https://vi.wikipedia.org/wiki/V%C6%B0%E1%BB%9Dn_qu%E1%BB%91c_gia_Tr%C3%A0m_Chim,139,157.html
157,Côn Đảo – Wikipedia tiếng Việt,https://vi.wikipedia.org/wiki/V%E1%BB%8Bnh_H%E1%BA%A1_Long,132,157.html
157,Côn Đảo – Wikipedia tiếng Việt,https://vi.wikipedia.org/wiki/H%E1%BB%93_Ba_B%E1%BB%83,148,157.html
157,Côn Đảo – Wikipedia tiếng Việt,https://vi.wikipedia.org/wiki/Th%C3%A1nh_%C4%91%E1%BB%8Ba_M%E1%BB%B9_S%C6%A1n,136,157.html
157,Côn Đảo – Wikipedia tiếng Việt,https://vi.wikipedia.org/wiki/Ph%C3%BA_Qu%E1%BB%91c,239,157.html
158,Hang Sơn Đoòng – Wikipedia tiếng Việt,https://vi.wikipedia.org/wiki/Hang_S%C6%A1n_%C4%90o%C3%B2ng,243,158.html
158,Hang Sơn Đoòng – Wikipedia tiếng Việt,https://vi.wikipedia.org/wiki/V%C6%B0%E1%BB%9Dn_qu%E1%BB%91c_gia_Phong_Nha_%E2%80%93_K%E1%BA%BB_B%C3%A0ng,140,158.html
158,Hang Sơn Đoòng – Wikipedia tiếng Việt,https://vi.wikipedia.org/wiki/Hang_%C3%89n,265,158.html
158,Hang Sơn Đoòng – Wikipedia tiếng Việt,https://vi.wikipedia.org/wiki/Ng%C5%A9_H%C3%A0nh_S%C6%A1n,288,158.html
158,Hang Sơn Đoòng – Wikipedia tiếng Việt,https://vi.wikipedia.org/wiki/%C4%90%E1%BB%99ng_Phong_Nha,192,158.html
158,Hang Sơn Đoòng – Wikipedia tiếng Việt,https://vi.wikipedia.org/wiki/%C4%90%E1%BB%99ng_Thi%C3%AAn_%C4%90%C6%B0%E1%BB%9Dng,267,158.html
16,"Cẩm nang du lịch Buôn Ma Thuột 2024 từ A-Z: đi lại, ăn chơi, lưu trú... mới nhất",https://vnexpress.net/cam-nang-du-lich-dak-lak-4453797.html,39,16.html
160,Vườn quốc gia Cúc Phương – Wikipedia tiếng Việt,https://vi.wikipedia.org/wiki/V%C6%B0%E1%BB%9Dn_qu%E1%BB%91c_gia_Phong_Nha_%E2%80%93_K%E1%BA%BB_B%C3%A0ng,140,160.html
160,Vườn quốc gia Cúc Phương – Wikipedia tiếng Việt,https://vi.wikipedia.org/wiki/B%C3%A3i_bi%E1%BB%83n_S%E1%BA%A7m_S%C6%A1n,177,160.html
160,Vườn quốc gia Cúc Phương – Wikipedia tiếng Việt,https://vi.wikipedia.org/wiki/V%C6%B0%E1%BB%9Dn_qu%E1%BB%91c_gia_Ba_B%E1%BB%83,164,160.html
160,Vườn quốc gia Cúc Phương – Wikipedia tiếng Việt,https://vi.wikipedia.org/wiki/V%C6%B0%E1%BB%9Dn_qu%E1%BB%91c_gia_N%C3%BAi_Ch%C3%BAa,252,160.html
160,Vườn quốc gia Cúc Phương – Wikipedia tiếng Việt,https://vi.wikipedia.org/wiki/Fansipan,138,160.html
160,Vườn quốc gia Cúc Phương – Wikipedia tiếng Việt,https://vi.wikipedia.org/wiki/H%E1%BB%93_N%C3%BAi_C%E1%BB%91c,166,160.html
160,Vườn quốc gia Cúc Phương – Wikipedia tiếng Việt,https://vi.wikipedia.org/wiki/V%C6%B0%E1%BB%9Dn_qu%E1%BB%91c_gia_C%C3%A1t_Ti%C3%AAn,250,160.html
160,Vườn quốc gia Cúc Phương – Wikipedia tiếng Việt,https://vi.wikipedia.org/wiki/V%C6%B0%E1%BB%9Dn_qu%E1%BB%91c_gia_Xu%C3%A2n_Th%E1%BB%A7y,235,160.html
160,Vườn quốc gia Cúc Phương – Wikipedia tiếng Việt,https://vi.wikipedia.org/wiki/M%C5%A9i_N%C3%A9,141,160.html
160,Vườn quốc gia Cúc Phương – Wikipedia tiếng Việt,https://vi.wikipedia.org/wiki/C%C3%B9_lao_Ch%C3%A0m,230,160.html
160,Vườn quốc gia Cúc Phương – Wikipedia tiếng Việt,https://vi.wikipedia.org/wiki/Qu%E1%BA%A7n_th%E1%BB%83_di_t%C3%ADch_C%E1%BB%91_%C4%91%C3%B4_Hu%E1%BA%BF,128,160.html
160,Vườn quốc gia Cúc Phương – Wikipedia tiếng Việt,https://vi.wikipedia.org/wiki/V%C6%B0%E1%BB%9Dn_qu%E1%BB%91c_gia_B%E1%BA%A1ch_M%C3%A3,248,160.html
160,Vườn quốc gia Cúc Phương – Wikipedia tiếng Việt,https://vi.wikipedia.org/wiki/Ho%C3%A0ng_th%C3%A0nh_Th%C4%83ng_Long,150,160.html
160,Vườn quốc gia Cúc Phương – Wikipedia tiếng Việt,https://vi.wikipedia.org/wiki/Khu_d%E1%BB%B1_tr%E1%BB%AF_sinh_quy%E1%BB%83n_r%E1%BB%ABng_ng%E1%BA%ADp_m%E1%BA%B7n_C%E1%BA%A7n_Gi%E1%BB%9D,232,160.html
160,Vườn quốc gia Cúc Phương – Wikipedia tiếng Việt,https://vi.wikipedia.org/wiki/Th%C3%A0nh_nh%C3%A0_H%E1%BB%93,310,160.html
160,Vườn quốc gia Cúc Phương – Wikipedia tiếng Việt,https://vi.wikipedia.org/wiki/Ph%E1%BB%91_c%E1%BB%95_H%E1%BB%99i_An,129,160.html
160,Vườn quốc gia Cúc Phương – Wikipedia tiếng Việt,https://vi.wikipedia.org/wiki/V%C6%B0%E1%BB%9Dn_qu%E1%BB%91c_gia_C%C3%BAc_Ph%C6%B0%C6%A1ng,246,160.html
160,Vườn quốc gia Cúc Phương – Wikipedia tiếng Việt,https://vi.wikipedia.org/wiki/V%C6%B0%E1%BB%9Dn_qu%E1%BB%91c_gia_B%E1%BA%BFn_En,165,160.html
160,Vườn quốc gia Cúc Phương – Wikipedia tiếng Việt,https://vi.wikipedia.org/wiki/H%E1%BB%93_Y%C3%AAn_Th%E1%BA%AFng,167,160.html
160,Vườn quốc gia Cúc Phương – Wikipedia tiếng Việt,https://vi.wikipedia.org/wiki/Qu%E1%BA%A7n_th%E1%BB%83_danh_th%E1%BA%AFng_Tr%C3%A0ng_An,134,160.html
160,Vườn quốc gia Cúc Phương – Wikipedia tiếng Việt,https://vi.wikipedia.org/wiki/Qu%E1%BA%A7n_%C4%91%E1%BA%A3o_C%C3%A1t_B%C3%A0,154,160.html
160,Vườn quốc gia Cúc Phương – Wikipedia tiếng Việt,https://vi.wikipedia.org/wiki/V%C6%B0%E1%BB%9Dn_qu%E1%BB%91c_gia_Tr%C3%A0m_Chim,139,160.html
160,Vườn quốc gia Cúc Phương – Wikipedia tiếng Việt,https://vi.wikipedia.org/wiki/V%E1%BB%8Bnh_H%E1%BA%A1_Long,132,160.html
160,Vườn quốc gia Cúc Phương – Wikipedia tiếng Việt,https://vi.wikipedia.org/wiki/H%E1%BB%93_Ba_B%E1%BB%83,148,160.html
160,Vườn quốc gia Cúc Phương – Wikipedia tiếng Việt,https://vi.wikipedia.org/wiki/Th%C3%A1nh_%C4%91%E1%BB%8Ba_M%E1%BB%B9_S%C6%A1n,136,160.html
160,Vườn quốc gia Cúc Phương – Wikipedia tiếng Việt,https://vi.wikipedia.org/wiki/Ph%C3%BA_Qu%E1%BB%91c,239,160.html
162,Vườn quốc gia Cát Tiên – Wikipedia tiếng Việt,https://vi.wikipedia.org/wiki/V%C6%B0%E1%BB%9Dn_qu%E1%BB%91c_gia_Phong_Nha_%E2%80%93_K%E1%BA%BB_B%C3%A0ng,140,162.html
162,Vườn quốc gia Cát Tiên – Wikipedia tiếng Việt,https://vi.wikipedia.org/wiki/B%C3%A3i_bi%E1%BB%83n_S%E1%BA%A7m_S%C6%A1n,177,162.html
162,Vườn quốc gia Cát Tiên – Wikipedia tiếng Việt,https://vi.wikipedia.org/wiki/V%C6%B0%E1%BB%9Dn_qu%E1%BB%91c_gia_N%C3%BAi_Ch%C3%BAa,252,162.html
162,Vườn quốc gia Cát Tiên – Wikipedia tiếng Việt,https://vi.wikipedia.org/wiki/V%C6%B0%E1%BB%9Dn_qu%E1%BB%91c_gia_Ba_B%E1%BB%83,164,162.html
162,Vườn quốc gia Cát Tiên – Wikipedia tiếng Việt,https://vi.wikipedia.org/wiki/C%C3%B4n_%C4%90%E1%BA%A3o,241,162.html
162,Vườn quốc gia Cát Tiên – Wikipedia tiếng Việt,https://vi.wikipedia.org/wiki/Ng%C5%A9_H%C3%A0nh_S%C6%A1n,288,162.html
162,Vườn quốc gia Cát Tiên – Wikipedia tiếng Việt,https://vi.wikipedia.org/wiki/L%C3%BD_S%C6%A1n,147,162.html
162,Vườn quốc gia Cát Tiên – Wikipedia tiếng Việt,https://vi.wikipedia.org/wiki/Khu_du_l%E1%BB%8Bch_Tam_Ch%C3%BAc,497,162.html
162,Vườn quốc gia Cát Tiên – Wikipedia tiếng Việt,https://vi.wikipedia.org/wiki/C%C3%B4_T%C3%B4,153,162.html
162,Vườn quốc gia Cát Tiên – Wikipedia tiếng Việt,https://vi.wikipedia.org/wiki/Khu_di_t%C3%ADch_l%E1%BB%8Bch_s%E1%BB%AD_v%C3%A0_danh_th%E1%BA%AFng_Y%C3%AAn_T%E1%BB%AD,313,162.html
162,Vườn quốc gia Cát Tiên – Wikipedia tiếng Việt,https://vi.wikipedia.org/wiki/N%C3%BAi_B%C3%A0_%C4%90en,254,162.html
162,Vườn quốc gia Cát Tiên – Wikipedia tiếng Việt,https://vi.wikipedia.org/wiki/H%E1%BB%93_N%C3%BAi_C%E1%BB%91c,166,162.html
162,Vườn quốc gia Cát Tiên – Wikipedia tiếng Việt,https://vi.wikipedia.org/wiki/Khu_di_t%C3%ADch_P%C3%A1c_B%C3%B3,174,162.html
162,Vườn quốc gia Cát Tiên – Wikipedia tiếng Việt,https://vi.wikipedia.org/wiki/V%C6%B0%E1%BB%9Dn_qu%E1%BB%91c_gia_C%C3%A1t_Ti%C3%AAn,250,162.html
162,Vườn quốc gia Cát Tiên – Wikipedia tiếng Việt,https://vi.wikipedia.org/wiki/V%C6%B0%E1%BB%9Dn_qu%E1%BB%91c_gia_Xu%C3%A2n_Th%E1%BB%A7y,235,162.html
162,Vườn quốc gia Cát Tiên – Wikipedia tiếng Việt,https://vi.wikipedia.org/wiki/Qu%E1%BA%A7n_th%E1%BB%83_di_t%C3%ADch_C%E1%BB%91_%C4%91%C3%B4_Hu%E1%BA%BF,128,162.html
162,Vườn quốc gia Cát Tiên – Wikipedia tiếng Việt,https://vi.wikipedia.org/wiki/C%C3%B9_lao_Ch%C3%A0m,230,162.html
162,Vườn quốc gia Cát Tiên – Wikipedia tiếng Việt,https://vi.wikipedia.org/wiki/M%C5%A9i_N%C3%A9,141,162.html
162,Vườn quốc gia Cát Tiên – Wikipedia tiếng Việt,https://vi.wikipedia.org/wiki/V%C6%B0%E1%BB%9Dn_qu%E1%BB%91c_gia_B%E1%BA%A1ch_M%C3%A3,248,162.html
162,Vườn quốc gia Cát Tiên – Wikipedia tiếng Việt,https://vi.wikipedia.org/wiki/H%E1%BB%93_Tr%E1%BB%8B_An,169,162.html
162,Vườn quốc gia Cát Tiên – Wikipedia tiếng Việt,https://vi.wikipedia.org/wiki/Ho%C3%A0ng_th%C3%A0nh_Th%C4%83ng_Long,150,162.html
162,Vườn quốc gia Cát Tiên – Wikipedia tiếng Việt,https://vi.wikipedia.org/wiki/Th%C3%A1p_Po_Klong_Garai,299,162.html
162,Vườn quốc gia Cát Tiên – Wikipedia tiếng Việt,https://vi.wikipedia.org/wiki/Khu_d%E1%BB%B1_tr%E1%BB%AF_sinh_quy%E1%BB%83n_r%E1%BB%ABng_ng%E1%BA%ADp_m%E1%BA%B7n_C%E1%BA%A7n_Gi%E1%BB%9D,232,162.html
162,Vườn quốc gia Cát Tiên – Wikipedia tiếng Việt,https://vi.wikipedia.org/wiki/S%C6%A1n_Tr%C3%A0,285,162.html
162,Vườn quốc gia Cát Tiên – Wikipedia tiếng Việt,https://vi.wikipedia.org/wiki/%C4%90%E1%BB%8Ba_%C4%91%E1%BA%A1o_C%E1%BB%A7_Chi,297,162.html
162,Vườn quốc gia Cát Tiên – Wikipedia tiếng Việt,https://vi.wikipedia.org/wiki/%C4%90%C3%A0_L%E1%BA%A1t,143,162.html
162,Vườn quốc gia Cát Tiên – Wikipedia tiếng Việt,https://vi.wikipedia.org/wiki/Th%C3%A0nh_nh%C3%A0_H%E1%BB%93,310,162.html
162,Vườn quốc gia Cát Tiên – Wikipedia tiếng Việt,https://vi.wikipedia.org/wiki/Ph%E1%BB%91_c%E1%BB%95_H%E1%BB%99i_An,129,162.html
162,Vườn quốc gia Cát Tiên – Wikipedia tiếng Việt,https://vi.wikipedia.org/wiki/V%C6%B0%E1%BB%9Dn_qu%E1%BB%91c_gia_C%C3%BAc_Ph%C6%B0%C6%A1ng,246,162.html
162,Vườn quốc gia Cát Tiên – Wikipedia tiếng Việt,https://vi.wikipedia.org/wiki/V%C6%B0%E1%BB%9Dn_qu%E1%BB%91c_gia_B%E1%BA%BFn_En,165,162.html
162,Vườn quốc gia Cát Tiên – Wikipedia tiếng Việt,https://vi.wikipedia.org/wiki/G%C3%A0nh_%C4%90%C3%A1_%C4%90%C4%A9a,291,162.html
162,Vườn quốc gia Cát Tiên – Wikipedia tiếng Việt,https://vi.wikipedia.org/wiki/Qu%E1%BA%A7n_th%E1%BB%83_danh_th%E1%BA%AFng_Tr%C3%A0ng_An,134,162.html
162,Vườn quốc gia Cát Tiên – Wikipedia tiếng Việt,https://vi.wikipedia.org/wiki/Qu%E1%BA%A7n_%C4%91%E1%BA%A3o_C%C3%A1t_B%C3%A0,154,162.html
162,Vườn quốc gia Cát Tiên – Wikipedia tiếng Việt,https://vi.wikipedia.org/wiki/H%E1%BB%93_Tuy%E1%BB%81n_L%C3%A2m,273,162.html
162,Vườn quốc gia Cát Tiên – Wikipedia tiếng Việt,https://vi.wikipedia.org/wiki/Tam_%C4%90%E1%BA%A3o,149,162.html
162,Vườn quốc gia Cát Tiên – Wikipedia tiếng Việt,https://vi.wikipedia.org/wiki/Ch%C3%B9a_B%E1%BB%95_%C4%90%C3%A0,301,162.html
162,Vườn quốc gia Cát Tiên – Wikipedia tiếng Việt,https://vi.wikipedia.org/wiki/B%C3%A0_N%C3%A0,146,162.html
162,Vườn quốc gia Cát Tiên – Wikipedia tiếng Việt,https://vi.wikipedia.org/wiki/Ru%E1%BB%99ng_b%E1%BA%ADc_thang_M%C3%B9_Cang_Ch%E1%BA%A3i,308,162.html
162,Vườn quốc gia Cát Tiên – Wikipedia tiếng Việt,https://vi.wikipedia.org/wiki/V%C6%B0%E1%BB%9Dn_qu%E1%BB%91c_gia_Tr%C3%A0m_Chim,139,162.html
162,Vườn quốc gia Cát Tiên – Wikipedia tiếng Việt,https://vi.wikipedia.org/wiki/H%E1%BB%93_Ba_B%E1%BB%83,148,162.html
162,Vườn quốc gia Cát Tiên – Wikipedia tiếng Việt,https://vi.wikipedia.org/wiki/V%E1%BB%8Bnh_H%E1%BA%A1_Long,132,162.html
162,Vườn quốc gia Cát Tiên – Wikipedia tiếng Việt,https://vi.wikipedia.org/wiki/Th%C3%A1nh_%C4%91%E1%BB%8Ba_M%E1%BB%B9_S%C6%A1n,136,162.html
162,Vườn quốc gia Cát Tiên – Wikipedia tiếng Việt,https://vi.wikipedia.org/wiki/Ph%C3%BA_Qu%E1%BB%91c,239,162.html
163,Vườn quốc gia Núi Chúa – Wikipedia tiếng Việt,https://vi.wikipedia.org/wiki/V%C6%B0%E1%BB%9Dn_qu%E1%BB%91c_gia_Xu%C3%A2n_Th%E1%BB%A7y,235,163.html
163,Vườn quốc gia Núi Chúa – Wikipedia tiếng Việt,https://vi.wikipedia.org/wiki/V%C6%B0%E1%BB%9Dn_qu%E1%BB%91c_gia_B%E1%BA%BFn_En,165,163.html
163,Vườn quốc gia Núi Chúa – Wikipedia tiếng Việt,https://vi.wikipedia.org/wiki/C%C3%B9_lao_Ch%C3%A0m,230,163.html
163,Vườn quốc gia Núi Chúa – Wikipedia tiếng Việt,https://vi.wikipedia.org/wiki/V%C6%B0%E1%BB%9Dn_qu%E1%BB%91c_gia_B%E1%BA%A1ch_M%C3%A3,248,163.html
163,Vườn quốc gia Núi Chúa – Wikipedia tiếng Việt,https://vi.wikipedia.org/wiki/V%C6%B0%E1%BB%9Dn_qu%E1%BB%91c_gia_Phong_Nha_%E2%80%93_K%E1%BA%BB_B%C3%A0ng,140,163.html
163,Vườn quốc gia Núi Chúa – Wikipedia tiếng Việt,https://vi.wikipedia.org/wiki/V%C6%B0%E1%BB%9Dn_qu%E1%BB%91c_gia_N%C3%BAi_Ch%C3%BAa,252,163.html
163,Vườn quốc gia Núi Chúa – Wikipedia tiếng Việt,https://vi.wikipedia.org/wiki/V%C6%B0%E1%BB%9Dn_qu%E1%BB%91c_gia_Ba_B%E1%BB%83,164,163.html
163,Vườn quốc gia Núi Chúa – Wikipedia tiếng Việt,https://vi.wikipedia.org/wiki/Khu_d%E1%BB%B1_tr%E1%BB%AF_sinh_quy%E1%BB%83n_r%E1%BB%ABng_ng%E1%BA%ADp_m%E1%BA%B7n_C%E1%BA%A7n_Gi%E1%BB%9D,232,163.html
163,Vườn quốc gia Núi Chúa – Wikipedia tiếng Việt,https://vi.wikipedia.org/wiki/V%C6%B0%E1%BB%9Dn_qu%E1%BB%91c_gia_Tr%C3%A0m_Chim,139,163.html
163,Vườn quốc gia Núi Chúa – Wikipedia tiếng Việt,https://vi.wikipedia.org/wiki/V%C6%B0%E1%BB%9Dn_qu%E1%BB%91c_gia_C%C3%A1t_Ti%C3%AAn,250,163.html
163,Vườn quốc gia Núi Chúa – Wikipedia tiếng Việt,https://vi.wikipedia.org/wiki/V%C6%B0%E1%BB%9Dn_qu%E1%BB%91c_gia_C%C3%BAc_Ph%C6%B0%C6%A1ng,246,163.html
164,Vườn quốc gia Ba Bể – Wikipedia tiếng Việt,https://vi.wikipedia.org/wiki/V%C6%B0%E1%BB%9Dn_qu%E1%BB%91c_gia_Xu%C3%A2n_Th%E1%BB%A7y,235,164.html
164,Vườn quốc gia Ba Bể – Wikipedia tiếng Việt,https://vi.wikipedia.org/wiki/V%C6%B0%E1%BB%9Dn_qu%E1%BB%91c_gia_B%E1%BA%BFn_En,165,164.html
164,Vườn quốc gia Ba Bể – Wikipedia tiếng Việt,https://vi.wikipedia.org/wiki/V%C6%B0%E1%BB%9Dn_qu%E1%BB%91c_gia_B%E1%BA%A1ch_M%C3%A3,248,164.html
164,Vườn quốc gia Ba Bể – Wikipedia tiếng Việt,https://vi.wikipedia.org/wiki/V%C6%B0%E1%BB%9Dn_qu%E1%BB%91c_gia_Phong_Nha_%E2%80%93_K%E1%BA%BB_B%C3%A0ng,140,164.html
164,Vườn quốc gia Ba Bể – Wikipedia tiếng Việt,https://vi.wikipedia.org/wiki/V%C6%B0%E1%BB%9Dn_qu%E1%BB%91c_gia_N%C3%BAi_Ch%C3%BAa,252,164.html
164,Vườn quốc gia Ba Bể – Wikipedia tiếng Việt,https://vi.wikipedia.org/wiki/V%C6%B0%E1%BB%9Dn_qu%E1%BB%91c_gia_Tr%C3%A0m_Chim,139,164.html
164,Vườn quốc gia Ba Bể – Wikipedia tiếng Việt,https://vi.wikipedia.org/wiki/H%E1%BB%93_Ba_B%E1%BB%83,148,164.html
164,Vườn quốc gia Ba Bể – Wikipedia tiếng Việt,https://vi.wikipedia.org/wiki/V%C6%B0%E1%BB%9Dn_qu%E1%BB%91c_gia_C%C3%A1t_Ti%C3%AAn,250,164.html
164,Vườn quốc gia Ba Bể – Wikipedia tiếng Việt,https://vi.wikipedia.org/wiki/V%C6%B0%E1%BB%9Dn_qu%E1%BB%91c_gia_C%C3%BAc_Ph%C6%B0%C6%A1ng,246,164.html
165,Vườn quốc gia Bến En – Wikipedia tiếng Việt,https://vi.wikipedia.org/wiki/V%C6%B0%E1%BB%9Dn_qu%E1%BB%91c_gia_Xu%C3%A2n_Th%E1%BB%A7y,235,165.html
165,Vườn quốc gia Bến En – Wikipedia tiếng Việt,https://vi.wikipedia.org/wiki/V%C6%B0%E1%BB%9Dn_qu%E1%BB%91c_gia_B%E1%BA%A1ch_M%C3%A3,248,165.html
165,Vườn quốc gia Bến En – Wikipedia tiếng Việt,https://vi.wikipedia.org/wiki/V%C6%B0%E1%BB%9Dn_qu%E1%BB%91c_gia_Phong_Nha_%E2%80%93_K%E1%BA%BB_B%C3%A0ng,140,165.html
165,Vườn quốc gia Bến En – Wikipedia tiếng Việt,https://vi.wikipedia.org/wiki/B%C3%A3i_bi%E1%BB%83n_S%E1%BA%A7m_S%C6%A1n,177,165.html
165,Vườn quốc gia Bến En – Wikipedia tiếng Việt,https://vi.wikipedia.org/wiki/V%C6%B0%E1%BB%9Dn_qu%E1%BB%91c_gia_Ba_B%E1%BB%83,164,165.html
165,Vườn quốc gia Bến En – Wikipedia tiếng Việt,https://vi.wikipedia.org/wiki/V%C6%B0%E1%BB%9Dn_qu%E1%BB%91c_gia_N%C3%BAi_Ch%C3%BAa,252,165.html
165,Vườn quốc gia Bến En – Wikipedia tiếng Việt,https://vi.wikipedia.org/wiki/V%C6%B0%E1%BB%9Dn_qu%E1%BB%91c_gia_Tr%C3%A0m_Chim,139,165.html
165,Vườn quốc gia Bến En – Wikipedia tiếng Việt,https://vi.wikipedia.org/wiki/Th%C3%A0nh_nh%C3%A0_H%E1%BB%93,310,165.html
165,Vườn quốc gia Bến En – Wikipedia tiếng Việt,https://vi.wikipedia.org/wiki/V%C6%B0%E1%BB%9Dn_qu%E1%BB%91c_gia_C%C3%A1t_Ti%C3%AAn,250,165.html
165,Vườn quốc gia Bến En – Wikipedia tiếng Việt,https://vi.wikipedia.org/wiki/V%C6%B0%E1%BB%9Dn_qu%E1%BB%91c_gia_C%C3%BAc_Ph%C6%B0%C6%A1ng,246,165.html
166,Hồ Núi Cốc – Wikipedia tiếng Việt,https://vi.wikipedia.org/wiki/V%C6%B0%E1%BB%9Dn_qu%E1%BB%91c_gia_Phong_Nha_%E2%80%93_K%E1%BA%BB_B%C3%A0ng,140,166.html
166,Hồ Núi Cốc – Wikipedia tiếng Việt,https://vi.wikipedia.org/wiki/B%C3%A3i_bi%E1%BB%83n_S%E1%BA%A7m_S%C6%A1n,177,166.html
166,Hồ Núi Cốc – Wikipedia tiếng Việt,https://vi.wikipedia.org/wiki/C%C3%B4n_%C4%90%E1%BA%A3o,241,166.html
166,Hồ Núi Cốc – Wikipedia tiếng Việt,https://vi.wikipedia.org/wiki/L%C3%BD_S%C6%A1n,147,166.html
166,Hồ Núi Cốc – Wikipedia tiếng Việt,https://vi.wikipedia.org/wiki/Khu_du_l%E1%BB%8Bch_Tam_Ch%C3%BAc,497,166.html
166,Hồ Núi Cốc – Wikipedia tiếng Việt,https://vi.wikipedia.org/wiki/C%C3%B4_T%C3%B4,153,166.html
166,Hồ Núi Cốc – Wikipedia tiếng Việt,https://vi.wikipedia.org/wiki/N%C3%BAi_B%C3%A0_%C4%90en,254,166.html
166,Hồ Núi Cốc – Wikipedia tiếng Việt,https://vi.wikipedia.org/wiki/Qu%E1%BA%A7n_th%E1%BB%83_di_t%C3%ADch_C%E1%BB%91_%C4%91%C3%B4_Hu%E1%BA%BF,128,166.html
166,Hồ Núi Cốc – Wikipedia tiếng Việt,https://vi.wikipedia.org/wiki/M%C5%A9i_N%C3%A9,141,166.html
166,Hồ Núi Cốc – Wikipedia tiếng Việt,https://vi.wikipedia.org/wiki/C%C3%B9_lao_Ch%C3%A0m,230,166.html
166,Hồ Núi Cốc – Wikipedia tiếng Việt,https://vi.wikipedia.org/wiki/H%E1%BB%93_Tr%E1%BB%8B_An,169,166.html
166,Hồ Núi Cốc – Wikipedia tiếng Việt,https://vi.wikipedia.org/wiki/Ho%C3%A0ng_th%C3%A0nh_Th%C4%83ng_Long,150,166.html
166,Hồ Núi Cốc – Wikipedia tiếng Việt,https://vi.wikipedia.org/wiki/Khu_d%E1%BB%B1_tr%E1%BB%AF_sinh_quy%E1%BB%83n_r%E1%BB%ABng_ng%E1%BA%ADp_m%E1%BA%B7n_C%E1%BA%A7n_Gi%E1%BB%9D,232,166.html
166,Hồ Núi Cốc – Wikipedia tiếng Việt,https://vi.wikipedia.org/wiki/S%C6%A1n_Tr%C3%A0,285,166.html
166,Hồ Núi Cốc – Wikipedia tiếng Việt,https://vi.wikipedia.org/wiki/%C4%90%C3%A0_L%E1%BA%A1t,143,166.html
166,Hồ Núi Cốc – Wikipedia tiếng Việt,https://vi.wikipedia.org/wiki/Th%C3%A0nh_nh%C3%A0_H%E1%BB%93,310,166.html
166,Hồ Núi Cốc – Wikipedia tiếng Việt,https://vi.wikipedia.org/wiki/Ph%E1%BB%91_c%E1%BB%95_H%E1%BB%99i_An,129,166.html
166,Hồ Núi Cốc – Wikipedia tiếng Việt,https://vi.wikipedia.org/wiki/Qu%E1%BA%A7n_th%E1%BB%83_danh_th%E1%BA%AFng_Tr%C3%A0ng_An,134,166.html
166,Hồ Núi Cốc – Wikipedia tiếng Việt,https://vi.wikipedia.org/wiki/Qu%E1%BA%A7n_%C4%91%E1%BA%A3o_C%C3%A1t_B%C3%A0,154,166.html
166,Hồ Núi Cốc – Wikipedia tiếng Việt,https://vi.wikipedia.org/wiki/H%E1%BB%93_Tuy%E1%BB%81n_L%C3%A2m,273,166.html
166,Hồ Núi Cốc – Wikipedia tiếng Việt,https://vi.wikipedia.org/wiki/Tam_%C4%90%E1%BA%A3o,149,166.html
166,Hồ Núi Cốc – Wikipedia tiếng Việt,https://vi.wikipedia.org/wiki/B%C3%A0_N%C3%A0,146,166.html
166,Hồ Núi Cốc – Wikipedia tiếng Việt,https://vi.wikipedia.org/wiki/V%C6%B0%E1%BB%9Dn_qu%E1%BB%91c_gia_Tr%C3%A0m_Chim,139,166.html
166,Hồ Núi Cốc – Wikipedia tiếng Việt,https://vi.wikipedia.org/wiki/V%E1%BB%8Bnh_H%E1%BA%A1_Long,132,166.html
166,Hồ Núi Cốc – Wikipedia tiếng Việt,https://vi.wikipedia.org/wiki/H%E1%BB%93_Ba_B%E1%BB%83,148,166.html
166,Hồ Núi Cốc – Wikipedia tiếng Việt,https://vi.wikipedia.org/wiki/Th%C3%A1nh_%C4%91%E1%BB%8Ba_M%E1%BB%B9_S%C6%A1n,136,166.html
166,Hồ Núi Cốc – Wikipedia tiếng Việt,https://vi.wikipedia.org/wiki/Ph%C3%BA_Qu%E1%BB%91c,239,166.html
167,Hồ Yên Thắng – Wikipedia tiếng Việt,https://vi.wikipedia.org/wiki/V%C6%B0%E1%BB%9Dn_qu%E1%BB%91c_gia_Xu%C3%A2n_Th%E1%BB%A7y,235,167.html
167,Hồ Yên Thắng – Wikipedia tiếng Việt,https://vi.wikipedia.org/wiki/Qu%E1%BA%A7n_th%E1%BB%83_danh_th%E1%BA%AFng_Tr%C3%A0ng_An,134,167.html
167,Hồ Yên Thắng – Wikipedia tiếng Việt,https://vi.wikipedia.org/wiki/V%C6%B0%E1%BB%9Dn_qu%E1%BB%91c_gia_C%C3%BAc_Ph%C6%B0%C6%A1ng,246,167.html
168,Hồ Đồng Nai 3 – Wikipedia tiếng Việt,https://vi.wikipedia.org/wiki/V%E1%BB%8Bnh_H%E1%BA%A1_Long,132,168.html
169,Hồ Trị An – Wikipedia tiếng Việt,https://vi.wikipedia.org/wiki/V%C6%B0%E1%BB%9Dn_qu%E1%BB%91c_gia_C%C3%A1t_Ti%C3%AAn,250,169.html
17,"Cẩm nang Du lịch Chùa Bái Đính 2025 từ A-Z: Di chuyển, ăn chơi, thăm quan, đặc sản... mới nhất",https://vnexpress.net/cam-nang-du-lich-ninh-binh-4127327.html,78,17.html
170,Hồ Xạ Hương – Wikipedia tiếng Việt,https://vi.wikipedia.org/wiki/Tam_%C4%90%E1%BA%A3o,149,170.html
172,Hồ Xuân Hương (hồ nước) – Wikipedia tiếng Việt,https://vi.wikipedia.org/wiki/Th%C3%A1c_Pongour,205,172.html
172,Hồ Xuân Hương (hồ nước) – Wikipedia tiếng Việt,https://vi.wikipedia.org/wiki/Th%C3%A1c_Prenn,207,172.html
172,Hồ Xuân Hương (hồ nước) – Wikipedia tiếng Việt,https://vi.wikipedia.org/wiki/H%E1%BB%93_Tuy%E1%BB%81n_L%C3%A2m,273,172.html
172,Hồ Xuân Hương (hồ nước) – Wikipedia tiếng Việt,https://vi.wikipedia.org/wiki/%C4%90%C3%A0_L%E1%BA%A1t,143,172.html
172,Hồ Xuân Hương (hồ nước) – Wikipedia tiếng Việt,https://vi.wikipedia.org/wiki/N%C3%BAi_Langbiang,214,172.html
172,Hồ Xuân Hương (hồ nước) – Wikipedia tiếng Việt,https://vi.wikipedia.org/wiki/V%C6%B0%E1%BB%9Dn_qu%E1%BB%91c_gia_C%C3%A1t_Ti%C3%AAn,250,172.html
173,Đồi chè Mộc Châu tựa tiên cảnh trong sương sớm - Báo VnExpress Du lịch,https://vnexpress.net/cam-nang-du-lich-moc-chau-4098678.html,71,173.html
173,Đồi chè Mộc Châu tựa tiên cảnh trong sương sớm - Báo VnExpress Du lịch,https://vnexpress.net/cam-nang-du-lich-son-la-4720798.html,97,173.html
174,Khu di tích Pác Bó – Wikipedia tiếng Việt,https://vi.wikipedia.org/wiki/Qu%E1%BA%A7n_th%E1%BB%83_di_t%C3%ADch_C%E1%BB%91_%C4%91%C3%B4_Hu%E1%BA%BF,128,174.html
174,Khu di tích Pác Bó – Wikipedia tiếng Việt,https://vi.wikipedia.org/wiki/G%C3%A0nh_%C4%90%C3%A1_%C4%90%C4%A9a,291,174.html
174,Khu di tích Pác Bó – Wikipedia tiếng Việt,https://vi.wikipedia.org/wiki/Khu_di_t%C3%ADch_l%E1%BB%8Bch_s%E1%BB%AD_v%C3%A0_danh_th%E1%BA%AFng_Y%C3%AAn_T%E1%BB%AD,313,174.html
174,Khu di tích Pác Bó – Wikipedia tiếng Việt,https://vi.wikipedia.org/wiki/V%C6%B0%E1%BB%9Dn_qu%E1%BB%91c_gia_Phong_Nha_%E2%80%93_K%E1%BA%BB_B%C3%A0ng,140,174.html
174,Khu di tích Pác Bó – Wikipedia tiếng Việt,https://vi.wikipedia.org/wiki/Qu%E1%BA%A7n_%C4%91%E1%BA%A3o_C%C3%A1t_B%C3%A0,154,174.html
174,Khu di tích Pác Bó – Wikipedia tiếng Việt,https://vi.wikipedia.org/wiki/V%C6%B0%E1%BB%9Dn_qu%E1%BB%91c_gia_C%C3%A1t_Ti%C3%AAn,250,174.html
174,Khu di tích Pác Bó – Wikipedia tiếng Việt,https://vi.wikipedia.org/wiki/Ho%C3%A0ng_th%C3%A0nh_Th%C4%83ng_Long,150,174.html
174,Khu di tích Pác Bó – Wikipedia tiếng Việt,https://vi.wikipedia.org/wiki/Ch%C3%B9a_B%E1%BB%95_%C4%90%C3%A0,301,174.html
174,Khu di tích Pác Bó – Wikipedia tiếng Việt,https://vi.wikipedia.org/wiki/Ru%E1%BB%99ng_b%E1%BA%ADc_thang_M%C3%B9_Cang_Ch%E1%BA%A3i,308,174.html
174,Khu di tích Pác Bó – Wikipedia tiếng Việt,https://vi.wikipedia.org/wiki/Ng%C5%A9_H%C3%A0nh_S%C6%A1n,288,174.html
174,Khu di tích Pác Bó – Wikipedia tiếng Việt,https://vi.wikipedia.org/wiki/H%E1%BB%93_Ba_B%E1%BB%83,148,174.html
174,Khu di tích Pác Bó – Wikipedia tiếng Việt,https://vi.wikipedia.org/wiki/V%E1%BB%8Bnh_H%E1%BA%A1_Long,132,174.html
174,Khu di tích Pác Bó – Wikipedia tiếng Việt,https://vi.wikipedia.org/wiki/Th%C3%A0nh_nh%C3%A0_H%E1%BB%93,310,174.html
174,Khu di tích Pác Bó – Wikipedia tiếng Việt,https://vi.wikipedia.org/wiki/Th%C3%A1p_Po_Klong_Garai,299,174.html
174,Khu di tích Pác Bó – Wikipedia tiếng Việt,https://vi.wikipedia.org/wiki/Th%C3%A1nh_%C4%91%E1%BB%8Ba_M%E1%BB%B9_S%C6%A1n,136,174.html
174,Khu di tích Pác Bó – Wikipedia tiếng Việt,https://vi.wikipedia.org/wiki/Ph%E1%BB%91_c%E1%BB%95_H%E1%BB%99i_An,129,174.html
174,Khu di tích Pác Bó – Wikipedia tiếng Việt,https://vi.wikipedia.org/wiki/%C4%90%E1%BB%8Ba_%C4%91%E1%BA%A1o_C%E1%BB%A7_Chi,297,174.html
177,Bãi biển Sầm Sơn – Wikipedia tiếng Việt,https://vi.wikipedia.org/wiki/V%C6%B0%E1%BB%9Dn_qu%E1%BB%91c_gia_B%E1%BA%BFn_En,165,177.html
177,Bãi biển Sầm Sơn – Wikipedia tiếng Việt,https://vi.wikipedia.org/wiki/S%E1%BA%A7m_S%C6%A1n,178,177.html
177,Bãi biển Sầm Sơn – Wikipedia tiếng Việt,https://vi.wikipedia.org/wiki/Th%C3%A0nh_nh%C3%A0_H%E1%BB%93,310,177.html
177,Bãi biển Sầm Sơn – Wikipedia tiếng Việt,https://vi.wikipedia.org/wiki/V%C6%B0%E1%BB%9Dn_qu%E1%BB%91c_gia_C%C3%BAc_Ph%C6%B0%C6%A1ng,246,177.html
179,Cửa Lò – Wikipedia tiếng Việt,https://vi.wikipedia.org/wiki/C%E1%BB%ADa_L%C3%B2_(th%E1%BB%8B_x%C3%A3),180,179.html
18,"Cẩm nang Du lịch chùa Tam Chúc 2025 từ A-Z: Di chuyển, ăn chơi, thăm quan, đặc sản... mới nhất",https://vnexpress.net/cam-nang-du-lich-ha-nam-4462234.html,47,18.html
180,Cửa Lò (thị xã) – Wikipedia tiếng Việt,https://vi.wikipedia.org/wiki/C%E1%BB%ADa_L%C3%B2,179,180.html
183,Biển Cửa Đại - Kinh nghiệm khám phá thiên đường biển Hội An,https://vinwonders.com/vi/wonderpedia/news/bien-cua-dai-kinh-nghiem-kham-pha-thien-duong-bien-hoi-an/,277,183.html
184,Bãi biển Mỹ Khê – Wikipedia tiếng Việt,https://vi.wikipedia.org/wiki/B%C3%A3i_bi%E1%BB%83n_M%E1%BB%B9_Kh%C3%AA,279,184.html
186,Núi Bà Đen – Wikipedia tiếng Việt,https://vi.wikipedia.org/wiki/V%C6%B0%E1%BB%9Dn_qu%E1%BB%91c_gia_Phong_Nha_%E2%80%93_K%E1%BA%BB_B%C3%A0ng,140,186.html
186,Núi Bà Đen – Wikipedia tiếng Việt,https://vi.wikipedia.org/wiki/B%C3%A3i_bi%E1%BB%83n_S%E1%BA%A7m_S%C6%A1n,177,186.html
186,Núi Bà Đen – Wikipedia tiếng Việt,https://vi.wikipedia.org/wiki/C%C3%B4n_%C4%90%E1%BA%A3o,241,186.html
186,Núi Bà Đen – Wikipedia tiếng Việt,https://vi.wikipedia.org/wiki/L%C3%BD_S%C6%A1n,147,186.html
186,Núi Bà Đen – Wikipedia tiếng Việt,https://vi.wikipedia.org/wiki/Khu_du_l%E1%BB%8Bch_Tam_Ch%C3%BAc,497,186.html
186,Núi Bà Đen – Wikipedia tiếng Việt,https://vi.wikipedia.org/wiki/C%C3%B4_T%C3%B4,153,186.html
186,Núi Bà Đen – Wikipedia tiếng Việt,https://vi.wikipedia.org/wiki/Fansipan,138,186.html
186,Núi Bà Đen – Wikipedia tiếng Việt,https://vi.wikipedia.org/wiki/N%C3%BAi_B%C3%A0_%C4%90en,254,186.html
186,Núi Bà Đen – Wikipedia tiếng Việt,https://vi.wikipedia.org/wiki/H%E1%BB%93_N%C3%BAi_C%E1%BB%91c,166,186.html
186,Núi Bà Đen – Wikipedia tiếng Việt,https://vi.wikipedia.org/wiki/Qu%E1%BA%A7n_th%E1%BB%83_di_t%C3%ADch_C%E1%BB%91_%C4%91%C3%B4_Hu%E1%BA%BF,128,186.html
186,Núi Bà Đen – Wikipedia tiếng Việt,https://vi.wikipedia.org/wiki/M%C5%A9i_N%C3%A9,141,186.html
186,Núi Bà Đen – Wikipedia tiếng Việt,https://vi.wikipedia.org/wiki/C%C3%B9_lao_Ch%C3%A0m,230,186.html
186,Núi Bà Đen – Wikipedia tiếng Việt,https://vi.wikipedia.org/wiki/H%E1%BB%93_Tr%E1%BB%8B_An,169,186.html
186,Núi Bà Đen – Wikipedia tiếng Việt,https://vi.wikipedia.org/wiki/Ho%C3%A0ng_th%C3%A0nh_Th%C4%83ng_Long,150,186.html
186,Núi Bà Đen – Wikipedia tiếng Việt,https://vi.wikipedia.org/wiki/Khu_d%E1%BB%B1_tr%E1%BB%AF_sinh_quy%E1%BB%83n_r%E1%BB%ABng_ng%E1%BA%ADp_m%E1%BA%B7n_C%E1%BA%A7n_Gi%E1%BB%9D,232,186.html
186,Núi Bà Đen – Wikipedia tiếng Việt,https://vi.wikipedia.org/wiki/S%C6%A1n_Tr%C3%A0,285,186.html
186,Núi Bà Đen – Wikipedia tiếng Việt,https://vi.wikipedia.org/wiki/%C4%90%C3%A0_L%E1%BA%A1t,143,186.html
186,Núi Bà Đen – Wikipedia tiếng Việt,https://vi.wikipedia.org/wiki/Th%C3%A0nh_nh%C3%A0_H%E1%BB%93,310,186.html
186,Núi Bà Đen – Wikipedia tiếng Việt,https://vi.wikipedia.org/wiki/Ph%E1%BB%91_c%E1%BB%95_H%E1%BB%99i_An,129,186.html
186,Núi Bà Đen – Wikipedia tiếng Việt,https://vi.wikipedia.org/wiki/Qu%E1%BA%A7n_th%E1%BB%83_danh_th%E1%BA%AFng_Tr%C3%A0ng_An,134,186.html
186,Núi Bà Đen – Wikipedia tiếng Việt,https://vi.wikipedia.org/wiki/Qu%E1%BA%A7n_%C4%91%E1%BA%A3o_C%C3%A1t_B%C3%A0,154,186.html
186,Núi Bà Đen – Wikipedia tiếng Việt,https://vi.wikipedia.org/wiki/H%E1%BB%93_Tuy%E1%BB%81n_L%C3%A2m,273,186.html
186,Núi Bà Đen – Wikipedia tiếng Việt,https://vi.wikipedia.org/wiki/Tam_%C4%90%E1%BA%A3o,149,186.html
186,Núi Bà Đen – Wikipedia tiếng Việt,https://vi.wikipedia.org/wiki/B%C3%A0_N%C3%A0,146,186.html
186,Núi Bà Đen – Wikipedia tiếng Việt,https://vi.wikipedia.org/wiki/V%C6%B0%E1%BB%9Dn_qu%E1%BB%91c_gia_Tr%C3%A0m_Chim,139,186.html
186,Núi Bà Đen – Wikipedia tiếng Việt,https://vi.wikipedia.org/wiki/V%E1%BB%8Bnh_H%E1%BA%A1_Long,132,186.html
186,Núi Bà Đen – Wikipedia tiếng Việt,https://vi.wikipedia.org/wiki/H%E1%BB%93_Ba_B%E1%BB%83,148,186.html
186,Núi Bà Đen – Wikipedia tiếng Việt,https://vi.wikipedia.org/wiki/Th%C3%A1nh_%C4%91%E1%BB%8Ba_M%E1%BB%B9_S%C6%A1n,136,186.html
186,Núi Bà Đen – Wikipedia tiếng Việt,https://vi.wikipedia.org/wiki/Ph%C3%BA_Qu%E1%BB%91c,239,186.html
189,Đường lên cổng trời Sapa - Nơi thiên đường trong mây đại ngàn,https://mia.vn/cam-nang-du-lich/nui-ham-rong-sapa-ngon-nui-hinh-dau-rong-noi-tieng-cua-thanh-pho-mo-suong-468,188,189.html
19,"Cẩm nang du lịch Cù Lao Chàm 2025 từ A-Z: đi lại, ăn chơi, lưu trú... mới nhất",https://vnexpress.net/cam-nang-du-lich-quang-nam-4726797.html,90,19.html
190,Thác Bản Giốc – Wikipedia tiếng Việt,https://vi.wikipedia.org/wiki/Th%C3%A1c_Pongour,205,190.html
190,Thác Bản Giốc – Wikipedia tiếng Việt,https://vi.wikipedia.org/wiki/Th%C3%A1c_B%E1%BA%A3n_Gi%E1%BB%91c,260,190.html
190,Thác Bản Giốc – Wikipedia tiếng Việt,https://vi.wikipedia.org/wiki/Th%C3%A1c_Prenn,207,190.html
192,Động Phong Nha – Wikipedia tiếng Việt,https://vi.wikipedia.org/wiki/Hang_S%C6%A1n_%C4%90o%C3%B2ng,243,192.html
192,Động Phong Nha – Wikipedia tiếng Việt,https://vi.wikipedia.org/wiki/V%C6%B0%E1%BB%9Dn_qu%E1%BB%91c_gia_Phong_Nha_%E2%80%93_K%E1%BA%BB_B%C3%A0ng,140,192.html
192,Động Phong Nha – Wikipedia tiếng Việt,https://vi.wikipedia.org/wiki/Hang_%C3%89n,265,192.html
192,Động Phong Nha – Wikipedia tiếng Việt,https://vi.wikipedia.org/wiki/Ng%C5%A9_H%C3%A0nh_S%C6%A1n,288,192.html
192,Động Phong Nha – Wikipedia tiếng Việt,https://vi.wikipedia.org/wiki/%C4%90%E1%BB%99ng_Thi%C3%AAn_%C4%90%C6%B0%E1%BB%9Dng,267,192.html
198,Hồ Lắk – Wikipedia tiếng Việt,https://vi.wikipedia.org/wiki/H%E1%BB%93_L%E1%BA%AFk,209,198.html
198,Hồ Lắk – Wikipedia tiếng Việt,https://vi.wikipedia.org/wiki/V%C6%B0%E1%BB%9Dn_qu%E1%BB%91c_gia_Phong_Nha_%E2%80%93_K%E1%BA%BB_B%C3%A0ng,140,198.html
198,Hồ Lắk – Wikipedia tiếng Việt,https://vi.wikipedia.org/wiki/B%C3%A3i_bi%E1%BB%83n_S%E1%BA%A7m_S%C6%A1n,177,198.html
198,Hồ Lắk – Wikipedia tiếng Việt,https://vi.wikipedia.org/wiki/C%C3%B4n_%C4%90%E1%BA%A3o,241,198.html
198,Hồ Lắk – Wikipedia tiếng Việt,https://vi.wikipedia.org/wiki/L%C3%BD_S%C6%A1n,147,198.html
198,Hồ Lắk – Wikipedia tiếng Việt,https://vi.wikipedia.org/wiki/Khu_du_l%E1%BB%8Bch_Tam_Ch%C3%BAc,497,198.html
198,Hồ Lắk – Wikipedia tiếng Việt,https://vi.wikipedia.org/wiki/C%C3%B4_T%C3%B4,153,198.html
198,Hồ Lắk – Wikipedia tiếng Việt,https://vi.wikipedia.org/wiki/N%C3%BAi_B%C3%A0_%C4%90en,254,198.html
198,Hồ Lắk – Wikipedia tiếng Việt,https://vi.wikipedia.org/wiki/H%E1%BB%93_N%C3%BAi_C%E1%BB%91c,166,198.html
198,Hồ Lắk – Wikipedia tiếng Việt,https://vi.wikipedia.org/wiki/Qu%E1%BA%A7n_th%E1%BB%83_di_t%C3%ADch_C%E1%BB%91_%C4%91%C3%B4_Hu%E1%BA%BF,128,198.html
198,Hồ Lắk – Wikipedia tiếng Việt,https://vi.wikipedia.org/wiki/M%C5%A9i_N%C3%A9,141,198.html
198,Hồ Lắk – Wikipedia tiếng Việt,https://vi.wikipedia.org/wiki/C%C3%B9_lao_Ch%C3%A0m,230,198.html
198,Hồ Lắk – Wikipedia tiếng Việt,https://vi.wikipedia.org/wiki/H%E1%BB%93_Tr%E1%BB%8B_An,169,198.html
198,Hồ Lắk – Wikipedia tiếng Việt,https://vi.wikipedia.org/wiki/Ho%C3%A0ng_th%C3%A0nh_Th%C4%83ng_Long,150,198.html
198,Hồ Lắk – Wikipedia tiếng Việt,https://vi.wikipedia.org/wiki/Khu_d%E1%BB%B1_tr%E1%BB%AF_sinh_quy%E1%BB%83n_r%E1%BB%ABng_ng%E1%BA%ADp_m%E1%BA%B7n_C%E1%BA%A7n_Gi%E1%BB%9D,232,198.html
198,Hồ Lắk – Wikipedia tiếng Việt,https://vi.wikipedia.org/wiki/S%C6%A1n_Tr%C3%A0,285,198.html
198,Hồ Lắk – Wikipedia tiếng Việt,https://vi.wikipedia.org/wiki/%C4%90%C3%A0_L%E1%BA%A1t,143,198.html
198,Hồ Lắk – Wikipedia tiếng Việt,https://vi.wikipedia.org/wiki/Th%C3%A0nh_nh%C3%A0_H%E1%BB%93,310,198.html
198,Hồ Lắk – Wikipedia tiếng Việt,https://vi.wikipedia.org/wiki/Ph%E1%BB%91_c%E1%BB%95_H%E1%BB%99i_An,129,198.html
198,Hồ Lắk – Wikipedia tiếng Việt,https://vi.wikipedia.org/wiki/Qu%E1%BA%A7n_th%E1%BB%83_danh_th%E1%BA%AFng_Tr%C3%A0ng_An,134,198.html
198,Hồ Lắk – Wikipedia tiếng Việt,https://vi.wikipedia.org/wiki/Qu%E1%BA%A7n_%C4%91%E1%BA%A3o_C%C3%A1t_B%C3%A0,154,198.html
198,Hồ Lắk – Wikipedia tiếng Việt,https://vi.wikipedia.org/wiki/H%E1%BB%93_Tuy%E1%BB%81n_L%C3%A2m,273,198.html
198,Hồ Lắk – Wikipedia tiếng Việt,https://vi.wikipedia.org/wiki/Tam_%C4%90%E1%BA%A3o,149,198.html
198,Hồ Lắk – Wikipedia tiếng Việt,https://vi.wikipedia.org/wiki/B%C3%A0_N%C3%A0,146,198.html
198,Hồ Lắk – Wikipedia tiếng Việt,https://vi.wikipedia.org/wiki/V%C6%B0%E1%BB%9Dn_qu%E1%BB%91c_gia_Tr%C3%A0m_Chim,139,198.html
198,Hồ Lắk – Wikipedia tiếng Việt,https://vi.wikipedia.org/wiki/V%E1%BB%8Bnh_H%E1%BA%A1_Long,132,198.html
198,Hồ Lắk – Wikipedia tiếng Việt,https://vi.wikipedia.org/wiki/H%E1%BB%93_Ba_B%E1%BB%83,148,198.html
198,Hồ Lắk – Wikipedia tiếng Việt,https://vi.wikipedia.org/wiki/Th%C3%A1nh_%C4%91%E1%BB%8Ba_M%E1%BB%B9_S%C6%A1n,136,198.html
198,Hồ Lắk – Wikipedia tiếng Việt,https://vi.wikipedia.org/wiki/Ph%C3%BA_Qu%E1%BB%91c,239,198.html
20,"Cẩm nang Du lịch Châu Đốc 2024 từ A-Z: Di chuyển, ăn chơi, thăm quan, đặc sản... mới nhất",https://vnexpress.net/cam-nang-du-lich-rung-tram-tra-su-4665214.html,105,20.html
20,"Cẩm nang Du lịch Châu Đốc 2024 từ A-Z: Di chuyển, ăn chơi, thăm quan, đặc sản... mới nhất",https://vnexpress.net/cam-nang-du-lich-an-giang-4445399.html,0,20.html
201,Thác Đamb'ri – Wikipedia tiếng Việt,https://vi.wikipedia.org/wiki/Th%C3%A1c_B%E1%BA%A3n_Gi%E1%BB%91c,260,201.html
201,Thác Đamb'ri – Wikipedia tiếng Việt,https://vi.wikipedia.org/wiki/Th%C3%A1c_Pongour,205,201.html
201,Thác Đamb'ri – Wikipedia tiếng Việt,https://vi.wikipedia.org/wiki/Th%C3%A1c_Prenn,207,201.html
201,Thác Đamb'ri – Wikipedia tiếng Việt,https://vi.wikipedia.org/wiki/H%E1%BB%93_Tuy%E1%BB%81n_L%C3%A2m,273,201.html
201,Thác Đamb'ri – Wikipedia tiếng Việt,https://vi.wikipedia.org/wiki/N%C3%BAi_Langbiang,214,201.html
201,Thác Đamb'ri – Wikipedia tiếng Việt,https://vi.wikipedia.org/wiki/%C4%90%C3%A0_L%E1%BA%A1t,143,201.html
201,Thác Đamb'ri – Wikipedia tiếng Việt,https://vi.wikipedia.org/wiki/V%C6%B0%E1%BB%9Dn_qu%E1%BB%91c_gia_C%C3%A1t_Ti%C3%AAn,250,201.html
201,Thác Đamb'ri – Wikipedia tiếng Việt,https://vi.wikipedia.org/wiki/H%E1%BB%93_Xu%C3%A2n_H%C6%B0%C6%A1ng_(h%E1%BB%93_n%C6%B0%E1%BB%9Bc),172,201.html
205,Thác Pongour – Wikipedia tiếng Việt,https://vi.wikipedia.org/wiki/Th%C3%A1c_B%E1%BA%A3n_Gi%E1%BB%91c,260,205.html
205,Thác Pongour – Wikipedia tiếng Việt,https://vi.wikipedia.org/wiki/Th%C3%A1c_Prenn,207,205.html
205,Thác Pongour – Wikipedia tiếng Việt,https://vi.wikipedia.org/wiki/H%E1%BB%93_Tuy%E1%BB%81n_L%C3%A2m,273,205.html
205,Thác Pongour – Wikipedia tiếng Việt,https://vi.wikipedia.org/wiki/%C4%90%C3%A0_L%E1%BA%A1t,143,205.html
205,Thác Pongour – Wikipedia tiếng Việt,https://vi.wikipedia.org/wiki/N%C3%BAi_Langbiang,214,205.html
205,Thác Pongour – Wikipedia tiếng Việt,https://vi.wikipedia.org/wiki/V%C6%B0%E1%BB%9Dn_qu%E1%BB%91c_gia_C%C3%A1t_Ti%C3%AAn,250,205.html
205,Thác Pongour – Wikipedia tiếng Việt,https://vi.wikipedia.org/wiki/H%E1%BB%93_Xu%C3%A2n_H%C6%B0%C6%A1ng_(h%E1%BB%93_n%C6%B0%E1%BB%9Bc),172,205.html
207,Thác Prenn – Wikipedia tiếng Việt,https://vi.wikipedia.org/wiki/Th%C3%A1c_B%E1%BA%A3n_Gi%E1%BB%91c,260,207.html
207,Thác Prenn – Wikipedia tiếng Việt,https://vi.wikipedia.org/wiki/Th%C3%A1c_Pongour,205,207.html
207,Thác Prenn – Wikipedia tiếng Việt,https://vi.wikipedia.org/wiki/H%E1%BB%93_Tuy%E1%BB%81n_L%C3%A2m,273,207.html
207,Thác Prenn – Wikipedia tiếng Việt,https://vi.wikipedia.org/wiki/N%C3%BAi_Langbiang,214,207.html
207,Thác Prenn – Wikipedia tiếng Việt,https://vi.wikipedia.org/wiki/%C4%90%C3%A0_L%E1%BA%A1t,143,207.html
207,Thác Prenn – Wikipedia tiếng Việt,https://vi.wikipedia.org/wiki/V%C6%B0%E1%BB%9Dn_qu%E1%BB%91c_gia_C%C3%A1t_Ti%C3%AAn,250,207.html
207,Thác Prenn – Wikipedia tiếng Việt,https://vi.wikipedia.org/wiki/H%E1%BB%93_Xu%C3%A2n_H%C6%B0%C6%A1ng_(h%E1%BB%93_n%C6%B0%E1%BB%9Bc),172,207.html
209,Hồ Lắk – Wikipedia tiếng Việt,https://vi.wikipedia.org/wiki/V%C6%B0%E1%BB%9Dn_qu%E1%BB%91c_gia_Phong_Nha_%E2%80%93_K%E1%BA%BB_B%C3%A0ng,140,209.html
209,Hồ Lắk – Wikipedia tiếng Việt,https://vi.wikipedia.org/wiki/B%C3%A3i_bi%E1%BB%83n_S%E1%BA%A7m_S%C6%A1n,177,209.html
209,Hồ Lắk – Wikipedia tiếng Việt,https://vi.wikipedia.org/wiki/C%C3%B4n_%C4%90%E1%BA%A3o,241,209.html
209,Hồ Lắk – Wikipedia tiếng Việt,https://vi.wikipedia.org/wiki/L%C3%BD_S%C6%A1n,147,209.html
209,Hồ Lắk – Wikipedia tiếng Việt,https://vi.wikipedia.org/wiki/Khu_du_l%E1%BB%8Bch_Tam_Ch%C3%BAc,497,209.html
209,Hồ Lắk – Wikipedia tiếng Việt,https://vi.wikipedia.org/wiki/C%C3%B4_T%C3%B4,153,209.html
209,Hồ Lắk – Wikipedia tiếng Việt,https://vi.wikipedia.org/wiki/N%C3%BAi_B%C3%A0_%C4%90en,254,209.html
209,Hồ Lắk – Wikipedia tiếng Việt,https://vi.wikipedia.org/wiki/H%E1%BB%93_N%C3%BAi_C%E1%BB%91c,166,209.html
209,Hồ Lắk – Wikipedia tiếng Việt,https://vi.wikipedia.org/wiki/Qu%E1%BA%A7n_th%E1%BB%83_di_t%C3%ADch_C%E1%BB%91_%C4%91%C3%B4_Hu%E1%BA%BF,128,209.html
209,Hồ Lắk – Wikipedia tiếng Việt,https://vi.wikipedia.org/wiki/M%C5%A9i_N%C3%A9,141,209.html
209,Hồ Lắk – Wikipedia tiếng Việt,https://vi.wikipedia.org/wiki/C%C3%B9_lao_Ch%C3%A0m,230,209.html
209,Hồ Lắk – Wikipedia tiếng Việt,https://vi.wikipedia.org/wiki/H%E1%BB%93_Tr%E1%BB%8B_An,169,209.html
209,Hồ Lắk – Wikipedia tiếng Việt,https://vi.wikipedia.org/wiki/Ho%C3%A0ng_th%C3%A0nh_Th%C4%83ng_Long,150,209.html
209,Hồ Lắk – Wikipedia tiếng Việt,https://vi.wikipedia.org/wiki/Khu_d%E1%BB%B1_tr%E1%BB%AF_sinh_quy%E1%BB%83n_r%E1%BB%ABng_ng%E1%BA%ADp_m%E1%BA%B7n_C%E1%BA%A7n_Gi%E1%BB%9D,232,209.html
209,Hồ Lắk – Wikipedia tiếng Việt,https://vi.wikipedia.org/wiki/S%C6%A1n_Tr%C3%A0,285,209.html
209,Hồ Lắk – Wikipedia tiếng Việt,https://vi.wikipedia.org/wiki/%C4%90%C3%A0_L%E1%BA%A1t,143,209.html
209,Hồ Lắk – Wikipedia tiếng Việt,https://vi.wikipedia.org/wiki/Th%C3%A0nh_nh%C3%A0_H%E1%BB%93,310,209.html
209,Hồ Lắk – Wikipedia tiếng Việt,https://vi.wikipedia.org/wiki/Ph%E1%BB%91_c%E1%BB%95_H%E1%BB%99i_An,129,209.html
209,Hồ Lắk – Wikipedia tiếng Việt,https://vi.wikipedia.org/wiki/Qu%E1%BA%A7n_th%E1%BB%83_danh_th%E1%BA%AFng_Tr%C3%A0ng_An,134,209.html
209,Hồ Lắk – Wikipedia tiếng Việt,https://vi.wikipedia.org/wiki/Qu%E1%BA%A7n_%C4%91%E1%BA%A3o_C%C3%A1t_B%C3%A0,154,209.html
209,Hồ Lắk – Wikipedia tiếng Việt,https://vi.wikipedia.org/wiki/H%E1%BB%93_Tuy%E1%BB%81n_L%C3%A2m,273,209.html
209,Hồ Lắk – Wikipedia tiếng Việt,https://vi.wikipedia.org/wiki/Tam_%C4%90%E1%BA%A3o,149,209.html
209,Hồ Lắk – Wikipedia tiếng Việt,https://vi.wikipedia.org/wiki/B%C3%A0_N%C3%A0,146,209.html
209,Hồ Lắk – Wikipedia tiếng Việt,https://vi.wikipedia.org/wiki/V%C6%B0%E1%BB%9Dn_qu%E1%BB%91c_gia_Tr%C3%A0m_Chim,139,209.html
209,Hồ Lắk – Wikipedia tiếng Việt,https://vi.wikipedia.org/wiki/V%E1%BB%8Bnh_H%E1%BA%A1_Long,132,209.html
209,Hồ Lắk – Wikipedia tiếng Việt,https://vi.wikipedia.org/wiki/H%E1%BB%93_Ba_B%E1%BB%83,148,209.html
209,Hồ Lắk – Wikipedia tiếng Việt,https://vi.wikipedia.org/wiki/Th%C3%A1nh_%C4%91%E1%BB%8Ba_M%E1%BB%B9_S%C6%A1n,136,209.html
209,Hồ Lắk – Wikipedia tiếng Việt,https://vi.wikipedia.org/wiki/Ph%C3%BA_Qu%E1%BB%91c,239,209.html
21,"Cẩm nang Du lịch Cần Giờ 2025 từ A-Z: Di chuyển, ăn chơi, thăm quan, đặc sản... mới nhất",https://vnexpress.net/cam-nang-du-lich-tp-hcm-4608205.html,109,21.html
214,Núi Langbiang – Wikipedia tiếng Việt,https://vi.wikipedia.org/wiki/Th%C3%A1c_Pongour,205,214.html
214,Núi Langbiang – Wikipedia tiếng Việt,https://vi.wikipedia.org/wiki/Th%C3%A1c_Prenn,207,214.html
214,Núi Langbiang – Wikipedia tiếng Việt,https://vi.wikipedia.org/wiki/H%E1%BB%93_Tuy%E1%BB%81n_L%C3%A2m,273,214.html
214,Núi Langbiang – Wikipedia tiếng Việt,https://vi.wikipedia.org/wiki/%C4%90%C3%A0_L%E1%BA%A1t,143,214.html
214,Núi Langbiang – Wikipedia tiếng Việt,https://vi.wikipedia.org/wiki/V%C6%B0%E1%BB%9Dn_qu%E1%BB%91c_gia_C%C3%A1t_Ti%C3%AAn,250,214.html
214,Núi Langbiang – Wikipedia tiếng Việt,https://vi.wikipedia.org/wiki/H%E1%BB%93_Xu%C3%A2n_H%C6%B0%C6%A1ng_(h%E1%BB%93_n%C6%B0%E1%BB%9Bc),172,214.html
216,Hồ Tuyền Lâm – Wikipedia tiếng Việt,https://vi.wikipedia.org/wiki/V%C6%B0%E1%BB%9Dn_qu%E1%BB%91c_gia_Phong_Nha_%E2%80%93_K%E1%BA%BB_B%C3%A0ng,140,216.html
216,Hồ Tuyền Lâm – Wikipedia tiếng Việt,https://vi.wikipedia.org/wiki/B%C3%A3i_bi%E1%BB%83n_S%E1%BA%A7m_S%C6%A1n,177,216.html
216,Hồ Tuyền Lâm – Wikipedia tiếng Việt,https://vi.wikipedia.org/wiki/Th%C3%A1c_Prenn,207,216.html
216,Hồ Tuyền Lâm – Wikipedia tiếng Việt,https://vi.wikipedia.org/wiki/C%C3%B4n_%C4%90%E1%BA%A3o,241,216.html
216,Hồ Tuyền Lâm – Wikipedia tiếng Việt,https://vi.wikipedia.org/wiki/L%C3%BD_S%C6%A1n,147,216.html
216,Hồ Tuyền Lâm – Wikipedia tiếng Việt,https://vi.wikipedia.org/wiki/Khu_du_l%E1%BB%8Bch_Tam_Ch%C3%BAc,497,216.html
216,Hồ Tuyền Lâm – Wikipedia tiếng Việt,https://vi.wikipedia.org/wiki/C%C3%B4_T%C3%B4,153,216.html
216,Hồ Tuyền Lâm – Wikipedia tiếng Việt,https://vi.wikipedia.org/wiki/N%C3%BAi_B%C3%A0_%C4%90en,254,216.html
216,Hồ Tuyền Lâm – Wikipedia tiếng Việt,https://vi.wikipedia.org/wiki/H%E1%BB%93_N%C3%BAi_C%E1%BB%91c,166,216.html
216,Hồ Tuyền Lâm – Wikipedia tiếng Việt,https://vi.wikipedia.org/wiki/Th%C3%A1nh_%C4%91%E1%BB%8Ba_M%E1%BB%B9_S%C6%A1n,136,216.html
216,Hồ Tuyền Lâm – Wikipedia tiếng Việt,https://vi.wikipedia.org/wiki/V%C6%B0%E1%BB%9Dn_qu%E1%BB%91c_gia_C%C3%A1t_Ti%C3%AAn,250,216.html
216,Hồ Tuyền Lâm – Wikipedia tiếng Việt,https://vi.wikipedia.org/wiki/Qu%E1%BA%A7n_th%E1%BB%83_di_t%C3%ADch_C%E1%BB%91_%C4%91%C3%B4_Hu%E1%BA%BF,128,216.html
216,Hồ Tuyền Lâm – Wikipedia tiếng Việt,https://vi.wikipedia.org/wiki/M%C5%A9i_N%C3%A9,141,216.html
216,Hồ Tuyền Lâm – Wikipedia tiếng Việt,https://vi.wikipedia.org/wiki/C%C3%B9_lao_Ch%C3%A0m,230,216.html
216,Hồ Tuyền Lâm – Wikipedia tiếng Việt,https://vi.wikipedia.org/wiki/H%E1%BB%93_Tr%E1%BB%8B_An,169,216.html
216,Hồ Tuyền Lâm – Wikipedia tiếng Việt,https://vi.wikipedia.org/wiki/Ho%C3%A0ng_th%C3%A0nh_Th%C4%83ng_Long,150,216.html
216,Hồ Tuyền Lâm – Wikipedia tiếng Việt,https://vi.wikipedia.org/wiki/Khu_d%E1%BB%B1_tr%E1%BB%AF_sinh_quy%E1%BB%83n_r%E1%BB%ABng_ng%E1%BA%ADp_m%E1%BA%B7n_C%E1%BA%A7n_Gi%E1%BB%9D,232,216.html
216,Hồ Tuyền Lâm – Wikipedia tiếng Việt,https://vi.wikipedia.org/wiki/S%C6%A1n_Tr%C3%A0,285,216.html
216,Hồ Tuyền Lâm – Wikipedia tiếng Việt,https://vi.wikipedia.org/wiki/%C4%90%C3%A0_L%E1%BA%A1t,143,216.html
216,Hồ Tuyền Lâm – Wikipedia tiếng Việt,https://vi.wikipedia.org/wiki/Th%C3%A0nh_nh%C3%A0_H%E1%BB%93,310,216.html
216,Hồ Tuyền Lâm – Wikipedia tiếng Việt,https://vi.wikipedia.org/wiki/Ph%E1%BB%91_c%E1%BB%95_H%E1%BB%99i_An,129,216.html
216,Hồ Tuyền Lâm – Wikipedia tiếng Việt,https://vi.wikipedia.org/wiki/H%E1%BB%93_Xu%C3%A2n_H%C6%B0%C6%A1ng_(h%E1%BB%93_n%C6%B0%E1%BB%9Bc),172,216.html
216,Hồ Tuyền Lâm – Wikipedia tiếng Việt,https://vi.wikipedia.org/wiki/Qu%E1%BA%A7n_th%E1%BB%83_danh_th%E1%BA%AFng_Tr%C3%A0ng_An,134,216.html
216,Hồ Tuyền Lâm – Wikipedia tiếng Việt,https://vi.wikipedia.org/wiki/Th%C3%A1c_Pongour,205,216.html
216,Hồ Tuyền Lâm – Wikipedia tiếng Việt,https://vi.wikipedia.org/wiki/Qu%E1%BA%A7n_%C4%91%E1%BA%A3o_C%C3%A1t_B%C3%A0,154,216.html
216,Hồ Tuyền Lâm – Wikipedia tiếng Việt,https://vi.wikipedia.org/wiki/H%E1%BB%93_Tuy%E1%BB%81n_L%C3%A2m,273,216.html
216,Hồ Tuyền Lâm – Wikipedia tiếng Việt,https://vi.wikipedia.org/wiki/Tam_%C4%90%E1%BA%A3o,149,216.html
216,Hồ Tuyền Lâm – Wikipedia tiếng Việt,https://vi.wikipedia.org/wiki/B%C3%A0_N%C3%A0,146,216.html
216,Hồ Tuyền Lâm – Wikipedia tiếng Việt,https://vi.wikipedia.org/wiki/V%C6%B0%E1%BB%9Dn_qu%E1%BB%91c_gia_Tr%C3%A0m_Chim,139,216.html
216,Hồ Tuyền Lâm – Wikipedia tiếng Việt,https://vi.wikipedia.org/wiki/V%E1%BB%8Bnh_H%E1%BA%A1_Long,132,216.html
216,Hồ Tuyền Lâm – Wikipedia tiếng Việt,https://vi.wikipedia.org/wiki/N%C3%BAi_Langbiang,214,216.html
216,Hồ Tuyền Lâm – Wikipedia tiếng Việt,https://vi.wikipedia.org/wiki/H%E1%BB%93_Ba_B%E1%BB%83,148,216.html
216,Hồ Tuyền Lâm – Wikipedia tiếng Việt,https://vi.wikipedia.org/wiki/Ph%C3%BA_Qu%E1%BB%91c,239,216.html
218,Núi Chứa Chan – Wikipedia tiếng Việt,https://vi.wikipedia.org/wiki/N%C3%BAi_B%C3%A0_%C4%90en,254,218.html
219,Núi Dinh – Wikipedia tiếng Việt,https://vnexpress.net/nui-dinh-diem-cam-trai-cuoi-tuan-gan-tp-hcm-4545681.html,74,219.html
22,"Cẩm nang Du lịch Cù Lao Xanh 2025 từ A-Z: Di chuyển, ăn chơi, thăm quan, đặc sản... mới nhất",https://vnexpress.net/cam-nang-du-lich-quy-nhon-4119727.html,95,22.html
221,Hòn Mun – Wikipedia tiếng Việt,https://vi.wikipedia.org/wiki/H%C3%B2n_T%E1%BA%B1m,224,221.html
224,Hòn Tằm – Wikipedia tiếng Việt,https://vi.wikipedia.org/wiki/H%C3%B2n_Mun,221,224.html
228,Sơn Trà – Wikipedia tiếng Việt,https://vi.wikipedia.org/wiki/S%C6%A1n_Tr%C3%A0,285,228.html
23,"Cẩm nang Du lịch đảo CÔ TÔ 2025 từ A-Z: lưu trú, ăn chơi, đặc sản... mới nhất",https://vnexpress.net/cam-nang-du-lich-quang-ninh-4479287.html,93,23.html
230,Cù lao Chàm – Wikipedia tiếng Việt,https://vi.wikipedia.org/wiki/V%C6%B0%E1%BB%9Dn_qu%E1%BB%91c_gia_Phong_Nha_%E2%80%93_K%E1%BA%BB_B%C3%A0ng,140,230.html
230,Cù lao Chàm – Wikipedia tiếng Việt,https://vi.wikipedia.org/wiki/B%C3%A3i_bi%E1%BB%83n_S%E1%BA%A7m_S%C6%A1n,177,230.html
230,Cù lao Chàm – Wikipedia tiếng Việt,https://vi.wikipedia.org/wiki/V%C6%B0%E1%BB%9Dn_qu%E1%BB%91c_gia_N%C3%BAi_Ch%C3%BAa,252,230.html
230,Cù lao Chàm – Wikipedia tiếng Việt,https://vi.wikipedia.org/wiki/C%C3%B4n_%C4%90%E1%BA%A3o,241,230.html
230,Cù lao Chàm – Wikipedia tiếng Việt,https://vi.wikipedia.org/wiki/L%C3%BD_S%C6%A1n,147,230.html
230,Cù lao Chàm – Wikipedia tiếng Việt,https://vi.wikipedia.org/wiki/Khu_du_l%E1%BB%8Bch_Tam_Ch%C3%BAc,497,230.html
230,Cù lao Chàm – Wikipedia tiếng Việt,https://vi.wikipedia.org/wiki/C%C3%B4_T%C3%B4,153,230.html
230,Cù lao Chàm – Wikipedia tiếng Việt,https://vi.wikipedia.org/wiki/N%C3%BAi_B%C3%A0_%C4%90en,254,230.html
230,Cù lao Chàm – Wikipedia tiếng Việt,https://vi.wikipedia.org/wiki/H%E1%BB%93_N%C3%BAi_C%E1%BB%91c,166,230.html
230,Cù lao Chàm – Wikipedia tiếng Việt,https://vi.wikipedia.org/wiki/Qu%E1%BA%A7n_th%E1%BB%83_di_t%C3%ADch_C%E1%BB%91_%C4%91%C3%B4_Hu%E1%BA%BF,128,230.html
230,Cù lao Chàm – Wikipedia tiếng Việt,https://vi.wikipedia.org/wiki/M%C5%A9i_N%C3%A9,141,230.html
230,Cù lao Chàm – Wikipedia tiếng Việt,https://vi.wikipedia.org/wiki/H%E1%BB%93_Tr%E1%BB%8B_An,169,230.html
230,Cù lao Chàm – Wikipedia tiếng Việt,https://vi.wikipedia.org/wiki/Ho%C3%A0ng_th%C3%A0nh_Th%C4%83ng_Long,150,230.html
230,Cù lao Chàm – Wikipedia tiếng Việt,https://vi.wikipedia.org/wiki/Khu_d%E1%BB%B1_tr%E1%BB%AF_sinh_quy%E1%BB%83n_r%E1%BB%ABng_ng%E1%BA%ADp_m%E1%BA%B7n_C%E1%BA%A7n_Gi%E1%BB%9D,232,230.html
230,Cù lao Chàm – Wikipedia tiếng Việt,https://vi.wikipedia.org/wiki/S%C6%A1n_Tr%C3%A0,285,230.html
230,Cù lao Chàm – Wikipedia tiếng Việt,https://vi.wikipedia.org/wiki/%C4%90%C3%A0_L%E1%BA%A1t,143,230.html
230,Cù lao Chàm – Wikipedia tiếng Việt,https://vi.wikipedia.org/wiki/Th%C3%A0nh_nh%C3%A0_H%E1%BB%93,310,230.html
230,Cù lao Chàm – Wikipedia tiếng Việt,https://vi.wikipedia.org/wiki/Ph%E1%BB%91_c%E1%BB%95_H%E1%BB%99i_An,129,230.html
230,Cù lao Chàm – Wikipedia tiếng Việt,https://vi.wikipedia.org/wiki/Qu%E1%BA%A7n_th%E1%BB%83_danh_th%E1%BA%AFng_Tr%C3%A0ng_An,134,230.html
230,Cù lao Chàm – Wikipedia tiếng Việt,https://vi.wikipedia.org/wiki/Qu%E1%BA%A7n_%C4%91%E1%BA%A3o_C%C3%A1t_B%C3%A0,154,230.html
230,Cù lao Chàm – Wikipedia tiếng Việt,https://vi.wikipedia.org/wiki/H%E1%BB%93_Tuy%E1%BB%81n_L%C3%A2m,273,230.html
230,Cù lao Chàm – Wikipedia tiếng Việt,https://vi.wikipedia.org/wiki/Tam_%C4%90%E1%BA%A3o,149,230.html
230,Cù lao Chàm – Wikipedia tiếng Việt,https://vi.wikipedia.org/wiki/B%C3%A0_N%C3%A0,146,230.html
230,Cù lao Chàm – Wikipedia tiếng Việt,https://vi.wikipedia.org/wiki/V%C6%B0%E1%BB%9Dn_qu%E1%BB%91c_gia_Tr%C3%A0m_Chim,139,230.html
230,Cù lao Chàm – Wikipedia tiếng Việt,https://vi.wikipedia.org/wiki/V%E1%BB%8Bnh_H%E1%BA%A1_Long,132,230.html
230,Cù lao Chàm – Wikipedia tiếng Việt,https://vi.wikipedia.org/wiki/H%E1%BB%93_Ba_B%E1%BB%83,148,230.html
230,Cù lao Chàm – Wikipedia tiếng Việt,https://vi.wikipedia.org/wiki/Th%C3%A1nh_%C4%91%E1%BB%8Ba_M%E1%BB%B9_S%C6%A1n,136,230.html
230,Cù lao Chàm – Wikipedia tiếng Việt,https://vi.wikipedia.org/wiki/Ph%C3%BA_Qu%E1%BB%91c,239,230.html
232,Khu dự trữ sinh quyển rừng ngập mặn Cần Giờ – Wikipedia tiếng Việt,https://vi.wikipedia.org/wiki/V%C6%B0%E1%BB%9Dn_qu%E1%BB%91c_gia_Phong_Nha_%E2%80%93_K%E1%BA%BB_B%C3%A0ng,140,232.html
232,Khu dự trữ sinh quyển rừng ngập mặn Cần Giờ – Wikipedia tiếng Việt,https://vi.wikipedia.org/wiki/B%C3%A3i_bi%E1%BB%83n_S%E1%BA%A7m_S%C6%A1n,177,232.html
232,Khu dự trữ sinh quyển rừng ngập mặn Cần Giờ – Wikipedia tiếng Việt,https://vi.wikipedia.org/wiki/V%C6%B0%E1%BB%9Dn_qu%E1%BB%91c_gia_N%C3%BAi_Ch%C3%BAa,252,232.html
232,Khu dự trữ sinh quyển rừng ngập mặn Cần Giờ – Wikipedia tiếng Việt,https://vi.wikipedia.org/wiki/C%C3%B4n_%C4%90%E1%BA%A3o,241,232.html
232,Khu dự trữ sinh quyển rừng ngập mặn Cần Giờ – Wikipedia tiếng Việt,https://vi.wikipedia.org/wiki/L%C3%BD_S%C6%A1n,147,232.html
232,Khu dự trữ sinh quyển rừng ngập mặn Cần Giờ – Wikipedia tiếng Việt,https://vi.wikipedia.org/wiki/Khu_du_l%E1%BB%8Bch_Tam_Ch%C3%BAc,497,232.html
232,Khu dự trữ sinh quyển rừng ngập mặn Cần Giờ – Wikipedia tiếng Việt,https://vi.wikipedia.org/wiki/C%C3%B4_T%C3%B4,153,232.html
232,Khu dự trữ sinh quyển rừng ngập mặn Cần Giờ – Wikipedia tiếng Việt,https://vi.wikipedia.org/wiki/N%C3%BAi_B%C3%A0_%C4%90en,254,232.html
232,Khu dự trữ sinh quyển rừng ngập mặn Cần Giờ – Wikipedia tiếng Việt,https://vi.wikipedia.org/wiki/H%E1%BB%93_N%C3%BAi_C%E1%BB%91c,166,232.html
232,Khu dự trữ sinh quyển rừng ngập mặn Cần Giờ – Wikipedia tiếng Việt,https://vi.wikipedia.org/wiki/Qu%E1%BA%A7n_th%E1%BB%83_di_t%C3%ADch_C%E1%BB%91_%C4%91%C3%B4_Hu%E1%BA%BF,128,232.html
232,Khu dự trữ sinh quyển rừng ngập mặn Cần Giờ – Wikipedia tiếng Việt,https://vi.wikipedia.org/wiki/C%C3%B9_lao_Ch%C3%A0m,230,232.html
232,Khu dự trữ sinh quyển rừng ngập mặn Cần Giờ – Wikipedia tiếng Việt,https://vi.wikipedia.org/wiki/M%C5%A9i_N%C3%A9,141,232.html
232,Khu dự trữ sinh quyển rừng ngập mặn Cần Giờ – Wikipedia tiếng Việt,https://vi.wikipedia.org/wiki/H%E1%BB%93_Tr%E1%BB%8B_An,169,232.html
232,Khu dự trữ sinh quyển rừng ngập mặn Cần Giờ – Wikipedia tiếng Việt,https://vi.wikipedia.org/wiki/Ho%C3%A0ng_th%C3%A0nh_Th%C4%83ng_Long,150,232.html
232,Khu dự trữ sinh quyển rừng ngập mặn Cần Giờ – Wikipedia tiếng Việt,https://vi.wikipedia.org/wiki/S%C6%A1n_Tr%C3%A0,285,232.html
232,Khu dự trữ sinh quyển rừng ngập mặn Cần Giờ – Wikipedia tiếng Việt,https://vi.wikipedia.org/wiki/%C4%90%E1%BB%8Ba_%C4%91%E1%BA%A1o_C%E1%BB%A7_Chi,297,232.html
232,Khu dự trữ sinh quyển rừng ngập mặn Cần Giờ – Wikipedia tiếng Việt,https://vi.wikipedia.org/wiki/%C4%90%C3%A0_L%E1%BA%A1t,143,232.html
232,Khu dự trữ sinh quyển rừng ngập mặn Cần Giờ – Wikipedia tiếng Việt,https://vi.wikipedia.org/wiki/Th%C3%A0nh_nh%C3%A0_H%E1%BB%93,310,232.html
232,Khu dự trữ sinh quyển rừng ngập mặn Cần Giờ – Wikipedia tiếng Việt,https://vi.wikipedia.org/wiki/Ph%E1%BB%91_c%E1%BB%95_H%E1%BB%99i_An,129,232.html
232,Khu dự trữ sinh quyển rừng ngập mặn Cần Giờ – Wikipedia tiếng Việt,https://vi.wikipedia.org/wiki/Qu%E1%BA%A7n_th%E1%BB%83_danh_th%E1%BA%AFng_Tr%C3%A0ng_An,134,232.html
232,Khu dự trữ sinh quyển rừng ngập mặn Cần Giờ – Wikipedia tiếng Việt,https://vi.wikipedia.org/wiki/Qu%E1%BA%A7n_%C4%91%E1%BA%A3o_C%C3%A1t_B%C3%A0,154,232.html
232,Khu dự trữ sinh quyển rừng ngập mặn Cần Giờ – Wikipedia tiếng Việt,https://vi.wikipedia.org/wiki/H%E1%BB%93_Tuy%E1%BB%81n_L%C3%A2m,273,232.html
232,Khu dự trữ sinh quyển rừng ngập mặn Cần Giờ – Wikipedia tiếng Việt,https://vi.wikipedia.org/wiki/Tam_%C4%90%E1%BA%A3o,149,232.html
232,Khu dự trữ sinh quyển rừng ngập mặn Cần Giờ – Wikipedia tiếng Việt,https://vi.wikipedia.org/wiki/B%C3%A0_N%C3%A0,146,232.html
232,Khu dự trữ sinh quyển rừng ngập mặn Cần Giờ – Wikipedia tiếng Việt,https://vi.wikipedia.org/wiki/V%C6%B0%E1%BB%9Dn_qu%E1%BB%91c_gia_Tr%C3%A0m_Chim,139,232.html
232,Khu dự trữ sinh quyển rừng ngập mặn Cần Giờ – Wikipedia tiếng Việt,https://vi.wikipedia.org/wiki/V%E1%BB%8Bnh_H%E1%BA%A1_Long,132,232.html
232,Khu dự trữ sinh quyển rừng ngập mặn Cần Giờ – Wikipedia tiếng Việt,https://vi.wikipedia.org/wiki/H%E1%BB%93_Ba_B%E1%BB%83,148,232.html
232,Khu dự trữ sinh quyển rừng ngập mặn Cần Giờ – Wikipedia tiếng Việt,https://vi.wikipedia.org/wiki/Th%C3%A1nh_%C4%91%E1%BB%8Ba_M%E1%BB%B9_S%C6%A1n,136,232.html
232,Khu dự trữ sinh quyển rừng ngập mặn Cần Giờ – Wikipedia tiếng Việt,https://vi.wikipedia.org/wiki/Ph%C3%BA_Qu%E1%BB%91c,239,232.html
235,Vườn quốc gia Xuân Thủy – Wikipedia tiếng Việt,https://vi.wikipedia.org/wiki/H%E1%BB%93_Y%C3%AAn_Th%E1%BA%AFng,167,235.html
235,Vườn quốc gia Xuân Thủy – Wikipedia tiếng Việt,https://vi.wikipedia.org/wiki/V%C6%B0%E1%BB%9Dn_qu%E1%BB%91c_gia_B%E1%BA%BFn_En,165,235.html
235,Vườn quốc gia Xuân Thủy – Wikipedia tiếng Việt,https://vi.wikipedia.org/wiki/C%C3%B9_lao_Ch%C3%A0m,230,235.html
235,Vườn quốc gia Xuân Thủy – Wikipedia tiếng Việt,https://vi.wikipedia.org/wiki/V%C6%B0%E1%BB%9Dn_qu%E1%BB%91c_gia_B%E1%BA%A1ch_M%C3%A3,248,235.html
235,Vườn quốc gia Xuân Thủy – Wikipedia tiếng Việt,https://vi.wikipedia.org/wiki/V%C6%B0%E1%BB%9Dn_qu%E1%BB%91c_gia_Phong_Nha_%E2%80%93_K%E1%BA%BB_B%C3%A0ng,140,235.html
235,Vườn quốc gia Xuân Thủy – Wikipedia tiếng Việt,https://vi.wikipedia.org/wiki/V%C6%B0%E1%BB%9Dn_qu%E1%BB%91c_gia_Ba_B%E1%BB%83,164,235.html
235,Vườn quốc gia Xuân Thủy – Wikipedia tiếng Việt,https://vi.wikipedia.org/wiki/Qu%E1%BA%A7n_th%E1%BB%83_danh_th%E1%BA%AFng_Tr%C3%A0ng_An,134,235.html
235,Vườn quốc gia Xuân Thủy – Wikipedia tiếng Việt,https://vi.wikipedia.org/wiki/V%C6%B0%E1%BB%9Dn_qu%E1%BB%91c_gia_N%C3%BAi_Ch%C3%BAa,252,235.html
235,Vườn quốc gia Xuân Thủy – Wikipedia tiếng Việt,https://vi.wikipedia.org/wiki/Khu_d%E1%BB%B1_tr%E1%BB%AF_sinh_quy%E1%BB%83n_r%E1%BB%ABng_ng%E1%BA%ADp_m%E1%BA%B7n_C%E1%BA%A7n_Gi%E1%BB%9D,232,235.html
235,Vườn quốc gia Xuân Thủy – Wikipedia tiếng Việt,https://vi.wikipedia.org/wiki/V%C6%B0%E1%BB%9Dn_qu%E1%BB%91c_gia_Tr%C3%A0m_Chim,139,235.html
235,Vườn quốc gia Xuân Thủy – Wikipedia tiếng Việt,https://vi.wikipedia.org/wiki/H%E1%BB%93_Ba_B%E1%BB%83,148,235.html
235,Vườn quốc gia Xuân Thủy – Wikipedia tiếng Việt,https://vi.wikipedia.org/wiki/Khu_b%E1%BA%A3o_t%E1%BB%93n_thi%C3%AAn_nhi%C3%AAn_%C4%91%E1%BA%A5t_ng%E1%BA%ADp_n%C6%B0%E1%BB%9Bc_V%C3%A2n_Long,237,235.html
235,Vườn quốc gia Xuân Thủy – Wikipedia tiếng Việt,https://vi.wikipedia.org/wiki/V%C6%B0%E1%BB%9Dn_qu%E1%BB%91c_gia_C%C3%A1t_Ti%C3%AAn,250,235.html
235,Vườn quốc gia Xuân Thủy – Wikipedia tiếng Việt,https://vi.wikipedia.org/wiki/V%C6%B0%E1%BB%9Dn_qu%E1%BB%91c_gia_C%C3%BAc_Ph%C6%B0%C6%A1ng,246,235.html
237,Khu bảo tồn thiên nhiên đất ngập nước Vân Long – Wikipedia tiếng Việt,https://vi.wikipedia.org/wiki/V%C6%B0%E1%BB%9Dn_qu%E1%BB%91c_gia_Xu%C3%A2n_Th%E1%BB%A7y,235,237.html
237,Khu bảo tồn thiên nhiên đất ngập nước Vân Long – Wikipedia tiếng Việt,https://vi.wikipedia.org/wiki/H%E1%BB%93_Y%C3%AAn_Th%E1%BA%AFng,167,237.html
237,Khu bảo tồn thiên nhiên đất ngập nước Vân Long – Wikipedia tiếng Việt,https://vi.wikipedia.org/wiki/Qu%E1%BA%A7n_th%E1%BB%83_danh_th%E1%BA%AFng_Tr%C3%A0ng_An,134,237.html
237,Khu bảo tồn thiên nhiên đất ngập nước Vân Long – Wikipedia tiếng Việt,https://vi.wikipedia.org/wiki/V%C6%B0%E1%BB%9Dn_qu%E1%BB%91c_gia_Tr%C3%A0m_Chim,139,237.html
237,Khu bảo tồn thiên nhiên đất ngập nước Vân Long – Wikipedia tiếng Việt,https://vi.wikipedia.org/wiki/H%E1%BB%93_Ba_B%E1%BB%83,148,237.html
237,Khu bảo tồn thiên nhiên đất ngập nước Vân Long – Wikipedia tiếng Việt,https://vi.wikipedia.org/wiki/V%C6%B0%E1%BB%9Dn_qu%E1%BB%91c_gia_C%C3%BAc_Ph%C6%B0%C6%A1ng,246,237.html
239,Phú Quốc – Wikipedia tiếng Việt,https://vi.wikipedia.org/wiki/L%C3%BD_S%C6%A1n,147,239.html
239,Phú Quốc – Wikipedia tiếng Việt,https://vi.wikipedia.org/wiki/C%C3%B4n_%C4%90%E1%BA%A3o,241,239.html
24,Cẩm nang du lịch Cà Mau 2024: top 11 địa điểm phải đến mới nhất,https://vnexpress.net/mui-ca-mau-cuc-nam-cua-to-quoc-3996819.html,412,24.html
241,Côn Đảo – Wikipedia tiếng Việt,https://vi.wikipedia.org/wiki/V%C6%B0%E1%BB%9Dn_qu%E1%BB%91c_gia_Phong_Nha_%E2%80%93_K%E1%BA%BB_B%C3%A0ng,140,241.html
241,Côn Đảo – Wikipedia tiếng Việt,https://vi.wikipedia.org/wiki/B%C3%A3i_bi%E1%BB%83n_S%E1%BA%A7m_S%C6%A1n,177,241.html
241,Côn Đảo – Wikipedia tiếng Việt,https://vi.wikipedia.org/wiki/L%C3%BD_S%C6%A1n,147,241.html
241,Côn Đảo – Wikipedia tiếng Việt,https://vi.wikipedia.org/wiki/Khu_du_l%E1%BB%8Bch_Tam_Ch%C3%BAc,497,241.html
241,Côn Đảo – Wikipedia tiếng Việt,https://vi.wikipedia.org/wiki/C%C3%B4_T%C3%B4,153,241.html
241,Côn Đảo – Wikipedia tiếng Việt,https://vi.wikipedia.org/wiki/N%C3%BAi_B%C3%A0_%C4%90en,254,241.html
241,Côn Đảo – Wikipedia tiếng Việt,https://vi.wikipedia.org/wiki/H%E1%BB%93_N%C3%BAi_C%E1%BB%91c,166,241.html
241,Côn Đảo – Wikipedia tiếng Việt,https://vi.wikipedia.org/wiki/Qu%E1%BA%A7n_th%E1%BB%83_di_t%C3%ADch_C%E1%BB%91_%C4%91%C3%B4_Hu%E1%BA%BF,128,241.html
241,Côn Đảo – Wikipedia tiếng Việt,https://vi.wikipedia.org/wiki/M%C5%A9i_N%C3%A9,141,241.html
241,Côn Đảo – Wikipedia tiếng Việt,https://vi.wikipedia.org/wiki/C%C3%B9_lao_Ch%C3%A0m,230,241.html
241,Côn Đảo – Wikipedia tiếng Việt,https://vi.wikipedia.org/wiki/H%E1%BB%93_Tr%E1%BB%8B_An,169,241.html
241,Côn Đảo – Wikipedia tiếng Việt,https://vi.wikipedia.org/wiki/Ho%C3%A0ng_th%C3%A0nh_Th%C4%83ng_Long,150,241.html
241,Côn Đảo – Wikipedia tiếng Việt,https://vi.wikipedia.org/wiki/Khu_d%E1%BB%B1_tr%E1%BB%AF_sinh_quy%E1%BB%83n_r%E1%BB%ABng_ng%E1%BA%ADp_m%E1%BA%B7n_C%E1%BA%A7n_Gi%E1%BB%9D,232,241.html
241,Côn Đảo – Wikipedia tiếng Việt,https://vi.wikipedia.org/wiki/S%C6%A1n_Tr%C3%A0,285,241.html
241,Côn Đảo – Wikipedia tiếng Việt,https://vi.wikipedia.org/wiki/%C4%90%C3%A0_L%E1%BA%A1t,143,241.html
241,Côn Đảo – Wikipedia tiếng Việt,https://vi.wikipedia.org/wiki/Th%C3%A0nh_nh%C3%A0_H%E1%BB%93,310,241.html
241,Côn Đảo – Wikipedia tiếng Việt,https://vi.wikipedia.org/wiki/Ph%E1%BB%91_c%E1%BB%95_H%E1%BB%99i_An,129,241.html
241,Côn Đảo – Wikipedia tiếng Việt,https://vi.wikipedia.org/wiki/Qu%E1%BA%A7n_th%E1%BB%83_danh_th%E1%BA%AFng_Tr%C3%A0ng_An,134,241.html
241,Côn Đảo – Wikipedia tiếng Việt,https://vi.wikipedia.org/wiki/Qu%E1%BA%A7n_%C4%91%E1%BA%A3o_C%C3%A1t_B%C3%A0,154,241.html
241,Côn Đảo – Wikipedia tiếng Việt,https://vi.wikipedia.org/wiki/H%E1%BB%93_Tuy%E1%BB%81n_L%C3%A2m,273,241.html
241,Côn Đảo – Wikipedia tiếng Việt,https://vi.wikipedia.org/wiki/Tam_%C4%90%E1%BA%A3o,149,241.html
241,Côn Đảo – Wikipedia tiếng Việt,https://vi.wikipedia.org/wiki/B%C3%A0_N%C3%A0,146,241.html
241,Côn Đảo – Wikipedia tiếng Việt,https://vi.wikipedia.org/wiki/V%C6%B0%E1%BB%9Dn_qu%E1%BB%91c_gia_Tr%C3%A0m_Chim,139,241.html
241,Côn Đảo – Wikipedia tiếng Việt,https://vi.wikipedia.org/wiki/V%E1%BB%8Bnh_H%E1%BA%A1_Long,132,241.html
241,Côn Đảo – Wikipedia tiếng Việt,https://vi.wikipedia.org/wiki/H%E1%BB%93_Ba_B%E1%BB%83,148,241.html
241,Côn Đảo – Wikipedia tiếng Việt,https://vi.wikipedia.org/wiki/Th%C3%A1nh_%C4%91%E1%BB%8Ba_M%E1%BB%B9_S%C6%A1n,136,241.html
241,Côn Đảo – Wikipedia tiếng Việt,https://vi.wikipedia.org/wiki/Ph%C3%BA_Qu%E1%BB%91c,239,241.html
243,Hang Sơn Đoòng – Wikipedia tiếng Việt,https://vi.wikipedia.org/wiki/V%C6%B0%E1%BB%9Dn_qu%E1%BB%91c_gia_Phong_Nha_%E2%80%93_K%E1%BA%BB_B%C3%A0ng,140,243.html
243,Hang Sơn Đoòng – Wikipedia tiếng Việt,https://vi.wikipedia.org/wiki/Hang_%C3%89n,265,243.html
243,Hang Sơn Đoòng – Wikipedia tiếng Việt,https://vi.wikipedia.org/wiki/Ng%C5%A9_H%C3%A0nh_S%C6%A1n,288,243.html
243,Hang Sơn Đoòng – Wikipedia tiếng Việt,https://vi.wikipedia.org/wiki/%C4%90%E1%BB%99ng_Phong_Nha,192,243.html
243,Hang Sơn Đoòng – Wikipedia tiếng Việt,https://vi.wikipedia.org/wiki/%C4%90%E1%BB%99ng_Thi%C3%AAn_%C4%90%C6%B0%E1%BB%9Dng,267,243.html
246,Vườn quốc gia Cúc Phương – Wikipedia tiếng Việt,https://vi.wikipedia.org/wiki/V%C6%B0%E1%BB%9Dn_qu%E1%BB%91c_gia_Phong_Nha_%E2%80%93_K%E1%BA%BB_B%C3%A0ng,140,246.html
246,Vườn quốc gia Cúc Phương – Wikipedia tiếng Việt,https://vi.wikipedia.org/wiki/B%C3%A3i_bi%E1%BB%83n_S%E1%BA%A7m_S%C6%A1n,177,246.html
246,Vườn quốc gia Cúc Phương – Wikipedia tiếng Việt,https://vi.wikipedia.org/wiki/V%C6%B0%E1%BB%9Dn_qu%E1%BB%91c_gia_Ba_B%E1%BB%83,164,246.html
246,Vườn quốc gia Cúc Phương – Wikipedia tiếng Việt,https://vi.wikipedia.org/wiki/V%C6%B0%E1%BB%9Dn_qu%E1%BB%91c_gia_N%C3%BAi_Ch%C3%BAa,252,246.html
246,Vườn quốc gia Cúc Phương – Wikipedia tiếng Việt,https://vi.wikipedia.org/wiki/Fansipan,138,246.html
246,Vườn quốc gia Cúc Phương – Wikipedia tiếng Việt,https://vi.wikipedia.org/wiki/H%E1%BB%93_N%C3%BAi_C%E1%BB%91c,166,246.html
246,Vườn quốc gia Cúc Phương – Wikipedia tiếng Việt,https://vi.wikipedia.org/wiki/V%C6%B0%E1%BB%9Dn_qu%E1%BB%91c_gia_C%C3%A1t_Ti%C3%AAn,250,246.html
246,Vườn quốc gia Cúc Phương – Wikipedia tiếng Việt,https://vi.wikipedia.org/wiki/V%C6%B0%E1%BB%9Dn_qu%E1%BB%91c_gia_Xu%C3%A2n_Th%E1%BB%A7y,235,246.html
246,Vườn quốc gia Cúc Phương – Wikipedia tiếng Việt,https://vi.wikipedia.org/wiki/M%C5%A9i_N%C3%A9,141,246.html
246,Vườn quốc gia Cúc Phương – Wikipedia tiếng Việt,https://vi.wikipedia.org/wiki/C%C3%B9_lao_Ch%C3%A0m,230,246.html
246,Vườn quốc gia Cúc Phương – Wikipedia tiếng Việt,https://vi.wikipedia.org/wiki/Qu%E1%BA%A7n_th%E1%BB%83_di_t%C3%ADch_C%E1%BB%91_%C4%91%C3%B4_Hu%E1%BA%BF,128,246.html
246,Vườn quốc gia Cúc Phương – Wikipedia tiếng Việt,https://vi.wikipedia.org/wiki/V%C6%B0%E1%BB%9Dn_qu%E1%BB%91c_gia_B%E1%BA%A1ch_M%C3%A3,248,246.html
246,Vườn quốc gia Cúc Phương – Wikipedia tiếng Việt,https://vi.wikipedia.org/wiki/Ho%C3%A0ng_th%C3%A0nh_Th%C4%83ng_Long,150,246.html
246,Vườn quốc gia Cúc Phương – Wikipedia tiếng Việt,https://vi.wikipedia.org/wiki/Khu_d%E1%BB%B1_tr%E1%BB%AF_sinh_quy%E1%BB%83n_r%E1%BB%ABng_ng%E1%BA%ADp_m%E1%BA%B7n_C%E1%BA%A7n_Gi%E1%BB%9D,232,246.html
246,Vườn quốc gia Cúc Phương – Wikipedia tiếng Việt,https://vi.wikipedia.org/wiki/Th%C3%A0nh_nh%C3%A0_H%E1%BB%93,310,246.html
246,Vườn quốc gia Cúc Phương – Wikipedia tiếng Việt,https://vi.wikipedia.org/wiki/Ph%E1%BB%91_c%E1%BB%95_H%E1%BB%99i_An,129,246.html
246,Vườn quốc gia Cúc Phương – Wikipedia tiếng Việt,https://vi.wikipedia.org/wiki/V%C6%B0%E1%BB%9Dn_qu%E1%BB%91c_gia_B%E1%BA%BFn_En,165,246.html
246,Vườn quốc gia Cúc Phương – Wikipedia tiếng Việt,https://vi.wikipedia.org/wiki/H%E1%BB%93_Y%C3%AAn_Th%E1%BA%AFng,167,246.html
246,Vườn quốc gia Cúc Phương – Wikipedia tiếng Việt,https://vi.wikipedia.org/wiki/Qu%E1%BA%A7n_th%E1%BB%83_danh_th%E1%BA%AFng_Tr%C3%A0ng_An,134,246.html
246,Vườn quốc gia Cúc Phương – Wikipedia tiếng Việt,https://vi.wikipedia.org/wiki/Qu%E1%BA%A7n_%C4%91%E1%BA%A3o_C%C3%A1t_B%C3%A0,154,246.html
246,Vườn quốc gia Cúc Phương – Wikipedia tiếng Việt,https://vi.wikipedia.org/wiki/V%C6%B0%E1%BB%9Dn_qu%E1%BB%91c_gia_Tr%C3%A0m_Chim,139,246.html
246,Vườn quốc gia Cúc Phương – Wikipedia tiếng Việt,https://vi.wikipedia.org/wiki/V%E1%BB%8Bnh_H%E1%BA%A1_Long,132,246.html
246,Vườn quốc gia Cúc Phương – Wikipedia tiếng Việt,https://vi.wikipedia.org/wiki/H%E1%BB%93_Ba_B%E1%BB%83,148,246.html
246,Vườn quốc gia Cúc Phương – Wikipedia tiếng Việt,https://vi.wikipedia.org/wiki/Th%C3%A1nh_%C4%91%E1%BB%8Ba_M%E1%BB%B9_S%C6%A1n,136,246.html
246,Vườn quốc gia Cúc Phương – Wikipedia tiếng Việt,https://vi.wikipedia.org/wiki/Ph%C3%BA_Qu%E1%BB%91c,239,246.html
248,Vườn quốc gia Bạch Mã – Wikipedia tiếng Việt,https://vi.wikipedia.org/wiki/V%C6%B0%E1%BB%9Dn_qu%E1%BB%91c_gia_Xu%C3%A2n_Th%E1%BB%A7y,235,248.html
248,Vườn quốc gia Bạch Mã – Wikipedia tiếng Việt,https://vi.wikipedia.org/wiki/V%C6%B0%E1%BB%9Dn_qu%E1%BB%91c_gia_B%E1%BA%BFn_En,165,248.html
248,Vườn quốc gia Bạch Mã – Wikipedia tiếng Việt,https://vi.wikipedia.org/wiki/V%C6%B0%E1%BB%9Dn_qu%E1%BB%91c_gia_Phong_Nha_%E2%80%93_K%E1%BA%BB_B%C3%A0ng,140,248.html
248,Vườn quốc gia Bạch Mã – Wikipedia tiếng Việt,https://vi.wikipedia.org/wiki/V%C6%B0%E1%BB%9Dn_qu%E1%BB%91c_gia_Ba_B%E1%BB%83,164,248.html
248,Vườn quốc gia Bạch Mã – Wikipedia tiếng Việt,https://vi.wikipedia.org/wiki/V%C6%B0%E1%BB%9Dn_qu%E1%BB%91c_gia_N%C3%BAi_Ch%C3%BAa,252,248.html
248,Vườn quốc gia Bạch Mã – Wikipedia tiếng Việt,https://vi.wikipedia.org/wiki/V%C6%B0%E1%BB%9Dn_qu%E1%BB%91c_gia_Tr%C3%A0m_Chim,139,248.html
248,Vườn quốc gia Bạch Mã – Wikipedia tiếng Việt,https://vi.wikipedia.org/wiki/V%C6%B0%E1%BB%9Dn_qu%E1%BB%91c_gia_C%C3%A1t_Ti%C3%AAn,250,248.html
248,Vườn quốc gia Bạch Mã – Wikipedia tiếng Việt,https://vi.wikipedia.org/wiki/V%C6%B0%E1%BB%9Dn_qu%E1%BB%91c_gia_C%C3%BAc_Ph%C6%B0%C6%A1ng,246,248.html
250,Vườn quốc gia Cát Tiên – Wikipedia tiếng Việt,https://vi.wikipedia.org/wiki/V%C6%B0%E1%BB%9Dn_qu%E1%BB%91c_gia_Phong_Nha_%E2%80%93_K%E1%BA%BB_B%C3%A0ng,140,250.html
250,Vườn quốc gia Cát Tiên – Wikipedia tiếng Việt,https://vi.wikipedia.org/wiki/B%C3%A3i_bi%E1%BB%83n_S%E1%BA%A7m_S%C6%A1n,177,250.html
250,Vườn quốc gia Cát Tiên – Wikipedia tiếng Việt,https://vi.wikipedia.org/wiki/V%C6%B0%E1%BB%9Dn_qu%E1%BB%91c_gia_N%C3%BAi_Ch%C3%BAa,252,250.html
250,Vườn quốc gia Cát Tiên – Wikipedia tiếng Việt,https://vi.wikipedia.org/wiki/V%C6%B0%E1%BB%9Dn_qu%E1%BB%91c_gia_Ba_B%E1%BB%83,164,250.html
250,Vườn quốc gia Cát Tiên – Wikipedia tiếng Việt,https://vi.wikipedia.org/wiki/C%C3%B4n_%C4%90%E1%BA%A3o,241,250.html
250,Vườn quốc gia Cát Tiên – Wikipedia tiếng Việt,https://vi.wikipedia.org/wiki/Ng%C5%A9_H%C3%A0nh_S%C6%A1n,288,250.html
250,Vườn quốc gia Cát Tiên – Wikipedia tiếng Việt,https://vi.wikipedia.org/wiki/L%C3%BD_S%C6%A1n,147,250.html
250,Vườn quốc gia Cát Tiên – Wikipedia tiếng Việt,https://vi.wikipedia.org/wiki/Khu_du_l%E1%BB%8Bch_Tam_Ch%C3%BAc,497,250.html
250,Vườn quốc gia Cát Tiên – Wikipedia tiếng Việt,https://vi.wikipedia.org/wiki/C%C3%B4_T%C3%B4,153,250.html
250,Vườn quốc gia Cát Tiên – Wikipedia tiếng Việt,https://vi.wikipedia.org/wiki/Khu_di_t%C3%ADch_l%E1%BB%8Bch_s%E1%BB%AD_v%C3%A0_danh_th%E1%BA%AFng_Y%C3%AAn_T%E1%BB%AD,313,250.html
250,Vườn quốc gia Cát Tiên – Wikipedia tiếng Việt,https://vi.wikipedia.org/wiki/N%C3%BAi_B%C3%A0_%C4%90en,254,250.html
250,Vườn quốc gia Cát Tiên – Wikipedia tiếng Việt,https://vi.wikipedia.org/wiki/H%E1%BB%93_N%C3%BAi_C%E1%BB%91c,166,250.html
250,Vườn quốc gia Cát Tiên – Wikipedia tiếng Việt,https://vi.wikipedia.org/wiki/Khu_di_t%C3%ADch_P%C3%A1c_B%C3%B3,174,250.html
250,Vườn quốc gia Cát Tiên – Wikipedia tiếng Việt,https://vi.wikipedia.org/wiki/V%C6%B0%E1%BB%9Dn_qu%E1%BB%91c_gia_Xu%C3%A2n_Th%E1%BB%A7y,235,250.html
250,Vườn quốc gia Cát Tiên – Wikipedia tiếng Việt,https://vi.wikipedia.org/wiki/Qu%E1%BA%A7n_th%E1%BB%83_di_t%C3%ADch_C%E1%BB%91_%C4%91%C3%B4_Hu%E1%BA%BF,128,250.html
250,Vườn quốc gia Cát Tiên – Wikipedia tiếng Việt,https://vi.wikipedia.org/wiki/C%C3%B9_lao_Ch%C3%A0m,230,250.html
250,Vườn quốc gia Cát Tiên – Wikipedia tiếng Việt,https://vi.wikipedia.org/wiki/M%C5%A9i_N%C3%A9,141,250.html
250,Vườn quốc gia Cát Tiên – Wikipedia tiếng Việt,https://vi.wikipedia.org/wiki/V%C6%B0%E1%BB%9Dn_qu%E1%BB%91c_gia_B%E1%BA%A1ch_M%C3%A3,248,250.html
250,Vườn quốc gia Cát Tiên – Wikipedia tiếng Việt,https://vi.wikipedia.org/wiki/H%E1%BB%93_Tr%E1%BB%8B_An,169,250.html
250,Vườn quốc gia Cát Tiên – Wikipedia tiếng Việt,https://vi.wikipedia.org/wiki/Ho%C3%A0ng_th%C3%A0nh_Th%C4%83ng_Long,150,250.html
250,Vườn quốc gia Cát Tiên – Wikipedia tiếng Việt,https://vi.wikipedia.org/wiki/Th%C3%A1p_Po_Klong_Garai,299,250.html
250,Vườn quốc gia Cát Tiên – Wikipedia tiếng Việt,https://vi.wikipedia.org/wiki/Khu_d%E1%BB%B1_tr%E1%BB%AF_sinh_quy%E1%BB%83n_r%E1%BB%ABng_ng%E1%BA%ADp_m%E1%BA%B7n_C%E1%BA%A7n_Gi%E1%BB%9D,232,250.html
250,Vườn quốc gia Cát Tiên – Wikipedia tiếng Việt,https://vi.wikipedia.org/wiki/S%C6%A1n_Tr%C3%A0,285,250.html
250,Vườn quốc gia Cát Tiên – Wikipedia tiếng Việt,https://vi.wikipedia.org/wiki/%C4%90%E1%BB%8Ba_%C4%91%E1%BA%A1o_C%E1%BB%A7_Chi,297,250.html
250,Vườn quốc gia Cát Tiên – Wikipedia tiếng Việt,https://vi.wikipedia.org/wiki/%C4%90%C3%A0_L%E1%BA%A1t,143,250.html
250,Vườn quốc gia Cát Tiên – Wikipedia tiếng Việt,https://vi.wikipedia.org/wiki/Th%C3%A0nh_nh%C3%A0_H%E1%BB%93,310,250.html
250,Vườn quốc gia Cát Tiên – Wikipedia tiếng Việt,https://vi.wikipedia.org/wiki/Ph%E1%BB%91_c%E1%BB%95_H%E1%BB%99i_An,129,250.html
250,Vườn quốc gia Cát Tiên – Wikipedia tiếng Việt,https://vi.wikipedia.org/wiki/V%C6%B0%E1%BB%9Dn_qu%E1%BB%91c_gia_C%C3%BAc_Ph%C6%B0%C6%A1ng,246,250.html
250,Vườn quốc gia Cát Tiên – Wikipedia tiếng Việt,https://vi.wikipedia.org/wiki/V%C6%B0%E1%BB%9Dn_qu%E1%BB%91c_gia_B%E1%BA%BFn_En,165,250.html
250,Vườn quốc gia Cát Tiên – Wikipedia tiếng Việt,https://vi.wikipedia.org/wiki/G%C3%A0nh_%C4%90%C3%A1_%C4%90%C4%A9a,291,250.html
250,Vườn quốc gia Cát Tiên – Wikipedia tiếng Việt,https://vi.wikipedia.org/wiki/Qu%E1%BA%A7n_th%E1%BB%83_danh_th%E1%BA%AFng_Tr%C3%A0ng_An,134,250.html
250,Vườn quốc gia Cát Tiên – Wikipedia tiếng Việt,https://vi.wikipedia.org/wiki/Qu%E1%BA%A7n_%C4%91%E1%BA%A3o_C%C3%A1t_B%C3%A0,154,250.html
250,Vườn quốc gia Cát Tiên – Wikipedia tiếng Việt,https://vi.wikipedia.org/wiki/H%E1%BB%93_Tuy%E1%BB%81n_L%C3%A2m,273,250.html
250,Vườn quốc gia Cát Tiên – Wikipedia tiếng Việt,https://vi.wikipedia.org/wiki/Tam_%C4%90%E1%BA%A3o,149,250.html
250,Vườn quốc gia Cát Tiên – Wikipedia tiếng Việt,https://vi.wikipedia.org/wiki/Ch%C3%B9a_B%E1%BB%95_%C4%90%C3%A0,301,250.html
250,Vườn quốc gia Cát Tiên – Wikipedia tiếng Việt,https://vi.wikipedia.org/wiki/B%C3%A0_N%C3%A0,146,250.html
250,Vườn quốc gia Cát Tiên – Wikipedia tiếng Việt,https://vi.wikipedia.org/wiki/Ru%E1%BB%99ng_b%E1%BA%ADc_thang_M%C3%B9_Cang_Ch%E1%BA%A3i,308,250.html
250,Vườn quốc gia Cát Tiên – Wikipedia tiếng Việt,https://vi.wikipedia.org/wiki/V%C6%B0%E1%BB%9Dn_qu%E1%BB%91c_gia_Tr%C3%A0m_Chim,139,250.html
250,Vườn quốc gia Cát Tiên – Wikipedia tiếng Việt,https://vi.wikipedia.org/wiki/H%E1%BB%93_Ba_B%E1%BB%83,148,250.html
250,Vườn quốc gia Cát Tiên – Wikipedia tiếng Việt,https://vi.wikipedia.org/wiki/V%E1%BB%8Bnh_H%E1%BA%A1_Long,132,250.html
250,Vườn quốc gia Cát Tiên – Wikipedia tiếng Việt,https://vi.wikipedia.org/wiki/Th%C3%A1nh_%C4%91%E1%BB%8Ba_M%E1%BB%B9_S%C6%A1n,136,250.html
250,Vườn quốc gia Cát Tiên – Wikipedia tiếng Việt,https://vi.wikipedia.org/wiki/Ph%C3%BA_Qu%E1%BB%91c,239,250.html
251,Trang chủ - VQG Cát Tiên,http://www.bachmapark.com.vn/,161,251.html
252,Vườn quốc gia Núi Chúa – Wikipedia tiếng Việt,https://vi.wikipedia.org/wiki/V%C6%B0%E1%BB%9Dn_qu%E1%BB%91c_gia_Xu%C3%A2n_Th%E1%BB%A7y,235,252.html
252,Vườn quốc gia Núi Chúa – Wikipedia tiếng Việt,https://vi.wikipedia.org/wiki/V%C6%B0%E1%BB%9Dn_qu%E1%BB%91c_gia_B%E1%BA%BFn_En,165,252.html
252,Vườn quốc gia Núi Chúa – Wikipedia tiếng Việt,https://vi.wikipedia.org/wiki/C%C3%B9_lao_Ch%C3%A0m,230,252.html
252,Vườn quốc gia Núi Chúa – Wikipedia tiếng Việt,https://vi.wikipedia.org/wiki/V%C6%B0%E1%BB%9Dn_qu%E1%BB%91c_gia_B%E1%BA%A1ch_M%C3%A3,248,252.html
252,Vườn quốc gia Núi Chúa – Wikipedia tiếng Việt,https://vi.wikipedia.org/wiki/V%C6%B0%E1%BB%9Dn_qu%E1%BB%91c_gia_Phong_Nha_%E2%80%93_K%E1%BA%BB_B%C3%A0ng,140,252.html
252,Vườn quốc gia Núi Chúa – Wikipedia tiếng Việt,https://vi.wikipedia.org/wiki/V%C6%B0%E1%BB%9Dn_qu%E1%BB%91c_gia_Ba_B%E1%BB%83,164,252.html
252,Vườn quốc gia Núi Chúa – Wikipedia tiếng Việt,https://vi.wikipedia.org/wiki/Khu_d%E1%BB%B1_tr%E1%BB%AF_sinh_quy%E1%BB%83n_r%E1%BB%ABng_ng%E1%BA%ADp_m%E1%BA%B7n_C%E1%BA%A7n_Gi%E1%BB%9D,232,252.html
252,Vườn quốc gia Núi Chúa – Wikipedia tiếng Việt,https://vi.wikipedia.org/wiki/V%C6%B0%E1%BB%9Dn_qu%E1%BB%91c_gia_Tr%C3%A0m_Chim,139,252.html
252,Vườn quốc gia Núi Chúa – Wikipedia tiếng Việt,https://vi.wikipedia.org/wiki/V%C6%B0%E1%BB%9Dn_qu%E1%BB%91c_gia_C%C3%A1t_Ti%C3%AAn,250,252.html
252,Vườn quốc gia Núi Chúa – Wikipedia tiếng Việt,https://vi.wikipedia.org/wiki/V%C6%B0%E1%BB%9Dn_qu%E1%BB%91c_gia_C%C3%BAc_Ph%C6%B0%C6%A1ng,246,252.html
254,Núi Bà Đen – Wikipedia tiếng Việt,https://vi.wikipedia.org/wiki/V%C6%B0%E1%BB%9Dn_qu%E1%BB%91c_gia_Phong_Nha_%E2%80%93_K%E1%BA%BB_B%C3%A0ng,140,254.html
254,Núi Bà Đen – Wikipedia tiếng Việt,https://vi.wikipedia.org/wiki/B%C3%A3i_bi%E1%BB%83n_S%E1%BA%A7m_S%C6%A1n,177,254.html
254,Núi Bà Đen – Wikipedia tiếng Việt,https://vi.wikipedia.org/wiki/C%C3%B4n_%C4%90%E1%BA%A3o,241,254.html
254,Núi Bà Đen – Wikipedia tiếng Việt,https://vi.wikipedia.org/wiki/L%C3%BD_S%C6%A1n,147,254.html
254,Núi Bà Đen – Wikipedia tiếng Việt,https://vi.wikipedia.org/wiki/Khu_du_l%E1%BB%8Bch_Tam_Ch%C3%BAc,497,254.html
254,Núi Bà Đen – Wikipedia tiếng Việt,https://vi.wikipedia.org/wiki/C%C3%B4_T%C3%B4,153,254.html
254,Núi Bà Đen – Wikipedia tiếng Việt,https://vi.wikipedia.org/wiki/Fansipan,138,254.html
254,Núi Bà Đen – Wikipedia tiếng Việt,https://vi.wikipedia.org/wiki/H%E1%BB%93_N%C3%BAi_C%E1%BB%91c,166,254.html
254,Núi Bà Đen – Wikipedia tiếng Việt,https://vi.wikipedia.org/wiki/Qu%E1%BA%A7n_th%E1%BB%83_di_t%C3%ADch_C%E1%BB%91_%C4%91%C3%B4_Hu%E1%BA%BF,128,254.html
254,Núi Bà Đen – Wikipedia tiếng Việt,https://vi.wikipedia.org/wiki/M%C5%A9i_N%C3%A9,141,254.html
254,Núi Bà Đen – Wikipedia tiếng Việt,https://vi.wikipedia.org/wiki/C%C3%B9_lao_Ch%C3%A0m,230,254.html
254,Núi Bà Đen – Wikipedia tiếng Việt,https://vi.wikipedia.org/wiki/H%E1%BB%93_Tr%E1%BB%8B_An,169,254.html
254,Núi Bà Đen – Wikipedia tiếng Việt,https://vi.wikipedia.org/wiki/Ho%C3%A0ng_th%C3%A0nh_Th%C4%83ng_Long,150,254.html
254,Núi Bà Đen – Wikipedia tiếng Việt,https://vi.wikipedia.org/wiki/Khu_d%E1%BB%B1_tr%E1%BB%AF_sinh_quy%E1%BB%83n_r%E1%BB%ABng_ng%E1%BA%ADp_m%E1%BA%B7n_C%E1%BA%A7n_Gi%E1%BB%9D,232,254.html
254,Núi Bà Đen – Wikipedia tiếng Việt,https://vi.wikipedia.org/wiki/S%C6%A1n_Tr%C3%A0,285,254.html
254,Núi Bà Đen – Wikipedia tiếng Việt,https://vi.wikipedia.org/wiki/%C4%90%C3%A0_L%E1%BA%A1t,143,254.html
254,Núi Bà Đen – Wikipedia tiếng Việt,https://vi.wikipedia.org/wiki/Th%C3%A0nh_nh%C3%A0_H%E1%BB%93,310,254.html
254,Núi Bà Đen – Wikipedia tiếng Việt,https://vi.wikipedia.org/wiki/Ph%E1%BB%91_c%E1%BB%95_H%E1%BB%99i_An,129,254.html
254,Núi Bà Đen – Wikipedia tiếng Việt,https://vi.wikipedia.org/wiki/Qu%E1%BA%A7n_th%E1%BB%83_danh_th%E1%BA%AFng_Tr%C3%A0ng_An,134,254.html
254,Núi Bà Đen – Wikipedia tiếng Việt,https://vi.wikipedia.org/wiki/Qu%E1%BA%A7n_%C4%91%E1%BA%A3o_C%C3%A1t_B%C3%A0,154,254.html
254,Núi Bà Đen – Wikipedia tiếng Việt,https://vi.wikipedia.org/wiki/H%E1%BB%93_Tuy%E1%BB%81n_L%C3%A2m,273,254.html
254,Núi Bà Đen – Wikipedia tiếng Việt,https://vi.wikipedia.org/wiki/Tam_%C4%90%E1%BA%A3o,149,254.html
254,Núi Bà Đen – Wikipedia tiếng Việt,https://vi.wikipedia.org/wiki/B%C3%A0_N%C3%A0,146,254.html
254,Núi Bà Đen – Wikipedia tiếng Việt,https://vi.wikipedia.org/wiki/V%C6%B0%E1%BB%9Dn_qu%E1%BB%91c_gia_Tr%C3%A0m_Chim,139,254.html
254,Núi Bà Đen – Wikipedia tiếng Việt,https://vi.wikipedia.org/wiki/V%E1%BB%8Bnh_H%E1%BA%A1_Long,132,254.html
254,Núi Bà Đen – Wikipedia tiếng Việt,https://vi.wikipedia.org/wiki/H%E1%BB%93_Ba_B%E1%BB%83,148,254.html
254,Núi Bà Đen – Wikipedia tiếng Việt,https://vi.wikipedia.org/wiki/Th%C3%A1nh_%C4%91%E1%BB%8Ba_M%E1%BB%B9_S%C6%A1n,136,254.html
254,Núi Bà Đen – Wikipedia tiếng Việt,https://vi.wikipedia.org/wiki/Ph%C3%BA_Qu%E1%BB%91c,239,254.html
258,Đồi chè Mộc Châu tựa tiên cảnh trong sương sớm - Báo VnExpress Du lịch,https://vnexpress.net/cam-nang-du-lich-moc-chau-4098678.html,71,258.html
258,Đồi chè Mộc Châu tựa tiên cảnh trong sương sớm - Báo VnExpress Du lịch,https://vnexpress.net/cam-nang-du-lich-son-la-4720798.html,97,258.html
26,"Kinh nghiệm du lịch Côn Đảo 2025 từ A đến Z: di chuyển, ăn chơi, cảnh đẹp...",https://vnexpress.net/cam-nang-du-lich-ba-ria-vung-tau-4479713.html,9,26.html
26,"Kinh nghiệm du lịch Côn Đảo 2025 từ A đến Z: di chuyển, ăn chơi, cảnh đẹp...",https://vnexpress.net/cam-nang-du-lich-vung-tau-4476318.html,123,26.html
260,Thác Bản Giốc – Wikipedia tiếng Việt,https://vi.wikipedia.org/wiki/Th%C3%A1c_Pongour,205,260.html
260,Thác Bản Giốc – Wikipedia tiếng Việt,https://vi.wikipedia.org/wiki/Th%C3%A1c_Prenn,207,260.html
265,Hang Én – Wikipedia tiếng Việt,https://vi.wikipedia.org/wiki/Hang_S%C6%A1n_%C4%90o%C3%B2ng,243,265.html
265,Hang Én – Wikipedia tiếng Việt,https://vi.wikipedia.org/wiki/Ng%C5%A9_H%C3%A0nh_S%C6%A1n,288,265.html
265,Hang Én – Wikipedia tiếng Việt,https://vi.wikipedia.org/wiki/V%E1%BB%8Bnh_H%E1%BA%A1_Long,132,265.html
265,Hang Én – Wikipedia tiếng Việt,https://vi.wikipedia.org/wiki/%C4%90%E1%BB%99ng_Phong_Nha,192,265.html
265,Hang Én – Wikipedia tiếng Việt,https://vi.wikipedia.org/wiki/%C4%90%E1%BB%99ng_Thi%C3%AAn_%C4%90%C6%B0%E1%BB%9Dng,267,265.html
267,Động Thiên Đường – Wikipedia tiếng Việt,https://vi.wikipedia.org/wiki/Hang_S%C6%A1n_%C4%90o%C3%B2ng,243,267.html
267,Động Thiên Đường – Wikipedia tiếng Việt,https://vi.wikipedia.org/wiki/V%C6%B0%E1%BB%9Dn_qu%E1%BB%91c_gia_Phong_Nha_%E2%80%93_K%E1%BA%BB_B%C3%A0ng,140,267.html
267,Động Thiên Đường – Wikipedia tiếng Việt,https://vi.wikipedia.org/wiki/Hang_%C3%89n,265,267.html
267,Động Thiên Đường – Wikipedia tiếng Việt,https://vi.wikipedia.org/wiki/Ng%C5%A9_H%C3%A0nh_S%C6%A1n,288,267.html
267,Động Thiên Đường – Wikipedia tiếng Việt,https://vi.wikipedia.org/wiki/%C4%90%E1%BB%99ng_Phong_Nha,192,267.html
270,Cầu Vàng – Wikipedia tiếng Việt,https://vi.wikipedia.org/wiki/B%C3%A0_N%C3%A0,146,270.html
273,Hồ Tuyền Lâm – Wikipedia tiếng Việt,https://vi.wikipedia.org/wiki/V%C6%B0%E1%BB%9Dn_qu%E1%BB%91c_gia_Phong_Nha_%E2%80%93_K%E1%BA%BB_B%C3%A0ng,140,273.html
273,Hồ Tuyền Lâm – Wikipedia tiếng Việt,https://vi.wikipedia.org/wiki/B%C3%A3i_bi%E1%BB%83n_S%E1%BA%A7m_S%C6%A1n,177,273.html
273,Hồ Tuyền Lâm – Wikipedia tiếng Việt,https://vi.wikipedia.org/wiki/Th%C3%A1c_Prenn,207,273.html
273,Hồ Tuyền Lâm – Wikipedia tiếng Việt,https://vi.wikipedia.org/wiki/C%C3%B4n_%C4%90%E1%BA%A3o,241,273.html
273,Hồ Tuyền Lâm – Wikipedia tiếng Việt,https://vi.wikipedia.org/wiki/L%C3%BD_S%C6%A1n,147,273.html
273,Hồ Tuyền Lâm – Wikipedia tiếng Việt,https://vi.wikipedia.org/wiki/Khu_du_l%E1%BB%8Bch_Tam_Ch%C3%BAc,497,273.html
273,Hồ Tuyền Lâm – Wikipedia tiếng Việt,https://vi.wikipedia.org/wiki/C%C3%B4_T%C3%B4,153,273.html
273,Hồ Tuyền Lâm – Wikipedia tiếng Việt,https://vi.wikipedia.org/wiki/N%C3%BAi_B%C3%A0_%C4%90en,254,273.html
273,Hồ Tuyền Lâm – Wikipedia tiếng Việt,https://vi.wikipedia.org/wiki/H%E1%BB%93_N%C3%BAi_C%E1%BB%91c,166,273.html
273,Hồ Tuyền Lâm – Wikipedia tiếng Việt,https://vi.wikipedia.org/wiki/Th%C3%A1nh_%C4%91%E1%BB%8Ba_M%E1%BB%B9_S%C6%A1n,136,273.html
273,Hồ Tuyền Lâm – Wikipedia tiếng Việt,https://vi.wikipedia.org/wiki/V%C6%B0%E1%BB%9Dn_qu%E1%BB%91c_gia_C%C3%A1t_Ti%C3%AAn,250,273.html
273,Hồ Tuyền Lâm – Wikipedia tiếng Việt,https://vi.wikipedia.org/wiki/Qu%E1%BA%A7n_th%E1%BB%83_di_t%C3%ADch_C%E1%BB%91_%C4%91%C3%B4_Hu%E1%BA%BF,128,273.html
273,Hồ Tuyền Lâm – Wikipedia tiếng Việt,https://vi.wikipedia.org/wiki/M%C5%A9i_N%C3%A9,141,273.html
273,Hồ Tuyền Lâm – Wikipedia tiếng Việt,https://vi.wikipedia.org/wiki/C%C3%B9_lao_Ch%C3%A0m,230,273.html
273,Hồ Tuyền Lâm – Wikipedia tiếng Việt,https://vi.wikipedia.org/wiki/H%E1%BB%93_Tr%E1%BB%8B_An,169,273.html
273,Hồ Tuyền Lâm – Wikipedia tiếng Việt,https://vi.wikipedia.org/wiki/Ho%C3%A0ng_th%C3%A0nh_Th%C4%83ng_Long,150,273.html
273,Hồ Tuyền Lâm – Wikipedia tiếng Việt,https://vi.wikipedia.org/wiki/Khu_d%E1%BB%B1_tr%E1%BB%AF_sinh_quy%E1%BB%83n_r%E1%BB%ABng_ng%E1%BA%ADp_m%E1%BA%B7n_C%E1%BA%A7n_Gi%E1%BB%9D,232,273.html
273,Hồ Tuyền Lâm – Wikipedia tiếng Việt,https://vi.wikipedia.org/wiki/S%C6%A1n_Tr%C3%A0,285,273.html
273,Hồ Tuyền Lâm – Wikipedia tiếng Việt,https://vi.wikipedia.org/wiki/%C4%90%C3%A0_L%E1%BA%A1t,143,273.html
273,Hồ Tuyền Lâm – Wikipedia tiếng Việt,https://vi.wikipedia.org/wiki/Th%C3%A0nh_nh%C3%A0_H%E1%BB%93,310,273.html
273,Hồ Tuyền Lâm – Wikipedia tiếng Việt,https://vi.wikipedia.org/wiki/Ph%E1%BB%91_c%E1%BB%95_H%E1%BB%99i_An,129,273.html
273,Hồ Tuyền Lâm – Wikipedia tiếng Việt,https://vi.wikipedia.org/wiki/H%E1%BB%93_Xu%C3%A2n_H%C6%B0%C6%A1ng_(h%E1%BB%93_n%C6%B0%E1%BB%9Bc),172,273.html
273,Hồ Tuyền Lâm – Wikipedia tiếng Việt,https://vi.wikipedia.org/wiki/Qu%E1%BA%A7n_th%E1%BB%83_danh_th%E1%BA%AFng_Tr%C3%A0ng_An,134,273.html
273,Hồ Tuyền Lâm – Wikipedia tiếng Việt,https://vi.wikipedia.org/wiki/Th%C3%A1c_Pongour,205,273.html
273,Hồ Tuyền Lâm – Wikipedia tiếng Việt,https://vi.wikipedia.org/wiki/Qu%E1%BA%A7n_%C4%91%E1%BA%A3o_C%C3%A1t_B%C3%A0,154,273.html
273,Hồ Tuyền Lâm – Wikipedia tiếng Việt,https://vi.wikipedia.org/wiki/Tam_%C4%90%E1%BA%A3o,149,273.html
273,Hồ Tuyền Lâm – Wikipedia tiếng Việt,https://vi.wikipedia.org/wiki/B%C3%A0_N%C3%A0,146,273.html
273,Hồ Tuyền Lâm – Wikipedia tiếng Việt,https://vi.wikipedia.org/wiki/V%C6%B0%E1%BB%9Dn_qu%E1%BB%91c_gia_Tr%C3%A0m_Chim,139,273.html
273,Hồ Tuyền Lâm – Wikipedia tiếng Việt,https://vi.wikipedia.org/wiki/V%E1%BB%8Bnh_H%E1%BA%A1_Long,132,273.html
273,Hồ Tuyền Lâm – Wikipedia tiếng Việt,https://vi.wikipedia.org/wiki/N%C3%BAi_Langbiang,214,273.html
273,Hồ Tuyền Lâm – Wikipedia tiếng Việt,https://vi.wikipedia.org/wiki/H%E1%BB%93_Ba_B%E1%BB%83,148,273.html
273,Hồ Tuyền Lâm – Wikipedia tiếng Việt,https://vi.wikipedia.org/wiki/Ph%C3%BA_Qu%E1%BB%91c,239,273.html
276,Biển Cửa Đại Hội An - Ấn tượng một trong 25 bãi biển đẹp nhất Châu Á,https://mia.vn/cam-nang-du-lich/hoi-quan-phuc-kien-hoi-an-di-san-van-hoa-dep-nhat-nhi-do-thi-co-232,304,276.html
282,Cù lao Chàm – Wikipedia tiếng Việt,https://vi.wikipedia.org/wiki/V%C6%B0%E1%BB%9Dn_qu%E1%BB%91c_gia_Phong_Nha_%E2%80%93_K%E1%BA%BB_B%C3%A0ng,140,282.html
282,Cù lao Chàm – Wikipedia tiếng Việt,https://vi.wikipedia.org/wiki/B%C3%A3i_bi%E1%BB%83n_S%E1%BA%A7m_S%C6%A1n,177,282.html
282,Cù lao Chàm – Wikipedia tiếng Việt,https://vi.wikipedia.org/wiki/V%C6%B0%E1%BB%9Dn_qu%E1%BB%91c_gia_N%C3%BAi_Ch%C3%BAa,252,282.html
282,Cù lao Chàm – Wikipedia tiếng Việt,https://vi.wikipedia.org/wiki/C%C3%B4n_%C4%90%E1%BA%A3o,241,282.html
282,Cù lao Chàm – Wikipedia tiếng Việt,https://vi.wikipedia.org/wiki/L%C3%BD_S%C6%A1n,147,282.html
282,Cù lao Chàm – Wikipedia tiếng Việt,https://vi.wikipedia.org/wiki/Khu_du_l%E1%BB%8Bch_Tam_Ch%C3%BAc,497,282.html
282,Cù lao Chàm – Wikipedia tiếng Việt,https://vi.wikipedia.org/wiki/C%C3%B4_T%C3%B4,153,282.html
282,Cù lao Chàm – Wikipedia tiếng Việt,https://vi.wikipedia.org/wiki/N%C3%BAi_B%C3%A0_%C4%90en,254,282.html
282,Cù lao Chàm – Wikipedia tiếng Việt,https://vi.wikipedia.org/wiki/H%E1%BB%93_N%C3%BAi_C%E1%BB%91c,166,282.html
282,Cù lao Chàm – Wikipedia tiếng Việt,https://vi.wikipedia.org/wiki/Qu%E1%BA%A7n_th%E1%BB%83_di_t%C3%ADch_C%E1%BB%91_%C4%91%C3%B4_Hu%E1%BA%BF,128,282.html
282,Cù lao Chàm – Wikipedia tiếng Việt,https://vi.wikipedia.org/wiki/C%C3%B9_lao_Ch%C3%A0m,230,282.html
282,Cù lao Chàm – Wikipedia tiếng Việt,https://vi.wikipedia.org/wiki/M%C5%A9i_N%C3%A9,141,282.html
282,Cù lao Chàm – Wikipedia tiếng Việt,https://vi.wikipedia.org/wiki/H%E1%BB%93_Tr%E1%BB%8B_An,169,282.html
282,Cù lao Chàm – Wikipedia tiếng Việt,https://vi.wikipedia.org/wiki/Ho%C3%A0ng_th%C3%A0nh_Th%C4%83ng_Long,150,282.html
282,Cù lao Chàm – Wikipedia tiếng Việt,https://vi.wikipedia.org/wiki/Khu_d%E1%BB%B1_tr%E1%BB%AF_sinh_quy%E1%BB%83n_r%E1%BB%ABng_ng%E1%BA%ADp_m%E1%BA%B7n_C%E1%BA%A7n_Gi%E1%BB%9D,232,282.html
282,Cù lao Chàm – Wikipedia tiếng Việt,https://vi.wikipedia.org/wiki/S%C6%A1n_Tr%C3%A0,285,282.html
282,Cù lao Chàm – Wikipedia tiếng Việt,https://vi.wikipedia.org/wiki/%C4%90%C3%A0_L%E1%BA%A1t,143,282.html
282,Cù lao Chàm – Wikipedia tiếng Việt,https://vi.wikipedia.org/wiki/Th%C3%A0nh_nh%C3%A0_H%E1%BB%93,310,282.html
282,Cù lao Chàm – Wikipedia tiếng Việt,https://vi.wikipedia.org/wiki/Ph%E1%BB%91_c%E1%BB%95_H%E1%BB%99i_An,129,282.html
282,Cù lao Chàm – Wikipedia tiếng Việt,https://vi.wikipedia.org/wiki/Qu%E1%BA%A7n_th%E1%BB%83_danh_th%E1%BA%AFng_Tr%C3%A0ng_An,134,282.html
282,Cù lao Chàm – Wikipedia tiếng Việt,https://vi.wikipedia.org/wiki/Qu%E1%BA%A7n_%C4%91%E1%BA%A3o_C%C3%A1t_B%C3%A0,154,282.html
282,Cù lao Chàm – Wikipedia tiếng Việt,https://vi.wikipedia.org/wiki/H%E1%BB%93_Tuy%E1%BB%81n_L%C3%A2m,273,282.html
282,Cù lao Chàm – Wikipedia tiếng Việt,https://vi.wikipedia.org/wiki/Tam_%C4%90%E1%BA%A3o,149,282.html
282,Cù lao Chàm – Wikipedia tiếng Việt,https://vi.wikipedia.org/wiki/B%C3%A0_N%C3%A0,146,282.html
282,Cù lao Chàm – Wikipedia tiếng Việt,https://vi.wikipedia.org/wiki/V%C6%B0%E1%BB%9Dn_qu%E1%BB%91c_gia_Tr%C3%A0m_Chim,139,282.html
282,Cù lao Chàm – Wikipedia tiếng Việt,https://vi.wikipedia.org/wiki/V%E1%BB%8Bnh_H%E1%BA%A1_Long,132,282.html
282,Cù lao Chàm – Wikipedia tiếng Việt,https://vi.wikipedia.org/wiki/H%E1%BB%93_Ba_B%E1%BB%83,148,282.html
282,Cù lao Chàm – Wikipedia tiếng Việt,https://vi.wikipedia.org/wiki/Th%C3%A1nh_%C4%91%E1%BB%8Ba_M%E1%BB%B9_S%C6%A1n,136,282.html
282,Cù lao Chàm – Wikipedia tiếng Việt,https://vi.wikipedia.org/wiki/Ph%C3%BA_Qu%E1%BB%91c,239,282.html
288,Ngũ Hành Sơn – Wikipedia tiếng Việt,https://vi.wikipedia.org/wiki/V%C6%B0%E1%BB%9Dn_qu%E1%BB%91c_gia_Phong_Nha_%E2%80%93_K%E1%BA%BB_B%C3%A0ng,140,288.html
288,Ngũ Hành Sơn – Wikipedia tiếng Việt,https://vi.wikipedia.org/wiki/B%C3%A3i_bi%E1%BB%83n_S%E1%BA%A7m_S%C6%A1n,177,288.html
288,Ngũ Hành Sơn – Wikipedia tiếng Việt,https://vi.wikipedia.org/wiki/C%C3%B4n_%C4%90%E1%BA%A3o,241,288.html
288,Ngũ Hành Sơn – Wikipedia tiếng Việt,https://vi.wikipedia.org/wiki/L%C3%BD_S%C6%A1n,147,288.html
288,Ngũ Hành Sơn – Wikipedia tiếng Việt,https://vi.wikipedia.org/wiki/Khu_du_l%E1%BB%8Bch_Tam_Ch%C3%BAc,497,288.html
288,Ngũ Hành Sơn – Wikipedia tiếng Việt,https://vi.wikipedia.org/wiki/C%C3%B4_T%C3%B4,153,288.html
288,Ngũ Hành Sơn – Wikipedia tiếng Việt,https://vi.wikipedia.org/wiki/Khu_di_t%C3%ADch_l%E1%BB%8Bch_s%E1%BB%AD_v%C3%A0_danh_th%E1%BA%AFng_Y%C3%AAn_T%E1%BB%AD,313,288.html
288,Ngũ Hành Sơn – Wikipedia tiếng Việt,https://vi.wikipedia.org/wiki/N%C3%BAi_B%C3%A0_%C4%90en,254,288.html
288,Ngũ Hành Sơn – Wikipedia tiếng Việt,https://vi.wikipedia.org/wiki/H%E1%BB%93_N%C3%BAi_C%E1%BB%91c,166,288.html
288,Ngũ Hành Sơn – Wikipedia tiếng Việt,https://vi.wikipedia.org/wiki/Khu_di_t%C3%ADch_P%C3%A1c_B%C3%B3,174,288.html
288,Ngũ Hành Sơn – Wikipedia tiếng Việt,https://vi.wikipedia.org/wiki/V%C6%B0%E1%BB%9Dn_qu%E1%BB%91c_gia_C%C3%A1t_Ti%C3%AAn,250,288.html
288,Ngũ Hành Sơn – Wikipedia tiếng Việt,https://vi.wikipedia.org/wiki/Qu%E1%BA%A7n_th%E1%BB%83_di_t%C3%ADch_C%E1%BB%91_%C4%91%C3%B4_Hu%E1%BA%BF,128,288.html
288,Ngũ Hành Sơn – Wikipedia tiếng Việt,https://vi.wikipedia.org/wiki/M%C5%A9i_N%C3%A9,141,288.html
288,Ngũ Hành Sơn – Wikipedia tiếng Việt,https://vi.wikipedia.org/wiki/C%C3%B9_lao_Ch%C3%A0m,230,288.html
288,Ngũ Hành Sơn – Wikipedia tiếng Việt,https://vi.wikipedia.org/wiki/H%E1%BB%93_Tr%E1%BB%8B_An,169,288.html
288,Ngũ Hành Sơn – Wikipedia tiếng Việt,https://vi.wikipedia.org/wiki/Ho%C3%A0ng_th%C3%A0nh_Th%C4%83ng_Long,150,288.html
288,Ngũ Hành Sơn – Wikipedia tiếng Việt,https://vi.wikipedia.org/wiki/Khu_d%E1%BB%B1_tr%E1%BB%AF_sinh_quy%E1%BB%83n_r%E1%BB%ABng_ng%E1%BA%ADp_m%E1%BA%B7n_C%E1%BA%A7n_Gi%E1%BB%9D,232,288.html
288,Ngũ Hành Sơn – Wikipedia tiếng Việt,https://vi.wikipedia.org/wiki/Th%C3%A1p_Po_Klong_Garai,299,288.html
288,Ngũ Hành Sơn – Wikipedia tiếng Việt,https://vi.wikipedia.org/wiki/S%C6%A1n_Tr%C3%A0,285,288.html
288,Ngũ Hành Sơn – Wikipedia tiếng Việt,https://vi.wikipedia.org/wiki/%C4%90%E1%BB%8Ba_%C4%91%E1%BA%A1o_C%E1%BB%A7_Chi,297,288.html
288,Ngũ Hành Sơn – Wikipedia tiếng Việt,https://vi.wikipedia.org/wiki/%C4%90%C3%A0_L%E1%BA%A1t,143,288.html
288,Ngũ Hành Sơn – Wikipedia tiếng Việt,https://vi.wikipedia.org/wiki/Th%C3%A0nh_nh%C3%A0_H%E1%BB%93,310,288.html
288,Ngũ Hành Sơn – Wikipedia tiếng Việt,https://vi.wikipedia.org/wiki/Ph%E1%BB%91_c%E1%BB%95_H%E1%BB%99i_An,129,288.html
288,Ngũ Hành Sơn – Wikipedia tiếng Việt,https://vi.wikipedia.org/wiki/G%C3%A0nh_%C4%90%C3%A1_%C4%90%C4%A9a,291,288.html
288,Ngũ Hành Sơn – Wikipedia tiếng Việt,https://vi.wikipedia.org/wiki/Qu%E1%BA%A7n_th%E1%BB%83_danh_th%E1%BA%AFng_Tr%C3%A0ng_An,134,288.html
288,Ngũ Hành Sơn – Wikipedia tiếng Việt,https://vi.wikipedia.org/wiki/Qu%E1%BA%A7n_%C4%91%E1%BA%A3o_C%C3%A1t_B%C3%A0,154,288.html
288,Ngũ Hành Sơn – Wikipedia tiếng Việt,https://vi.wikipedia.org/wiki/H%E1%BB%93_Tuy%E1%BB%81n_L%C3%A2m,273,288.html
288,Ngũ Hành Sơn – Wikipedia tiếng Việt,https://vi.wikipedia.org/wiki/Tam_%C4%90%E1%BA%A3o,149,288.html
288,Ngũ Hành Sơn – Wikipedia tiếng Việt,https://vi.wikipedia.org/wiki/B%C3%A0_N%C3%A0,146,288.html
288,Ngũ Hành Sơn – Wikipedia tiếng Việt,https://vi.wikipedia.org/wiki/Ch%C3%B9a_B%E1%BB%95_%C4%90%C3%A0,301,288.html
288,Ngũ Hành Sơn – Wikipedia tiếng Việt,https://vi.wikipedia.org/wiki/Ru%E1%BB%99ng_b%E1%BA%ADc_thang_M%C3%B9_Cang_Ch%E1%BA%A3i,308,288.html
288,Ngũ Hành Sơn – Wikipedia tiếng Việt,https://vi.wikipedia.org/wiki/V%C6%B0%E1%BB%9Dn_qu%E1%BB%91c_gia_Tr%C3%A0m_Chim,139,288.html
288,Ngũ Hành Sơn – Wikipedia tiếng Việt,https://vi.wikipedia.org/wiki/V%E1%BB%8Bnh_H%E1%BA%A1_Long,132,288.html
288,Ngũ Hành Sơn – Wikipedia tiếng Việt,https://vi.wikipedia.org/wiki/H%E1%BB%93_Ba_B%E1%BB%83,148,288.html
288,Ngũ Hành Sơn – Wikipedia tiếng Việt,https://vi.wikipedia.org/wiki/Th%C3%A1nh_%C4%91%E1%BB%8Ba_M%E1%BB%B9_S%C6%A1n,136,288.html
288,Ngũ Hành Sơn – Wikipedia tiếng Việt,https://vi.wikipedia.org/wiki/Ph%C3%BA_Qu%E1%BB%91c,239,288.html
29,Cẩm nang du lịch một ngày khám phá địa đạo Củ Chi,https://vnexpress.net/cam-nang-du-lich-tp-hcm-4608205.html,109,29.html
291,Gành Đá Đĩa – Wikipedia tiếng Việt,https://vi.wikipedia.org/wiki/Qu%E1%BA%A7n_th%E1%BB%83_di_t%C3%ADch_C%E1%BB%91_%C4%91%C3%B4_Hu%E1%BA%BF,128,291.html
291,Gành Đá Đĩa – Wikipedia tiếng Việt,https://vi.wikipedia.org/wiki/Khu_di_t%C3%ADch_l%E1%BB%8Bch_s%E1%BB%AD_v%C3%A0_danh_th%E1%BA%AFng_Y%C3%AAn_T%E1%BB%AD,313,291.html
291,Gành Đá Đĩa – Wikipedia tiếng Việt,https://vi.wikipedia.org/wiki/V%C6%B0%E1%BB%9Dn_qu%E1%BB%91c_gia_Phong_Nha_%E2%80%93_K%E1%BA%BB_B%C3%A0ng,140,291.html
291,Gành Đá Đĩa – Wikipedia tiếng Việt,https://vi.wikipedia.org/wiki/Qu%E1%BA%A7n_%C4%91%E1%BA%A3o_C%C3%A1t_B%C3%A0,154,291.html
291,Gành Đá Đĩa – Wikipedia tiếng Việt,https://vi.wikipedia.org/wiki/V%C6%B0%E1%BB%9Dn_qu%E1%BB%91c_gia_C%C3%A1t_Ti%C3%AAn,250,291.html
291,Gành Đá Đĩa – Wikipedia tiếng Việt,https://vi.wikipedia.org/wiki/Ho%C3%A0ng_th%C3%A0nh_Th%C4%83ng_Long,150,291.html
291,Gành Đá Đĩa – Wikipedia tiếng Việt,https://vi.wikipedia.org/wiki/Ch%C3%B9a_B%E1%BB%95_%C4%90%C3%A0,301,291.html
291,Gành Đá Đĩa – Wikipedia tiếng Việt,https://vi.wikipedia.org/wiki/Khu_di_t%C3%ADch_P%C3%A1c_B%C3%B3,174,291.html
291,Gành Đá Đĩa – Wikipedia tiếng Việt,https://vi.wikipedia.org/wiki/Ru%E1%BB%99ng_b%E1%BA%ADc_thang_M%C3%B9_Cang_Ch%E1%BA%A3i,308,291.html
291,Gành Đá Đĩa – Wikipedia tiếng Việt,https://vi.wikipedia.org/wiki/Ng%C5%A9_H%C3%A0nh_S%C6%A1n,288,291.html
291,Gành Đá Đĩa – Wikipedia tiếng Việt,https://vi.wikipedia.org/wiki/H%E1%BB%93_Ba_B%E1%BB%83,148,291.html
291,Gành Đá Đĩa – Wikipedia tiếng Việt,https://vi.wikipedia.org/wiki/V%E1%BB%8Bnh_H%E1%BA%A1_Long,132,291.html
291,Gành Đá Đĩa – Wikipedia tiếng Việt,https://vi.wikipedia.org/wiki/Th%C3%A0nh_nh%C3%A0_H%E1%BB%93,310,291.html
291,Gành Đá Đĩa – Wikipedia tiếng Việt,https://vi.wikipedia.org/wiki/Th%C3%A1p_Po_Klong_Garai,299,291.html
291,Gành Đá Đĩa – Wikipedia tiếng Việt,https://vi.wikipedia.org/wiki/Th%C3%A1nh_%C4%91%E1%BB%8Ba_M%E1%BB%B9_S%C6%A1n,136,291.html
291,Gành Đá Đĩa – Wikipedia tiếng Việt,https://vi.wikipedia.org/wiki/Ph%E1%BB%91_c%E1%BB%95_H%E1%BB%99i_An,129,291.html
291,Gành Đá Đĩa – Wikipedia tiếng Việt,https://vi.wikipedia.org/wiki/%C4%90%E1%BB%8Ba_%C4%91%E1%BA%A1o_C%E1%BB%A7_Chi,297,291.html
297,Địa đạo Củ Chi – Wikipedia tiếng Việt,https://vi.wikipedia.org/wiki/V%C6%B0%E1%BB%9Dn_qu%E1%BB%91c_gia_Phong_Nha_%E2%80%93_K%E1%BA%BB_B%C3%A0ng,140,297.html
297,Địa đạo Củ Chi – Wikipedia tiếng Việt,https://vi.wikipedia.org/wiki/B%C3%A3i_bi%E1%BB%83n_S%E1%BA%A7m_S%C6%A1n,177,297.html
297,Địa đạo Củ Chi – Wikipedia tiếng Việt,https://vi.wikipedia.org/wiki/C%C3%B4n_%C4%90%E1%BA%A3o,241,297.html
297,Địa đạo Củ Chi – Wikipedia tiếng Việt,https://vi.wikipedia.org/wiki/Ng%C5%A9_H%C3%A0nh_S%C6%A1n,288,297.html
297,Địa đạo Củ Chi – Wikipedia tiếng Việt,https://vi.wikipedia.org/wiki/L%C3%BD_S%C6%A1n,147,297.html
297,Địa đạo Củ Chi – Wikipedia tiếng Việt,https://vi.wikipedia.org/wiki/Khu_du_l%E1%BB%8Bch_Tam_Ch%C3%BAc,497,297.html
297,Địa đạo Củ Chi – Wikipedia tiếng Việt,https://vi.wikipedia.org/wiki/C%C3%B4_T%C3%B4,153,297.html
297,Địa đạo Củ Chi – Wikipedia tiếng Việt,https://vi.wikipedia.org/wiki/Khu_di_t%C3%ADch_l%E1%BB%8Bch_s%E1%BB%AD_v%C3%A0_danh_th%E1%BA%AFng_Y%C3%AAn_T%E1%BB%AD,313,297.html
297,Địa đạo Củ Chi – Wikipedia tiếng Việt,https://vi.wikipedia.org/wiki/N%C3%BAi_B%C3%A0_%C4%90en,254,297.html
297,Địa đạo Củ Chi – Wikipedia tiếng Việt,https://vi.wikipedia.org/wiki/H%E1%BB%93_N%C3%BAi_C%E1%BB%91c,166,297.html
297,Địa đạo Củ Chi – Wikipedia tiếng Việt,https://vi.wikipedia.org/wiki/Khu_di_t%C3%ADch_P%C3%A1c_B%C3%B3,174,297.html
297,Địa đạo Củ Chi – Wikipedia tiếng Việt,https://vi.wikipedia.org/wiki/V%C6%B0%E1%BB%9Dn_qu%E1%BB%91c_gia_C%C3%A1t_Ti%C3%AAn,250,297.html
297,Địa đạo Củ Chi – Wikipedia tiếng Việt,https://vi.wikipedia.org/wiki/Qu%E1%BA%A7n_th%E1%BB%83_di_t%C3%ADch_C%E1%BB%91_%C4%91%C3%B4_Hu%E1%BA%BF,128,297.html
297,Địa đạo Củ Chi – Wikipedia tiếng Việt,https://vi.wikipedia.org/wiki/M%C5%A9i_N%C3%A9,141,297.html
297,Địa đạo Củ Chi – Wikipedia tiếng Việt,https://vi.wikipedia.org/wiki/C%C3%B9_lao_Ch%C3%A0m,230,297.html
297,Địa đạo Củ Chi – Wikipedia tiếng Việt,https://vi.wikipedia.org/wiki/H%E1%BB%93_Tr%E1%BB%8B_An,169,297.html
297,Địa đạo Củ Chi – Wikipedia tiếng Việt,https://vi.wikipedia.org/wiki/Ho%C3%A0ng_th%C3%A0nh_Th%C4%83ng_Long,150,297.html
297,Địa đạo Củ Chi – Wikipedia tiếng Việt,https://vi.wikipedia.org/wiki/Khu_d%E1%BB%B1_tr%E1%BB%AF_sinh_quy%E1%BB%83n_r%E1%BB%ABng_ng%E1%BA%ADp_m%E1%BA%B7n_C%E1%BA%A7n_Gi%E1%BB%9D,232,297.html
297,Địa đạo Củ Chi – Wikipedia tiếng Việt,https://vi.wikipedia.org/wiki/Th%C3%A1p_Po_Klong_Garai,299,297.html
297,Địa đạo Củ Chi – Wikipedia tiếng Việt,https://vi.wikipedia.org/wiki/S%C6%A1n_Tr%C3%A0,285,297.html
297,Địa đạo Củ Chi – Wikipedia tiếng Việt,https://vi.wikipedia.org/wiki/%C4%90%C3%A0_L%E1%BA%A1t,143,297.html
297,Địa đạo Củ Chi – Wikipedia tiếng Việt,https://vi.wikipedia.org/wiki/Th%C3%A0nh_nh%C3%A0_H%E1%BB%93,310,297.html
297,Địa đạo Củ Chi – Wikipedia tiếng Việt,https://vi.wikipedia.org/wiki/Ph%E1%BB%91_c%E1%BB%95_H%E1%BB%99i_An,129,297.html
297,Địa đạo Củ Chi – Wikipedia tiếng Việt,https://vi.wikipedia.org/wiki/G%C3%A0nh_%C4%90%C3%A1_%C4%90%C4%A9a,291,297.html
297,Địa đạo Củ Chi – Wikipedia tiếng Việt,https://vi.wikipedia.org/wiki/Qu%E1%BA%A7n_th%E1%BB%83_danh_th%E1%BA%AFng_Tr%C3%A0ng_An,134,297.html
297,Địa đạo Củ Chi – Wikipedia tiếng Việt,https://vi.wikipedia.org/wiki/Qu%E1%BA%A7n_%C4%91%E1%BA%A3o_C%C3%A1t_B%C3%A0,154,297.html
297,Địa đạo Củ Chi – Wikipedia tiếng Việt,https://vi.wikipedia.org/wiki/H%E1%BB%93_Tuy%E1%BB%81n_L%C3%A2m,273,297.html
297,Địa đạo Củ Chi – Wikipedia tiếng Việt,https://vi.wikipedia.org/wiki/Tam_%C4%90%E1%BA%A3o,149,297.html
297,Địa đạo Củ Chi – Wikipedia tiếng Việt,https://vi.wikipedia.org/wiki/B%C3%A0_N%C3%A0,146,297.html
297,Địa đạo Củ Chi – Wikipedia tiếng Việt,https://vi.wikipedia.org/wiki/Ch%C3%B9a_B%E1%BB%95_%C4%90%C3%A0,301,297.html
297,Địa đạo Củ Chi – Wikipedia tiếng Việt,https://vi.wikipedia.org/wiki/Ru%E1%BB%99ng_b%E1%BA%ADc_thang_M%C3%B9_Cang_Ch%E1%BA%A3i,308,297.html
297,Địa đạo Củ Chi – Wikipedia tiếng Việt,https://vi.wikipedia.org/wiki/V%C6%B0%E1%BB%9Dn_qu%E1%BB%91c_gia_Tr%C3%A0m_Chim,139,297.html
297,Địa đạo Củ Chi – Wikipedia tiếng Việt,https://vi.wikipedia.org/wiki/V%E1%BB%8Bnh_H%E1%BA%A1_Long,132,297.html
297,Địa đạo Củ Chi – Wikipedia tiếng Việt,https://vi.wikipedia.org/wiki/H%E1%BB%93_Ba_B%E1%BB%83,148,297.html
297,Địa đạo Củ Chi – Wikipedia tiếng Việt,https://vi.wikipedia.org/wiki/Th%C3%A1nh_%C4%91%E1%BB%8Ba_M%E1%BB%B9_S%C6%A1n,136,297.html
297,Địa đạo Củ Chi – Wikipedia tiếng Việt,https://vi.wikipedia.org/wiki/Ph%C3%BA_Qu%E1%BB%91c,239,297.html
298,"Kinh Nghiệm Đi Địa Đạo Củ Chi, Di Tích Nổi Tiếng Ở Sài Gòn - Klook Blog",https://www.klook.com/vi/blog/khu-du-lich-buu-long/,378,298.html
299,Tháp Po Klong Garai – Wikipedia tiếng Việt,https://vi.wikipedia.org/wiki/Qu%E1%BA%A7n_th%E1%BB%83_di_t%C3%ADch_C%E1%BB%91_%C4%91%C3%B4_Hu%E1%BA%BF,128,299.html
299,Tháp Po Klong Garai – Wikipedia tiếng Việt,https://vi.wikipedia.org/wiki/G%C3%A0nh_%C4%90%C3%A1_%C4%90%C4%A9a,291,299.html
299,Tháp Po Klong Garai – Wikipedia tiếng Việt,https://vi.wikipedia.org/wiki/Khu_di_t%C3%ADch_l%E1%BB%8Bch_s%E1%BB%AD_v%C3%A0_danh_th%E1%BA%AFng_Y%C3%AAn_T%E1%BB%AD,313,299.html
299,Tháp Po Klong Garai – Wikipedia tiếng Việt,https://vi.wikipedia.org/wiki/V%C6%B0%E1%BB%9Dn_qu%E1%BB%91c_gia_Phong_Nha_%E2%80%93_K%E1%BA%BB_B%C3%A0ng,140,299.html
299,Tháp Po Klong Garai – Wikipedia tiếng Việt,https://vi.wikipedia.org/wiki/Qu%E1%BA%A7n_%C4%91%E1%BA%A3o_C%C3%A1t_B%C3%A0,154,299.html
299,Tháp Po Klong Garai – Wikipedia tiếng Việt,https://vi.wikipedia.org/wiki/V%C6%B0%E1%BB%9Dn_qu%E1%BB%91c_gia_C%C3%A1t_Ti%C3%AAn,250,299.html
299,Tháp Po Klong Garai – Wikipedia tiếng Việt,https://vi.wikipedia.org/wiki/Ho%C3%A0ng_th%C3%A0nh_Th%C4%83ng_Long,150,299.html
299,Tháp Po Klong Garai – Wikipedia tiếng Việt,https://vi.wikipedia.org/wiki/Khu_di_t%C3%ADch_P%C3%A1c_B%C3%B3,174,299.html
299,Tháp Po Klong Garai – Wikipedia tiếng Việt,https://vi.wikipedia.org/wiki/Ru%E1%BB%99ng_b%E1%BA%ADc_thang_M%C3%B9_Cang_Ch%E1%BA%A3i,308,299.html
299,Tháp Po Klong Garai – Wikipedia tiếng Việt,https://vi.wikipedia.org/wiki/Ch%C3%B9a_B%E1%BB%95_%C4%90%C3%A0,301,299.html
299,Tháp Po Klong Garai – Wikipedia tiếng Việt,https://vi.wikipedia.org/wiki/H%E1%BB%93_Ba_B%E1%BB%83,148,299.html
299,Tháp Po Klong Garai – Wikipedia tiếng Việt,https://vi.wikipedia.org/wiki/V%E1%BB%8Bnh_H%E1%BA%A1_Long,132,299.html
299,Tháp Po Klong Garai – Wikipedia tiếng Việt,https://vi.wikipedia.org/wiki/Th%C3%A1nh_%C4%91%E1%BB%8Ba_M%E1%BB%B9_S%C6%A1n,136,299.html
299,Tháp Po Klong Garai – Wikipedia tiếng Việt,https://vi.wikipedia.org/wiki/Ng%C5%A9_H%C3%A0nh_S%C6%A1n,288,299.html
299,Tháp Po Klong Garai – Wikipedia tiếng Việt,https://vi.wikipedia.org/wiki/%C4%90%E1%BB%8Ba_%C4%91%E1%BA%A1o_C%E1%BB%A7_Chi,297,299.html
299,Tháp Po Klong Garai – Wikipedia tiếng Việt,https://vi.wikipedia.org/wiki/Ph%E1%BB%91_c%E1%BB%95_H%E1%BB%99i_An,129,299.html
299,Tháp Po Klong Garai – Wikipedia tiếng Việt,https://vi.wikipedia.org/wiki/Th%C3%A0nh_nh%C3%A0_H%E1%BB%93,310,299.html
3,"Cẩm nang Du lịch Bình Thuận 2024, top 8 địa điểm phải trải nghiệm",https://vnexpress.net/cam-nang-du-lich-dao-phu-quy-3775534.html,88,3.html
3,"Cẩm nang Du lịch Bình Thuận 2024, top 8 địa điểm phải trải nghiệm",https://vnexpress.net/cam-nang-du-lich-mui-ne-3838646.html,72,3.html
3,"Cẩm nang Du lịch Bình Thuận 2024, top 8 địa điểm phải trải nghiệm",https://vnexpress.net/cam-nang-du-lich-phan-thiet-4582529.html,83,3.html
30,"Cẩm nang Du lịch Đồng Nai 2024, top 11 địa điểm phải trải nghiệm",https://vnexpress.net/cam-nang-du-lich-vuon-quoc-gia-cat-tien-4775984.html,119,30.html
301,Chùa Bổ Đà – Wikipedia tiếng Việt,https://vi.wikipedia.org/wiki/Qu%E1%BA%A7n_th%E1%BB%83_di_t%C3%ADch_C%E1%BB%91_%C4%91%C3%B4_Hu%E1%BA%BF,128,301.html
301,Chùa Bổ Đà – Wikipedia tiếng Việt,https://vi.wikipedia.org/wiki/G%C3%A0nh_%C4%90%C3%A1_%C4%90%C4%A9a,291,301.html
301,Chùa Bổ Đà – Wikipedia tiếng Việt,https://vi.wikipedia.org/wiki/Khu_di_t%C3%ADch_l%E1%BB%8Bch_s%E1%BB%AD_v%C3%A0_danh_th%E1%BA%AFng_Y%C3%AAn_T%E1%BB%AD,313,301.html
301,Chùa Bổ Đà – Wikipedia tiếng Việt,https://vi.wikipedia.org/wiki/V%C6%B0%E1%BB%9Dn_qu%E1%BB%91c_gia_Phong_Nha_%E2%80%93_K%E1%BA%BB_B%C3%A0ng,140,301.html
301,Chùa Bổ Đà – Wikipedia tiếng Việt,https://vi.wikipedia.org/wiki/Qu%E1%BA%A7n_%C4%91%E1%BA%A3o_C%C3%A1t_B%C3%A0,154,301.html
301,Chùa Bổ Đà – Wikipedia tiếng Việt,https://vi.wikipedia.org/wiki/V%C6%B0%E1%BB%9Dn_qu%E1%BB%91c_gia_C%C3%A1t_Ti%C3%AAn,250,301.html
301,Chùa Bổ Đà – Wikipedia tiếng Việt,https://vi.wikipedia.org/wiki/Ho%C3%A0ng_th%C3%A0nh_Th%C4%83ng_Long,150,301.html
301,Chùa Bổ Đà – Wikipedia tiếng Việt,https://vi.wikipedia.org/wiki/Khu_di_t%C3%ADch_P%C3%A1c_B%C3%B3,174,301.html
301,Chùa Bổ Đà – Wikipedia tiếng Việt,https://vi.wikipedia.org/wiki/Ru%E1%BB%99ng_b%E1%BA%ADc_thang_M%C3%B9_Cang_Ch%E1%BA%A3i,308,301.html
301,Chùa Bổ Đà – Wikipedia tiếng Việt,https://vi.wikipedia.org/wiki/Ng%C5%A9_H%C3%A0nh_S%C6%A1n,288,301.html
301,Chùa Bổ Đà – Wikipedia tiếng Việt,https://vi.wikipedia.org/wiki/H%E1%BB%93_Ba_B%E1%BB%83,148,301.html
301,Chùa Bổ Đà – Wikipedia tiếng Việt,https://vi.wikipedia.org/wiki/V%E1%BB%8Bnh_H%E1%BA%A1_Long,132,301.html
301,Chùa Bổ Đà – Wikipedia tiếng Việt,https://vi.wikipedia.org/wiki/Th%C3%A0nh_nh%C3%A0_H%E1%BB%93,310,301.html
301,Chùa Bổ Đà – Wikipedia tiếng Việt,https://vi.wikipedia.org/wiki/Th%C3%A1p_Po_Klong_Garai,299,301.html
301,Chùa Bổ Đà – Wikipedia tiếng Việt,https://vi.wikipedia.org/wiki/Th%C3%A1nh_%C4%91%E1%BB%8Ba_M%E1%BB%B9_S%C6%A1n,136,301.html
301,Chùa Bổ Đà – Wikipedia tiếng Việt,https://vi.wikipedia.org/wiki/Ph%E1%BB%91_c%E1%BB%95_H%E1%BB%99i_An,129,301.html
301,Chùa Bổ Đà – Wikipedia tiếng Việt,https://vi.wikipedia.org/wiki/%C4%90%E1%BB%8Ba_%C4%91%E1%BA%A1o_C%E1%BB%A7_Chi,297,301.html
308,Ruộng bậc thang Mù Cang Chải – Wikipedia tiếng Việt,https://vi.wikipedia.org/wiki/V%C6%B0%E1%BB%9Dn_qu%E1%BB%91c_gia_Phong_Nha_%E2%80%93_K%E1%BA%BB_B%C3%A0ng,140,308.html
308,Ruộng bậc thang Mù Cang Chải – Wikipedia tiếng Việt,https://vi.wikipedia.org/wiki/Ng%C5%A9_H%C3%A0nh_S%C6%A1n,288,308.html
308,Ruộng bậc thang Mù Cang Chải – Wikipedia tiếng Việt,https://vietnamtourism.gov.vn/post/33899,309,308.html
308,Ruộng bậc thang Mù Cang Chải – Wikipedia tiếng Việt,https://vi.wikipedia.org/wiki/Khu_di_t%C3%ADch_l%E1%BB%8Bch_s%E1%BB%AD_v%C3%A0_danh_th%E1%BA%AFng_Y%C3%AAn_T%E1%BB%AD,313,308.html
308,Ruộng bậc thang Mù Cang Chải – Wikipedia tiếng Việt,https://vi.wikipedia.org/wiki/Khu_di_t%C3%ADch_P%C3%A1c_B%C3%B3,174,308.html
308,Ruộng bậc thang Mù Cang Chải – Wikipedia tiếng Việt,https://vi.wikipedia.org/wiki/V%C6%B0%E1%BB%9Dn_qu%E1%BB%91c_gia_C%C3%A1t_Ti%C3%AAn,250,308.html
308,Ruộng bậc thang Mù Cang Chải – Wikipedia tiếng Việt,https://vi.wikipedia.org/wiki/Qu%E1%BA%A7n_th%E1%BB%83_di_t%C3%ADch_C%E1%BB%91_%C4%91%C3%B4_Hu%E1%BA%BF,128,308.html
308,Ruộng bậc thang Mù Cang Chải – Wikipedia tiếng Việt,https://vi.wikipedia.org/wiki/Ho%C3%A0ng_th%C3%A0nh_Th%C4%83ng_Long,150,308.html
308,Ruộng bậc thang Mù Cang Chải – Wikipedia tiếng Việt,https://vi.wikipedia.org/wiki/Th%C3%A1p_Po_Klong_Garai,299,308.html
308,Ruộng bậc thang Mù Cang Chải – Wikipedia tiếng Việt,https://vi.wikipedia.org/wiki/%C4%90%E1%BB%8Ba_%C4%91%E1%BA%A1o_C%E1%BB%A7_Chi,297,308.html
308,Ruộng bậc thang Mù Cang Chải – Wikipedia tiếng Việt,https://vi.wikipedia.org/wiki/Th%C3%A0nh_nh%C3%A0_H%E1%BB%93,310,308.html
308,Ruộng bậc thang Mù Cang Chải – Wikipedia tiếng Việt,https://vi.wikipedia.org/wiki/Ph%E1%BB%91_c%E1%BB%95_H%E1%BB%99i_An,129,308.html
308,Ruộng bậc thang Mù Cang Chải – Wikipedia tiếng Việt,https://vi.wikipedia.org/wiki/G%C3%A0nh_%C4%90%C3%A1_%C4%90%C4%A9a,291,308.html
308,Ruộng bậc thang Mù Cang Chải – Wikipedia tiếng Việt,https://vi.wikipedia.org/wiki/Qu%E1%BA%A7n_%C4%91%E1%BA%A3o_C%C3%A1t_B%C3%A0,154,308.html
308,Ruộng bậc thang Mù Cang Chải – Wikipedia tiếng Việt,https://vi.wikipedia.org/wiki/Ch%C3%B9a_B%E1%BB%95_%C4%90%C3%A0,301,308.html
308,Ruộng bậc thang Mù Cang Chải – Wikipedia tiếng Việt,https://vi.wikipedia.org/wiki/H%E1%BB%93_Ba_B%E1%BB%83,148,308.html
308,Ruộng bậc thang Mù Cang Chải – Wikipedia tiếng Việt,https://vi.wikipedia.org/wiki/V%E1%BB%8Bnh_H%E1%BA%A1_Long,132,308.html
308,Ruộng bậc thang Mù Cang Chải – Wikipedia tiếng Việt,https://vi.wikipedia.org/wiki/Th%C3%A1nh_%C4%91%E1%BB%8Ba_M%E1%BB%B9_S%C6%A1n,136,308.html
310,Thành nhà Hồ – Wikipedia tiếng Việt,https://vi.wikipedia.org/wiki/V%C6%B0%E1%BB%9Dn_qu%E1%BB%91c_gia_Phong_Nha_%E2%80%93_K%E1%BA%BB_B%C3%A0ng,140,310.html
310,Thành nhà Hồ – Wikipedia tiếng Việt,https://vi.wikipedia.org/wiki/B%C3%A3i_bi%E1%BB%83n_S%E1%BA%A7m_S%C6%A1n,177,310.html
310,Thành nhà Hồ – Wikipedia tiếng Việt,https://vi.wikipedia.org/wiki/C%C3%B4n_%C4%90%E1%BA%A3o,241,310.html
310,Thành nhà Hồ – Wikipedia tiếng Việt,https://vi.wikipedia.org/wiki/Ng%C5%A9_H%C3%A0nh_S%C6%A1n,288,310.html
310,Thành nhà Hồ – Wikipedia tiếng Việt,https://vi.wikipedia.org/wiki/L%C3%BD_S%C6%A1n,147,310.html
310,Thành nhà Hồ – Wikipedia tiếng Việt,https://vi.wikipedia.org/wiki/Khu_du_l%E1%BB%8Bch_Tam_Ch%C3%BAc,497,310.html
310,Thành nhà Hồ – Wikipedia tiếng Việt,https://vi.wikipedia.org/wiki/C%C3%B4_T%C3%B4,153,310.html
310,Thành nhà Hồ – Wikipedia tiếng Việt,https://vi.wikipedia.org/wiki/Khu_di_t%C3%ADch_l%E1%BB%8Bch_s%E1%BB%AD_v%C3%A0_danh_th%E1%BA%AFng_Y%C3%AAn_T%E1%BB%AD,313,310.html
310,Thành nhà Hồ – Wikipedia tiếng Việt,https://vi.wikipedia.org/wiki/N%C3%BAi_B%C3%A0_%C4%90en,254,310.html
310,Thành nhà Hồ – Wikipedia tiếng Việt,https://vi.wikipedia.org/wiki/H%E1%BB%93_N%C3%BAi_C%E1%BB%91c,166,310.html
310,Thành nhà Hồ – Wikipedia tiếng Việt,https://vi.wikipedia.org/wiki/Khu_di_t%C3%ADch_P%C3%A1c_B%C3%B3,174,310.html
310,Thành nhà Hồ – Wikipedia tiếng Việt,https://vi.wikipedia.org/wiki/V%C6%B0%E1%BB%9Dn_qu%E1%BB%91c_gia_C%C3%A1t_Ti%C3%AAn,250,310.html
310,Thành nhà Hồ – Wikipedia tiếng Việt,https://vi.wikipedia.org/wiki/Qu%E1%BA%A7n_th%E1%BB%83_di_t%C3%ADch_C%E1%BB%91_%C4%91%C3%B4_Hu%E1%BA%BF,128,310.html
310,Thành nhà Hồ – Wikipedia tiếng Việt,https://vi.wikipedia.org/wiki/M%C5%A9i_N%C3%A9,141,310.html
310,Thành nhà Hồ – Wikipedia tiếng Việt,https://vi.wikipedia.org/wiki/C%C3%B9_lao_Ch%C3%A0m,230,310.html
310,Thành nhà Hồ – Wikipedia tiếng Việt,https://vi.wikipedia.org/wiki/H%E1%BB%93_Tr%E1%BB%8B_An,169,310.html
310,Thành nhà Hồ – Wikipedia tiếng Việt,https://vi.wikipedia.org/wiki/Ho%C3%A0ng_th%C3%A0nh_Th%C4%83ng_Long,150,310.html
310,Thành nhà Hồ – Wikipedia tiếng Việt,https://vi.wikipedia.org/wiki/Th%C3%A1p_Po_Klong_Garai,299,310.html
310,Thành nhà Hồ – Wikipedia tiếng Việt,https://vi.wikipedia.org/wiki/Khu_d%E1%BB%B1_tr%E1%BB%AF_sinh_quy%E1%BB%83n_r%E1%BB%ABng_ng%E1%BA%ADp_m%E1%BA%B7n_C%E1%BA%A7n_Gi%E1%BB%9D,232,310.html
310,Thành nhà Hồ – Wikipedia tiếng Việt,https://vi.wikipedia.org/wiki/S%C6%A1n_Tr%C3%A0,285,310.html
310,Thành nhà Hồ – Wikipedia tiếng Việt,https://vi.wikipedia.org/wiki/%C4%90%E1%BB%8Ba_%C4%91%E1%BA%A1o_C%E1%BB%A7_Chi,297,310.html
310,Thành nhà Hồ – Wikipedia tiếng Việt,https://vi.wikipedia.org/wiki/%C4%90%C3%A0_L%E1%BA%A1t,143,310.html
310,Thành nhà Hồ – Wikipedia tiếng Việt,https://vi.wikipedia.org/wiki/Ph%E1%BB%91_c%E1%BB%95_H%E1%BB%99i_An,129,310.html
310,Thành nhà Hồ – Wikipedia tiếng Việt,https://vi.wikipedia.org/wiki/V%C6%B0%E1%BB%9Dn_qu%E1%BB%91c_gia_C%C3%BAc_Ph%C6%B0%C6%A1ng,246,310.html
310,Thành nhà Hồ – Wikipedia tiếng Việt,https://vi.wikipedia.org/wiki/V%C6%B0%E1%BB%9Dn_qu%E1%BB%91c_gia_B%E1%BA%BFn_En,165,310.html
310,Thành nhà Hồ – Wikipedia tiếng Việt,https://vi.wikipedia.org/wiki/G%C3%A0nh_%C4%90%C3%A1_%C4%90%C4%A9a,291,310.html
310,Thành nhà Hồ – Wikipedia tiếng Việt,"https://vi.wikipedia.org/wiki/Qu%E1%BA%A7n_th%E1%BB%83_di_t%C3%ADch_v%C3%A0_danh_th%E1%BA%AFng_Y%C3%AAn_T%E1%BB%AD_%E2%80%93_V%C4%A9nh_Nghi%C3%AAm_%E2%80%93_C%C3%B4n_S%C6%A1n,_Ki%E1%BA%BFp_B%E1%BA%A1c",312,310.html
310,Thành nhà Hồ – Wikipedia tiếng Việt,https://vi.wikipedia.org/wiki/Qu%E1%BA%A7n_th%E1%BB%83_danh_th%E1%BA%AFng_Tr%C3%A0ng_An,134,310.html
310,Thành nhà Hồ – Wikipedia tiếng Việt,https://vi.wikipedia.org/wiki/Qu%E1%BA%A7n_%C4%91%E1%BA%A3o_C%C3%A1t_B%C3%A0,154,310.html
310,Thành nhà Hồ – Wikipedia tiếng Việt,https://vi.wikipedia.org/wiki/H%E1%BB%93_Tuy%E1%BB%81n_L%C3%A2m,273,310.html
310,Thành nhà Hồ – Wikipedia tiếng Việt,https://vi.wikipedia.org/wiki/Tam_%C4%90%E1%BA%A3o,149,310.html
310,Thành nhà Hồ – Wikipedia tiếng Việt,https://vi.wikipedia.org/wiki/Ch%C3%B9a_B%E1%BB%95_%C4%90%C3%A0,301,310.html
310,Thành nhà Hồ – Wikipedia tiếng Việt,https://vi.wikipedia.org/wiki/B%C3%A0_N%C3%A0,146,310.html
310,Thành nhà Hồ – Wikipedia tiếng Việt,https://vi.wikipedia.org/wiki/Ru%E1%BB%99ng_b%E1%BA%ADc_thang_M%C3%B9_Cang_Ch%E1%BA%A3i,308,310.html
310,Thành nhà Hồ – Wikipedia tiếng Việt,https://vi.wikipedia.org/wiki/V%C6%B0%E1%BB%9Dn_qu%E1%BB%91c_gia_Tr%C3%A0m_Chim,139,310.html
310,Thành nhà Hồ – Wikipedia tiếng Việt,https://vi.wikipedia.org/wiki/H%E1%BB%93_Ba_B%E1%BB%83,148,310.html
310,Thành nhà Hồ – Wikipedia tiếng Việt,https://vi.wikipedia.org/wiki/V%E1%BB%8Bnh_H%E1%BA%A1_Long,132,310.html
310,Thành nhà Hồ – Wikipedia tiếng Việt,https://vi.wikipedia.org/wiki/Th%C3%A1nh_%C4%91%E1%BB%8Ba_M%E1%BB%B9_S%C6%A1n,136,310.html
310,Thành nhà Hồ – Wikipedia tiếng Việt,https://vi.wikipedia.org/wiki/Ph%C3%BA_Qu%E1%BB%91c,239,310.html
312,"Quần thể di tích và danh thắng Yên Tử – Vĩnh Nghiêm – Côn Sơn, Kiếp Bạc – Wikipedia tiếng Việt",https://vi.wikipedia.org/wiki/Qu%E1%BA%A7n_th%E1%BB%83_di_t%C3%ADch_C%E1%BB%91_%C4%91%C3%B4_Hu%E1%BA%BF,128,312.html
312,"Quần thể di tích và danh thắng Yên Tử – Vĩnh Nghiêm – Côn Sơn, Kiếp Bạc – Wikipedia tiếng Việt",https://vi.wikipedia.org/wiki/Khu_di_t%C3%ADch_l%E1%BB%8Bch_s%E1%BB%AD_v%C3%A0_danh_th%E1%BA%AFng_Y%C3%AAn_T%E1%BB%AD,313,312.html
312,"Quần thể di tích và danh thắng Yên Tử – Vĩnh Nghiêm – Côn Sơn, Kiếp Bạc – Wikipedia tiếng Việt",https://vi.wikipedia.org/wiki/V%C6%B0%E1%BB%9Dn_qu%E1%BB%91c_gia_Phong_Nha_%E2%80%93_K%E1%BA%BB_B%C3%A0ng,140,312.html
312,"Quần thể di tích và danh thắng Yên Tử – Vĩnh Nghiêm – Côn Sơn, Kiếp Bạc – Wikipedia tiếng Việt",https://vi.wikipedia.org/wiki/Qu%E1%BA%A7n_th%E1%BB%83_danh_th%E1%BA%AFng_Tr%C3%A0ng_An,134,312.html
312,"Quần thể di tích và danh thắng Yên Tử – Vĩnh Nghiêm – Côn Sơn, Kiếp Bạc – Wikipedia tiếng Việt",https://vi.wikipedia.org/wiki/Ho%C3%A0ng_th%C3%A0nh_Th%C4%83ng_Long,150,312.html
312,"Quần thể di tích và danh thắng Yên Tử – Vĩnh Nghiêm – Côn Sơn, Kiếp Bạc – Wikipedia tiếng Việt",https://vi.wikipedia.org/wiki/Ch%C3%B9a_B%E1%BB%95_%C4%90%C3%A0,301,312.html
312,"Quần thể di tích và danh thắng Yên Tử – Vĩnh Nghiêm – Côn Sơn, Kiếp Bạc – Wikipedia tiếng Việt",https://vi.wikipedia.org/wiki/Th%C3%A1nh_%C4%91%E1%BB%8Ba_M%E1%BB%B9_S%C6%A1n,136,312.html
312,"Quần thể di tích và danh thắng Yên Tử – Vĩnh Nghiêm – Côn Sơn, Kiếp Bạc – Wikipedia tiếng Việt",https://vi.wikipedia.org/wiki/Ph%E1%BB%91_c%E1%BB%95_H%E1%BB%99i_An,129,312.html
312,"Quần thể di tích và danh thắng Yên Tử – Vĩnh Nghiêm – Côn Sơn, Kiếp Bạc – Wikipedia tiếng Việt",https://vi.wikipedia.org/wiki/Th%C3%A0nh_nh%C3%A0_H%E1%BB%93,310,312.html
313,Khu di tích lịch sử và danh thắng Yên Tử – Wikipedia tiếng Việt,https://vi.wikipedia.org/wiki/V%C6%B0%E1%BB%9Dn_qu%E1%BB%91c_gia_Phong_Nha_%E2%80%93_K%E1%BA%BB_B%C3%A0ng,140,313.html
313,Khu di tích lịch sử và danh thắng Yên Tử – Wikipedia tiếng Việt,https://vi.wikipedia.org/wiki/B%C3%A3i_bi%E1%BB%83n_S%E1%BA%A7m_S%C6%A1n,177,313.html
313,Khu di tích lịch sử và danh thắng Yên Tử – Wikipedia tiếng Việt,https://vi.wikipedia.org/wiki/C%C3%B4n_%C4%90%E1%BA%A3o,241,313.html
313,Khu di tích lịch sử và danh thắng Yên Tử – Wikipedia tiếng Việt,https://vi.wikipedia.org/wiki/Ng%C5%A9_H%C3%A0nh_S%C6%A1n,288,313.html
313,Khu di tích lịch sử và danh thắng Yên Tử – Wikipedia tiếng Việt,https://vi.wikipedia.org/wiki/L%C3%BD_S%C6%A1n,147,313.html
313,Khu di tích lịch sử và danh thắng Yên Tử – Wikipedia tiếng Việt,https://vi.wikipedia.org/wiki/Khu_du_l%E1%BB%8Bch_Tam_Ch%C3%BAc,497,313.html
313,Khu di tích lịch sử và danh thắng Yên Tử – Wikipedia tiếng Việt,https://vi.wikipedia.org/wiki/C%C3%B4_T%C3%B4,153,313.html
313,Khu di tích lịch sử và danh thắng Yên Tử – Wikipedia tiếng Việt,https://vi.wikipedia.org/wiki/N%C3%BAi_B%C3%A0_%C4%90en,254,313.html
313,Khu di tích lịch sử và danh thắng Yên Tử – Wikipedia tiếng Việt,https://vi.wikipedia.org/wiki/H%E1%BB%93_N%C3%BAi_C%E1%BB%91c,166,313.html
313,Khu di tích lịch sử và danh thắng Yên Tử – Wikipedia tiếng Việt,https://vi.wikipedia.org/wiki/Khu_di_t%C3%ADch_P%C3%A1c_B%C3%B3,174,313.html
313,Khu di tích lịch sử và danh thắng Yên Tử – Wikipedia tiếng Việt,https://vi.wikipedia.org/wiki/V%C6%B0%E1%BB%9Dn_qu%E1%BB%91c_gia_C%C3%A1t_Ti%C3%AAn,250,313.html
313,Khu di tích lịch sử và danh thắng Yên Tử – Wikipedia tiếng Việt,https://vi.wikipedia.org/wiki/Qu%E1%BA%A7n_th%E1%BB%83_di_t%C3%ADch_C%E1%BB%91_%C4%91%C3%B4_Hu%E1%BA%BF,128,313.html
313,Khu di tích lịch sử và danh thắng Yên Tử – Wikipedia tiếng Việt,https://vi.wikipedia.org/wiki/M%C5%A9i_N%C3%A9,141,313.html
313,Khu di tích lịch sử và danh thắng Yên Tử – Wikipedia tiếng Việt,https://vi.wikipedia.org/wiki/C%C3%B9_lao_Ch%C3%A0m,230,313.html
313,Khu di tích lịch sử và danh thắng Yên Tử – Wikipedia tiếng Việt,https://vi.wikipedia.org/wiki/H%E1%BB%93_Tr%E1%BB%8B_An,169,313.html
313,Khu di tích lịch sử và danh thắng Yên Tử – Wikipedia tiếng Việt,https://vi.wikipedia.org/wiki/Ho%C3%A0ng_th%C3%A0nh_Th%C4%83ng_Long,150,313.html
313,Khu di tích lịch sử và danh thắng Yên Tử – Wikipedia tiếng Việt,https://vi.wikipedia.org/wiki/Khu_d%E1%BB%B1_tr%E1%BB%AF_sinh_quy%E1%BB%83n_r%E1%BB%ABng_ng%E1%BA%ADp_m%E1%BA%B7n_C%E1%BA%A7n_Gi%E1%BB%9D,232,313.html
313,Khu di tích lịch sử và danh thắng Yên Tử – Wikipedia tiếng Việt,https://vi.wikipedia.org/wiki/Th%C3%A1p_Po_Klong_Garai,299,313.html
313,Khu di tích lịch sử và danh thắng Yên Tử – Wikipedia tiếng Việt,https://vi.wikipedia.org/wiki/S%C6%A1n_Tr%C3%A0,285,313.html
313,Khu di tích lịch sử và danh thắng Yên Tử – Wikipedia tiếng Việt,https://vi.wikipedia.org/wiki/%C4%90%E1%BB%8Ba_%C4%91%E1%BA%A1o_C%E1%BB%A7_Chi,297,313.html
313,Khu di tích lịch sử và danh thắng Yên Tử – Wikipedia tiếng Việt,https://vi.wikipedia.org/wiki/%C4%90%C3%A0_L%E1%BA%A1t,143,313.html
313,Khu di tích lịch sử và danh thắng Yên Tử – Wikipedia tiếng Việt,https://vi.wikipedia.org/wiki/Th%C3%A0nh_nh%C3%A0_H%E1%BB%93,310,313.html
313,Khu di tích lịch sử và danh thắng Yên Tử – Wikipedia tiếng Việt,https://vi.wikipedia.org/wiki/Ph%E1%BB%91_c%E1%BB%95_H%E1%BB%99i_An,129,313.html
313,Khu di tích lịch sử và danh thắng Yên Tử – Wikipedia tiếng Việt,https://vi.wikipedia.org/wiki/G%C3%A0nh_%C4%90%C3%A1_%C4%90%C4%A9a,291,313.html
313,Khu di tích lịch sử và danh thắng Yên Tử – Wikipedia tiếng Việt,https://vi.wikipedia.org/wiki/Qu%E1%BA%A7n_th%E1%BB%83_danh_th%E1%BA%AFng_Tr%C3%A0ng_An,134,313.html
313,Khu di tích lịch sử và danh thắng Yên Tử – Wikipedia tiếng Việt,https://vi.wikipedia.org/wiki/Qu%E1%BA%A7n_%C4%91%E1%BA%A3o_C%C3%A1t_B%C3%A0,154,313.html
313,Khu di tích lịch sử và danh thắng Yên Tử – Wikipedia tiếng Việt,https://vi.wikipedia.org/wiki/H%E1%BB%93_Tuy%E1%BB%81n_L%C3%A2m,273,313.html
313,Khu di tích lịch sử và danh thắng Yên Tử – Wikipedia tiếng Việt,https://vi.wikipedia.org/wiki/Tam_%C4%90%E1%BA%A3o,149,313.html
313,Khu di tích lịch sử và danh thắng Yên Tử – Wikipedia tiếng Việt,https://vi.wikipedia.org/wiki/B%C3%A0_N%C3%A0,146,313.html
313,Khu di tích lịch sử và danh thắng Yên Tử – Wikipedia tiếng Việt,https://vi.wikipedia.org/wiki/Ch%C3%B9a_B%E1%BB%95_%C4%90%C3%A0,301,313.html
313,Khu di tích lịch sử và danh thắng Yên Tử – Wikipedia tiếng Việt,https://vi.wikipedia.org/wiki/Ru%E1%BB%99ng_b%E1%BA%ADc_thang_M%C3%B9_Cang_Ch%E1%BA%A3i,308,313.html
313,Khu di tích lịch sử và danh thắng Yên Tử – Wikipedia tiếng Việt,https://vi.wikipedia.org/wiki/V%C6%B0%E1%BB%9Dn_qu%E1%BB%91c_gia_Tr%C3%A0m_Chim,139,313.html
313,Khu di tích lịch sử và danh thắng Yên Tử – Wikipedia tiếng Việt,https://vi.wikipedia.org/wiki/V%E1%BB%8Bnh_H%E1%BA%A1_Long,132,313.html
313,Khu di tích lịch sử và danh thắng Yên Tử – Wikipedia tiếng Việt,https://vi.wikipedia.org/wiki/H%E1%BB%93_Ba_B%E1%BB%83,148,313.html
313,Khu di tích lịch sử và danh thắng Yên Tử – Wikipedia tiếng Việt,https://vi.wikipedia.org/wiki/Th%C3%A1nh_%C4%91%E1%BB%8Ba_M%E1%BB%B9_S%C6%A1n,136,313.html
313,Khu di tích lịch sử và danh thắng Yên Tử – Wikipedia tiếng Việt,https://vi.wikipedia.org/wiki/Ph%C3%BA_Qu%E1%BB%91c,239,313.html
316,"Kinh nghiệm tham quan Dinh Độc Lập, biểu tượng của thống nhất và hòa bình",https://mia.vn/cam-nang-du-lich/kham-pha-cho-ben-thanh-12521,318,316.html
316,"Kinh nghiệm tham quan Dinh Độc Lập, biểu tượng của thống nhất và hòa bình",https://mia.vn/cam-nang-du-lich/cong-vien-van-hoa-suoi-tien-12467,480,316.html
318,"Khám phá chợ Bến Thành, biểu tượng lâu đời của văn hóa Sài Gòn",https://mia.vn/cam-nang-du-lich/cong-vien-van-hoa-suoi-tien-12467,480,318.html
32,"Cẩm nang Du lịch Đồng Tháp 2024, top 10 địa điểm phải trải nghiệm",https://vnexpress.net/cam-nang-du-lich-can-tho-3801041.html,28,32.html
321,"Thưởng lãm Bến Nhà Rồng, vùng ký ức rạng ngời của lịch sử dân tộc",https://mia.vn/cam-nang-du-lich/kham-pha-cho-ben-thanh-12521,318,321.html
321,"Thưởng lãm Bến Nhà Rồng, vùng ký ức rạng ngời của lịch sử dân tộc",https://mia.vn/cam-nang-du-lich/cong-vien-van-hoa-suoi-tien-12467,480,321.html
324,"Chiêm ngưỡng Vườn quốc gia U Minh Hạ, vẻ đẹp thiên nhiên trù phú",https://mia.vn/cam-nang-du-lich/kham-pha-khu-du-lich-mui-ca-mau-tai-vung-cuc-nam-to-quoc-9623,411,324.html
34,"Cẩm nang Du lịch Đồng Văn 2025 từ A-Z: Di chuyển, ăn chơi, thăm quan, đặc sản... mới nhất",https://vnexpress.net/cam-nang-du-lich-meo-vac-4654320.html,66,34.html
34,"Cẩm nang Du lịch Đồng Văn 2025 từ A-Z: Di chuyển, ăn chơi, thăm quan, đặc sản... mới nhất",https://vnexpress.net/cam-nang-du-lich-ha-giang-4445788.html,52,34.html
348,Cố đô Hoa Lư - Dấu ấn vàng son của một thời dân tộc oai hùng,https://mia.vn/cam-nang-du-lich/an-tuong-ve-dep-hung-vi-noi-quan-the-danh-thang-trang-an-2945,135,348.html
35,"Cẩm nang Du lịch Đại Lải 2025 từ A-Z: Di chuyển, ăn chơi, thăm quan, đặc sản... mới nhất",https://vnexpress.net/cam-nang-du-lich-tam-dao-4454746.html,113,35.html
35,"Cẩm nang Du lịch Đại Lải 2025 từ A-Z: Di chuyển, ăn chơi, thăm quan, đặc sản... mới nhất",https://vnexpress.net/cam-nang-du-lich-vinh-phuc-4462114.html,124,35.html
358,Vườn Quốc Gia Ba Vì - Điểm du lịch siêu chất gần trung tâm thủ đô - Vntrip.vn,https://www.vntrip.vn/cam-nang/du-lich-lang-gom-bat-trang-10495,470,358.html
36,"Cẩm nang Du lịch Đền Hùng 2025 từ A-Z: lưu trú, ăn chơi, đặc sản... mới nhất",https://vnexpress.net/cam-nang-du-lich-phu-tho-4462060.html,85,36.html
369,Lạc giữa góc phố đi bộ Bùi Viện nhộn nhịp xuyên màn đêm,https://mia.vn/cam-nang-du-lich/kham-pha-cho-ben-thanh-12521,318,369.html
369,Lạc giữa góc phố đi bộ Bùi Viện nhộn nhịp xuyên màn đêm,https://mia.vn/cam-nang-du-lich/cong-vien-van-hoa-suoi-tien-12467,480,369.html
37,"Kinh nghiệm Du lịch ĐÀ NẴNG 2025: Top 20+ địa điểm, trải nghiệm phải thử",https://vnexpress.net/mui-nghe-ho-boi-tu-nhien-giua-bien-4447183.html,69,37.html
37,"Kinh nghiệm Du lịch ĐÀ NẴNG 2025: Top 20+ địa điểm, trải nghiệm phải thử",https://vnexpress.net/cam-nang-du-lich-ba-na-hills-4866205.html,1,37.html
384,Thung lũng Mường Hoa - “nàng thơ” của núi rừng Tây Bắc,https://vinwonders.com/vi/wonderpedia/news/ban-cat-cat-sa-pa-lao-cai/,462,384.html
39,Cẩm nang du lịch Đăk Lăk 2024 từ A-Z: top 14 địa điểm phải tới trải nghiệm mới nhất,https://vnexpress.net/cam-nang-du-lich-buon-ma-thuot-4190200.html,16,39.html
4,"Cẩm nang Du lịch Bình Định 2024, top 13 địa điểm phải trải nghiệm",https://vnexpress.net/cam-nang-du-lich-cu-lao-xanh-4598306.html,22,4.html
4,"Cẩm nang Du lịch Bình Định 2024, top 13 địa điểm phải trải nghiệm",https://vnexpress.net/cam-nang-du-lich-ky-co-4475856.html,59,4.html
4,"Cẩm nang Du lịch Bình Định 2024, top 13 địa điểm phải trải nghiệm",https://vnexpress.net/cam-nang-du-lich-quy-nhon-4119727.html,95,4.html
40,Dinh Độc Lập TP HCM - điểm đến ngày thống nhất 30/4,https://vnexpress.net/cam-nang-du-lich-tp-hcm-4608205.html,109,40.html
411,Khám phá Khu du lịch Mũi Cà Mau tại vùng cực Nam Tổ quốc,https://mia.vn/cam-nang-du-lich/chiem-nguong-vuon-quoc-gia-u-minh-ha-ve-dep-thien-nhien-tru-phu-10130,324,411.html
412,"Mũi Cà Mau, cực nam của Tổ quốc - Báo VnExpress Du lịch",https://vnexpress.net/cam-nang-du-lich-ca-mau-4447395.html,24,412.html
428,Làng Nổi Cá Bè Châu Đốc - Kinh nghiệm du lịch Làng nổi Châu Đốc,https://thamhiemmekong.com/thong-tin-du-lich-mien-tay/mieu-ba-chua-xu-nui-sam-chau-doc-an-giang.html,450,428.html
433,Khu du lịch Núi Cấm An Giang vẻ đẹp linh thiêng của núi rừng,https://mia.vn/cam-nang-du-lich/mieu-ba-chua-xu-nui-sam-chau-doc-diem-den-tam-linh-tru-danh-nam-bo-8205,449,433.html
438,Hòn Chồng Hòn Vợ Nha Trang - Kinh nghiệm khám phá 2026,https://vinwonders.com/vi/wonderpedia/news/thap-ba-ponagar-nha-trang/,441,438.html
44,"Kinh nghiệm du lịch hồ Ba Bể 2025 từ A-Z: Di chuyển, ăn chơi, thăm quan, đặc sản... mới nhất",https://vnexpress.net/cam-nang-du-lich-bac-kan-4659738.html,7,44.html
449,"Miếu Bà Chúa Xứ Núi Sam Châu Đốc, điểm đến tâm linh trứ danh Nam Bộ",https://mia.vn/cam-nang-du-lich/khu-du-lich-lam-vien-nui-cam-ve-dep-linh-thieng-cua-nui-rung-8212,433,449.html
46,Cẩm nang Du lịch HOÀ BÌNH 2024 từ A-Z: Top 7 địa điểm phải đến trải nghiệm,https://vnexpress.net/cam-nang-du-lich-mai-chau-4450439.html,68,46.html
47,"Cẩm nang Du lịch Hà Nam 2024, top 6 địa điểm phải trải nghiệm",https://vnexpress.net/cam-nang-du-lich-tam-chuc-4822957.html,18,47.html
48,Cẩm nang Du lịch HẢI PHÒNG 2025 từ A-Z: Top 10+ địa điểm vui chơi mới nhất,https://vnexpress.net/cam-nang-du-lich-cat-ba-4136515.html,27,48.html
480,Khu Du Lịch Suối Tiên: Cập nhật giá vé và hoạt động mới 2025,https://mia.vn/cam-nang-du-lich/kham-pha-cho-ben-thanh-12521,318,480.html
483,Bảo tàng Lịch sử Thành phố Hồ Chí Minh: Thông tin từ A-Z,https://vinwonders.com/vi/wonderpedia/news/cho-ben-thanh-sai-gon/,319,483.html
487,"Cầu Rồng Đà Nẵng: Kinh nghiệm check-in, tham quan chi tiết",https://mia.vn/cam-nang-du-lich/bai-bien-my-khe-da-nang-lang-nguoi-ngam-nhin-1-trong-6-bai-bien-dep-nhat-hanh-tinh-1777,281,487.html
49,Cẩm nang Du lịch HÀ NỘI 2025 từ A-Z: top 15 trải nghiệm phải thử mới nhất,https://vnexpress.net/goi-y-an-choi-o-pho-di-bo-ho-hoan-kiem-4633127.html,81,49.html
496,Thành nhà Hồ – Wikipedia tiếng Việt,https://vi.wikipedia.org/wiki/V%C6%B0%E1%BB%9Dn_qu%E1%BB%91c_gia_Phong_Nha_%E2%80%93_K%E1%BA%BB_B%C3%A0ng,140,496.html
496,Thành nhà Hồ – Wikipedia tiếng Việt,https://vi.wikipedia.org/wiki/B%C3%A3i_bi%E1%BB%83n_S%E1%BA%A7m_S%C6%A1n,177,496.html
496,Thành nhà Hồ – Wikipedia tiếng Việt,https://vi.wikipedia.org/wiki/C%C3%B4n_%C4%90%E1%BA%A3o,241,496.html
496,Thành nhà Hồ – Wikipedia tiếng Việt,https://vi.wikipedia.org/wiki/Ng%C5%A9_H%C3%A0nh_S%C6%A1n,288,496.html
496,Thành nhà Hồ – Wikipedia tiếng Việt,https://vi.wikipedia.org/wiki/L%C3%BD_S%C6%A1n,147,496.html
496,Thành nhà Hồ – Wikipedia tiếng Việt,https://vi.wikipedia.org/wiki/Khu_du_l%E1%BB%8Bch_Tam_Ch%C3%BAc,497,496.html
496,Thành nhà Hồ – Wikipedia tiếng Việt,https://vi.wikipedia.org/wiki/C%C3%B4_T%C3%B4,153,496.html
496,Thành nhà Hồ – Wikipedia tiếng Việt,https://vi.wikipedia.org/wiki/Khu_di_t%C3%ADch_l%E1%BB%8Bch_s%E1%BB%AD_v%C3%A0_danh_th%E1%BA%AFng_Y%C3%AAn_T%E1%BB%AD,313,496.html
496,Thành nhà Hồ – Wikipedia tiếng Việt,https://vi.wikipedia.org/wiki/N%C3%BAi_B%C3%A0_%C4%90en,254,496.html
496,Thành nhà Hồ – Wikipedia tiếng Việt,https://vi.wikipedia.org/wiki/H%E1%BB%93_N%C3%BAi_C%E1%BB%91c,166,496.html
496,Thành nhà Hồ – Wikipedia tiếng Việt,https://vi.wikipedia.org/wiki/Khu_di_t%C3%ADch_P%C3%A1c_B%C3%B3,174,496.html
496,Thành nhà Hồ – Wikipedia tiếng Việt,https://vi.wikipedia.org/wiki/V%C6%B0%E1%BB%9Dn_qu%E1%BB%91c_gia_C%C3%A1t_Ti%C3%AAn,250,496.html
496,Thành nhà Hồ – Wikipedia tiếng Việt,https://vi.wikipedia.org/wiki/Qu%E1%BA%A7n_th%E1%BB%83_di_t%C3%ADch_C%E1%BB%91_%C4%91%C3%B4_Hu%E1%BA%BF,128,496.html
496,Thành nhà Hồ – Wikipedia tiếng Việt,https://vi.wikipedia.org/wiki/M%C5%A9i_N%C3%A9,141,496.html
496,Thành nhà Hồ – Wikipedia tiếng Việt,https://vi.wikipedia.org/wiki/C%C3%B9_lao_Ch%C3%A0m,230,496.html
496,Thành nhà Hồ – Wikipedia tiếng Việt,https://vi.wikipedia.org/wiki/H%E1%BB%93_Tr%E1%BB%8B_An,169,496.html
496,Thành nhà Hồ – Wikipedia tiếng Việt,https://vi.wikipedia.org/wiki/Ho%C3%A0ng_th%C3%A0nh_Th%C4%83ng_Long,150,496.html
496,Thành nhà Hồ – Wikipedia tiếng Việt,https://vi.wikipedia.org/wiki/Th%C3%A1p_Po_Klong_Garai,299,496.html
496,Thành nhà Hồ – Wikipedia tiếng Việt,https://vi.wikipedia.org/wiki/Khu_d%E1%BB%B1_tr%E1%BB%AF_sinh_quy%E1%BB%83n_r%E1%BB%ABng_ng%E1%BA%ADp_m%E1%BA%B7n_C%E1%BA%A7n_Gi%E1%BB%9D,232,496.html
496,Thành nhà Hồ – Wikipedia tiếng Việt,https://vi.wikipedia.org/wiki/S%C6%A1n_Tr%C3%A0,285,496.html
496,Thành nhà Hồ – Wikipedia tiếng Việt,https://vi.wikipedia.org/wiki/%C4%90%E1%BB%8Ba_%C4%91%E1%BA%A1o_C%E1%BB%A7_Chi,297,496.html
496,Thành nhà Hồ – Wikipedia tiếng Việt,https://vi.wikipedia.org/wiki/%C4%90%C3%A0_L%E1%BA%A1t,143,496.html
496,Thành nhà Hồ – Wikipedia tiếng Việt,https://vi.wikipedia.org/wiki/Th%C3%A0nh_nh%C3%A0_H%E1%BB%93,310,496.html
496,Thành nhà Hồ – Wikipedia tiếng Việt,https://vi.wikipedia.org/wiki/Ph%E1%BB%91_c%E1%BB%95_H%E1%BB%99i_An,129,496.html
496,Thành nhà Hồ – Wikipedia tiếng Việt,https://vi.wikipedia.org/wiki/V%C6%B0%E1%BB%9Dn_qu%E1%BB%91c_gia_C%C3%BAc_Ph%C6%B0%C6%A1ng,246,496.html
496,Thành nhà Hồ – Wikipedia tiếng Việt,https://vi.wikipedia.org/wiki/V%C6%B0%E1%BB%9Dn_qu%E1%BB%91c_gia_B%E1%BA%BFn_En,165,496.html
496,Thành nhà Hồ – Wikipedia tiếng Việt,https://vi.wikipedia.org/wiki/G%C3%A0nh_%C4%90%C3%A1_%C4%90%C4%A9a,291,496.html
496,Thành nhà Hồ – Wikipedia tiếng Việt,"https://vi.wikipedia.org/wiki/Qu%E1%BA%A7n_th%E1%BB%83_di_t%C3%ADch_v%C3%A0_danh_th%E1%BA%AFng_Y%C3%AAn_T%E1%BB%AD_%E2%80%93_V%C4%A9nh_Nghi%C3%AAm_%E2%80%93_C%C3%B4n_S%C6%A1n,_Ki%E1%BA%BFp_B%E1%BA%A1c",312,496.html
496,Thành nhà Hồ – Wikipedia tiếng Việt,https://vi.wikipedia.org/wiki/Qu%E1%BA%A7n_th%E1%BB%83_danh_th%E1%BA%AFng_Tr%C3%A0ng_An,134,496.html
496,Thành nhà Hồ – Wikipedia tiếng Việt,https://vi.wikipedia.org/wiki/Qu%E1%BA%A7n_%C4%91%E1%BA%A3o_C%C3%A1t_B%C3%A0,154,496.html
496,Thành nhà Hồ – Wikipedia tiếng Việt,https://vi.wikipedia.org/wiki/H%E1%BB%93_Tuy%E1%BB%81n_L%C3%A2m,273,496.html
496,Thành nhà Hồ – Wikipedia tiếng Việt,https://vi.wikipedia.org/wiki/Tam_%C4%90%E1%BA%A3o,149,496.html
496,Thành nhà Hồ – Wikipedia tiếng Việt,https://vi.wikipedia.org/wiki/Ch%C3%B9a_B%E1%BB%95_%C4%90%C3%A0,301,496.html
496,Thành nhà Hồ – Wikipedia tiếng Việt,https://vi.wikipedia.org/wiki/B%C3%A0_N%C3%A0,146,496.html
496,Thành nhà Hồ – Wikipedia tiếng Việt,https://vi.wikipedia.org/wiki/Ru%E1%BB%99ng_b%E1%BA%ADc_thang_M%C3%B9_Cang_Ch%E1%BA%A3i,308,496.html
496,Thành nhà Hồ – Wikipedia tiếng Việt,https://vi.wikipedia.org/wiki/V%C6%B0%E1%BB%9Dn_qu%E1%BB%91c_gia_Tr%C3%A0m_Chim,139,496.html
496,Thành nhà Hồ – Wikipedia tiếng Việt,https://vi.wikipedia.org/wiki/H%E1%BB%93_Ba_B%E1%BB%83,148,496.html
496,Thành nhà Hồ – Wikipedia tiếng Việt,https://vi.wikipedia.org/wiki/V%E1%BB%8Bnh_H%E1%BA%A1_Long,132,496.html
496,Thành nhà Hồ – Wikipedia tiếng Việt,https://vi.wikipedia.org/wiki/Th%C3%A1nh_%C4%91%E1%BB%8Ba_M%E1%BB%B9_S%C6%A1n,136,496.html
496,Thành nhà Hồ – Wikipedia tiếng Việt,https://vi.wikipedia.org/wiki/Ph%C3%BA_Qu%E1%BB%91c,239,496.html
497,Khu du lịch Tam Chúc – Wikipedia tiếng Việt,https://vi.wikipedia.org/wiki/V%C6%B0%E1%BB%9Dn_qu%E1%BB%91c_gia_Xu%C3%A2n_Th%E1%BB%A7y,235,497.html
497,Khu du lịch Tam Chúc – Wikipedia tiếng Việt,https://vi.wikipedia.org/wiki/H%E1%BB%93_Y%C3%AAn_Th%E1%BA%AFng,167,497.html
497,Khu du lịch Tam Chúc – Wikipedia tiếng Việt,https://vi.wikipedia.org/wiki/Qu%E1%BA%A7n_th%E1%BB%83_danh_th%E1%BA%AFng_Tr%C3%A0ng_An,134,497.html
497,Khu du lịch Tam Chúc – Wikipedia tiếng Việt,https://vi.wikipedia.org/wiki/Khu_b%E1%BA%A3o_t%E1%BB%93n_thi%C3%AAn_nhi%C3%AAn_%C4%91%E1%BA%A5t_ng%E1%BA%ADp_n%C6%B0%E1%BB%9Bc_V%C3%A2n_Long,237,497.html
497,Khu du lịch Tam Chúc – Wikipedia tiếng Việt,https://vi.wikipedia.org/wiki/V%C6%B0%E1%BB%9Dn_qu%E1%BB%91c_gia_C%C3%BAc_Ph%C6%B0%C6%A1ng,246,497.html
50,"Kinh nghiệm Du lịch HẠ LONG 2025 chi tiết từ A-Z: 10 địa điểm vui chơi, kinh nghiệm ăn uống, lưu trú...",https://vnexpress.net/cam-nang-du-lich-quang-ninh-4479287.html,93,50.html
51,"Kinh nghiệm Du lịch HỘI AN 2025 từ A-Z: lưu trú, ăn chơi, đặc sản... mới nhất",https://vnexpress.net/cam-nang-du-lich-quang-nam-4726797.html,90,51.html
52,"Kinh nghiệm du lịch Hà Giang 2025 từ A đến Z: di chuyển, lưu trú, ăn chơi, đặc sản...",https://vnexpress.net/cam-nang-du-lich-meo-vac-4654320.html,66,52.html
52,"Kinh nghiệm du lịch Hà Giang 2025 từ A đến Z: di chuyển, lưu trú, ăn chơi, đặc sản...",https://vnexpress.net/cam-nang-du-lich-dong-van-4641450.html,34,52.html
55,"Cẩm nang Du lịch Kiên Giang 2024, top 15 địa điểm phải trải nghiệm",https://vnexpress.net/cam-nang-du-lich-phu-quoc-4106697.html,87,55.html
55,"Cẩm nang Du lịch Kiên Giang 2024, top 15 địa điểm phải trải nghiệm",https://vnexpress.net/cam-nang-du-lich-ha-tien-4745763.html,42,55.html
55,"Cẩm nang Du lịch Kiên Giang 2024, top 15 địa điểm phải trải nghiệm",https://vnexpress.net/cam-nang-du-lich-nam-du-4764453.html,73,55.html
56,"Cẩm nang Du lịch Khánh hoà 2024, top các địa điểm phải trải nghiệm",https://vnexpress.net/cam-nang-du-lich-nha-trang-tu-a-den-z-4127199.html,79,56.html
57,"Du lịch Kon Tum 2024, top 10 địa điểm phải trải nghiệm",https://vnexpress.net/cam-nang-du-lich-mang-den-4619200.html,67,57.html
58,"Cẩm nang Du lịch KỲ CO 2025 từ A-Z: lưu trú, ăn chơi, đặc sản... mới nhất",https://vnexpress.net/cam-nang-du-lich-ky-co-4475856.html,59,58.html
58,"Cẩm nang Du lịch KỲ CO 2025 từ A-Z: lưu trú, ăn chơi, đặc sản... mới nhất",https://vnexpress.net/cam-nang-du-lich-binh-dinh-4729689.html,4,58.html
58,"Cẩm nang Du lịch KỲ CO 2025 từ A-Z: lưu trú, ăn chơi, đặc sản... mới nhất",https://vnexpress.net/cam-nang-du-lich-quy-nhon-4119727.html,95,58.html
59,"Cẩm nang Du lịch KỲ CO 2025 từ A-Z: lưu trú, ăn chơi, đặc sản... mới nhất",https://vnexpress.net/cam-nang-du-lich-binh-dinh-4729689.html,4,59.html
59,"Cẩm nang Du lịch KỲ CO 2025 từ A-Z: lưu trú, ăn chơi, đặc sản... mới nhất",https://vnexpress.net/cam-nang-du-lich-quy-nhon-4119727.html,95,59.html
62,"Cẩm nang Du lịch Lào Cai 2024 từ A-Z: Di chuyển, ăn chơi, thăm quan, đặc sản... mới nhất",https://vnexpress.net/cam-nang-du-lich-sa-pa-4108517.html,100,62.html
64,"Cẩm nang Du lịch Lăng Cô 2023 từ A-Z: Di chuyển, ăn chơi, tham quan, đặc sản... mới nhất",https://vnexpress.net/cam-nang-du-lich-hue-4126937.html,114,64.html
65,"Kinh nghiệm du lịch Lý Sơn 2025 từ A-Z: di chuyển, ăn chơi, lưu trú... mới nhất",https://vnexpress.net/cam-nang-du-lich-quang-ngai-4631099.html,91,65.html
66,"Cẩm nang Du lịch Mèo Vạc 2025 từ A-Z: Di chuyển, ăn chơi, thăm quan, đặc sản... mới nhất",https://vnexpress.net/cam-nang-du-lich-dong-van-4641450.html,34,66.html
66,"Cẩm nang Du lịch Mèo Vạc 2025 từ A-Z: Di chuyển, ăn chơi, thăm quan, đặc sản... mới nhất",https://vnexpress.net/cam-nang-du-lich-ha-giang-4445788.html,52,66.html
67,"Cẩm nang Du lịch Măng Đen 2025 từ A-Z: Di chuyển, ăn chơi, thăm quan, đặc sản... mới nhất",https://vnexpress.net/cam-nang-du-lich-kon-tum-4718005.html,57,67.html
68,"Kinh nghiệm du lịch Mai Châu 2025 từ A-Z: cảnh đẹp, lưu trú, ẩm thực đặc sản...",https://vnexpress.net/cam-nang-du-lich-hoa-binh-4462526.html,46,68.html
69,Mũi Nghê - hồ bơi tự nhiên giữa biển - Báo VnExpress Du lịch,https://vnexpress.net/cam-nang-du-lich-da-nang-4470111.html,37,69.html
7,Du lịch Bắc Kạn 2024 từ A-Z: Top 10 địa điểm phải trải nghiệm,https://vnexpress.net/cam-nang-du-lich-ho-ba-be-4650105.html,44,7.html
70,"Kinh nghiệm du lịch Mù Cang Chải 2025 từ A-Z: đi lại, ăn chơi, lưu trú... mới nhất",https://vnexpress.net/cam-nang-du-lich-yen-bai-4701574.html,126,70.html
70,"Kinh nghiệm du lịch Mù Cang Chải 2025 từ A-Z: đi lại, ăn chơi, lưu trú... mới nhất",https://vnexpress.net/cam-nang-du-lich-tu-le-4472621.html,111,70.html
70,"Kinh nghiệm du lịch Mù Cang Chải 2025 từ A-Z: đi lại, ăn chơi, lưu trú... mới nhất",https://vnexpress.net/cam-nang-du-lich-tram-tau-4645565.html,107,70.html
71,"Cẩm nang Du lịch MỘC CHÂU 2025 từ A-Z: di chuyển, ăn chơi, lưu trú... mới nhất",https://vnexpress.net/cam-nang-du-lich-son-la-4720798.html,97,71.html
72,"Kinh nghiệm du lịch MŨI NÉ 2025: di chuyển, ăn chơi, lưu trú... mới nhất",https://vnexpress.net/cam-nang-du-lich-phan-thiet-4582529.html,83,72.html
73,"Cẩm nang Du lịch đảo Nam Du 2024 từ A-Z: Di chuyển, ăn chơi, thăm quan, đặc sản... mới nhất",https://vnexpress.net/cam-nang-du-lich-kien-giang-4764240.html,55,73.html
74,Núi Dinh - điểm cắm trại cuối tuần gần TP HCM - Báo VnExpress Du lịch,https://vnexpress.net/cam-nang-du-lich-ba-ria-vung-tau-4479713.html,9,74.html
74,Núi Dinh - điểm cắm trại cuối tuần gần TP HCM - Báo VnExpress Du lịch,https://vnexpress.net/cam-nang-du-lich-vung-tau-4476318.html,123,74.html
76,Cẩm nang du lịch Nghệ An 2024: top 12 địa điểm vui chơi hấp dẫn nhất,https://vnexpress.net/cam-nang-du-lich-vuon-quoc-gia-pu-mat-4858184.html,116,76.html
78,Cẩm nang du lịch Ninh Bình 2025 từ A-Z: Top 11 địa điểm phải đến,https://vnexpress.net/cam-nang-du-lich-chua-bai-dinh-4833152.html,17,78.html
78,Cẩm nang du lịch Ninh Bình 2025 từ A-Z: Top 11 địa điểm phải đến,https://vnexpress.net/hai-ngay-tham-tam-coc-mua-lua-chin-4467480.html,112,78.html
79,"Kinh nghiệm du lịch NHA TRANG 2025 từ A-Z: di chuyển, lưu trú, ăn chơi, cảnh đẹp...",https://vnexpress.net/cam-nang-du-lich-khanh-hoa-4759133.html,56,79.html
81,"Phố đi bộ hồ Gươm Hà Nội: Gợi ý ăn chơi, ẩm thực, quán ăn... mới nhất",https://vnexpress.net/cam-nang-du-lich-ha-noi-4459188.html,49,81.html
82,"Phố đi bộ Nguyễn Huệ: Gợi ý vui chơi, ăn uống, mua sắm phải trải nghiệm",https://vnexpress.net/cam-nang-du-lich-tp-hcm-4608205.html,109,82.html
83,"Cẩm nang du lịch Phan Thiết 2025 từ A-Z: đi lại, ăn chơi, lưu trú... mới nhất",https://vnexpress.net/cam-nang-du-lich-binh-thuan-4749039.html,3,83.html
83,"Cẩm nang du lịch Phan Thiết 2025 từ A-Z: đi lại, ăn chơi, lưu trú... mới nhất",https://vnexpress.net/cam-nang-du-lich-mui-ne-3838646.html,72,83.html
85,Cẩm nang Du lịch PHÚ THỌ 2024 từ A-Z: Top 5 địa điểm phải đến mới nhất,https://vnexpress.net/cam-nang-du-lich-den-hung-4595429.html,36,85.html
86,"Cẩm nang Du lịch PÙ LUÔNG 2025 từ A-Z: di chuyển, lưu trú, ăn chơi... mới nhất",https://vnexpress.net/cam-nang-du-lich-thanh-hoa-4607348.html,110,86.html
9,Du lịch BÀ RỊA VŨNG TÀU 2024: top 18 địa điểm phải trải nghiệm mới nhất,https://vnexpress.net/nui-dinh-diem-cam-trai-cuoi-tuan-gan-tp-hcm-4545681.html,74,9.html
9,Du lịch BÀ RỊA VŨNG TÀU 2024: top 18 địa điểm phải trải nghiệm mới nhất,https://vnexpress.net/cam-nang-du-lich-con-dao-4445727.html,26,9.html
9,Du lịch BÀ RỊA VŨNG TÀU 2024: top 18 địa điểm phải trải nghiệm mới nhất,https://vnexpress.net/cam-nang-du-lich-vung-tau-4476318.html,123,9.html
90,"Cẩm nang Du lịch Quảng Nam 2024, top 10 địa điểm phải trải nghiệm",https://vnexpress.net/cam-nang-du-lich-hoi-an-4446174.html,51,90.html
91,"Cẩm nang Du lịch Quảng Ngãi 2024, các địa điểm phải trải nghiệm mới nhất",https://vnexpress.net/cam-nang-du-lich-ly-son-4114764.html,65,91.html
93,Cẩm nang Du lịch QUẢNG NINH 2024: Top 28 trải nghiệm đáng thử mới nhất,https://vnexpress.net/cam-nang-du-lich-quan-lan-4478816.html,94,93.html
93,Cẩm nang Du lịch QUẢNG NINH 2024: Top 28 trải nghiệm đáng thử mới nhất,https://vnexpress.net/cam-nang-du-lich-ha-long-4457134.html,50,93.html
93,Cẩm nang Du lịch QUẢNG NINH 2024: Top 28 trải nghiệm đáng thử mới nhất,https://vnexpress.net/cam-nang-du-lich-binh-lieu-4473563.html,10,93.html
93,Cẩm nang Du lịch QUẢNG NINH 2024: Top 28 trải nghiệm đáng thử mới nhất,https://vnexpress.net/cam-nang-du-lich-co-to-4478268.html,23,93.html
94,"Cẩm nang Du lịch đảo QUAN LẠN 2025 từ A-Z: lưu trú, ăn chơi, đặc sản... mới nhất",https://vnexpress.net/cam-nang-du-lich-quang-ninh-4479287.html,93,94.html
94,"Cẩm nang Du lịch đảo QUAN LẠN 2025 từ A-Z: lưu trú, ăn chơi, đặc sản... mới nhất",https://vnexpress.net/cam-nang-du-lich-co-to-4478268.html,23,94.html
95,"Kinh nghiệm du lịch Quy Nhơn 2025 từ A-Z: di chuyển, lưu trú, ăn chơi...",https://vnexpress.net/cam-nang-du-lich-cu-lao-xanh-4598306.html,22,95.html
95,"Kinh nghiệm du lịch Quy Nhơn 2025 từ A-Z: di chuyển, lưu trú, ăn chơi...",https://vnexpress.net/cam-nang-du-lich-ky-co-4475856.html,59,95.html
97,"Cẩm nang Du lịch Sơn La 2024, những địa điểm phải trải nghiệm",https://vnexpress.net/cam-nang-du-lich-tram-tau-4645565.html,107,97.html
97,"Cẩm nang Du lịch Sơn La 2024, những địa điểm phải trải nghiệm",https://vnexpress.net/cam-nang-du-lich-moc-chau-4098678.html,71,97.html
97,"Cẩm nang Du lịch Sơn La 2024, những địa điểm phải trải nghiệm",https://vnexpress.net/cam-nang-du-lich-yen-bai-4701574.html,126,97.html
97,"Cẩm nang Du lịch Sơn La 2024, những địa điểm phải trải nghiệm",https://vnexpress.net/cam-nang-du-lich-ta-xua-4656282.html,106,97.html
97,"Cẩm nang Du lịch Sơn La 2024, những địa điểm phải trải nghiệm",https://vnexpress.net/cam-nang-du-lich-dien-bien-4687746.html,31,97.html
98,"Cẩm nang Du lịch SẦM SƠN 2025 từ A-Z: lưu trú, ăn chơi, đặc sản... mới nhất",https://vnexpress.net/cam-nang-du-lich-thanh-hoa-4607348.html,110,98.html
99,"Cẩm nang du lịch Sóc Sơn 2024 từ A-Z: Lưu trú, đi lại, vui chơi...",https://vnexpress.net/cam-nang-du-lich-ha-noi-4459188.html,49,99.html
