id,url,title,pagerank,document,total_words,unique_words,top_words,top_tfidf,avg_tfidf,final_score
0,https://vnexpress.net/cam-nang-du-lich-an-giang-4445399.html,Cẩm nang du lịch An Giang,0.002414125989205248,0.txt,1008.0,488.0,"núi, an_giang, châu_đốc, mùa, du_khách, sông, đồng, chợ, đi, đặc_sản","châu_đốc, an_giang, long_xuyên, núi, sam",0.002600060813936703,0.0025442803665172665
1,https://vnexpress.net/cam-nang-du-lich-ba-na-hills-4866205.html,Cẩm nang du lịch Bà Nà Hills,0.00470405811415916,1.txt,1496.0,666.0,"nà, du_khách, hills, đồng, treo, khu, du_lịch, cáp, đà_nẵng, đỉnh","nà, hills, bql, cáp, treo",0.002283693924865391,0.0030098031816535218
2,https://vnexpress.net/cam-nang-du-lich-bac-giang-4851082.html,Cẩm nang du lịch Bắc Giang,0.0,2.txt,1359.0,725.0,"bắc_giang, chùa, huyện, hà_nội, du_khách, đi, núi, làng, mùa, đồng","bắc_giang, chùa, bánh_đa, vải_thiều, bánh",0.0030154375060396548,0.002110806254227758
3,https://vnexpress.net/cam-nang-du-lich-binh-thuan-4749039.html,Cẩm nang du lịch Bình Thuận,0.0031371979990231316,3.txt,1305.0,625.0,"biển, mũi, bình_thuận, né, du_lịch, đảo, du_khách, phú_quý, cá, đồng","né, bình_thuận, phú_quý, mũi, đảo",0.0029011958499832054,0.002971996494695183
4,https://vnexpress.net/cam-nang-du-lich-binh-dinh-4729689.html,Cẩm nang du lịch Bình Định,0.004223475115757702,4.txt,1776.0,840.0,"quy_nhơn, bình_định, biển, đồng, thành_phố, du_lịch, km, du_khách, giá, khu","quy_nhơn, bình_định, bánh_ít, quy_nhon, đồng",0.002896677432110315,0.003294716737204531
5,https://vnexpress.net/cam-nang-du-lich-binh-duong-4677956.html,Cẩm nang du lịch Bình Dương,0.0,5.txt,1864.0,926.0,"bình_dương, món, du_khách, măng_cụt, tp, khu, dầu, hcm, tiếng, gà","bình_dương, măng_cụt, thủ_dầu, dầu, lươn",0.0035119428898778547,0.002458360022914498
6,https://vnexpress.net/cam-nang-du-lich-binh-phuoc-4667906.html,Cẩm nang du lịch Bình Phước,0.0,6.txt,1595.0,769.0,"bình_phước, rừng, món, du_lịch, huyện, thác, đồng_xoài, đi, núi, chùa","bình_phước, đồng_xoài, cao_su, trảng, bù_gia_mập",0.003046678545468214,0.00213267498182775
7,https://vnexpress.net/cam-nang-du-lich-bac-kan-4659738.html,Cẩm nang du lịch Bắc Kạn,0.006104242741099747,7.txt,1212.0,627.0,"hồ, bể, bắc_kạn, du_lịch, du_khách, bắc, thành_phố, km, xã, khu","bể, bắc_kạn, hồ, kạn, sam",0.0027002191641222945,0.00372142623721553
8,https://vnexpress.net/cam-nang-du-lich-bao-loc-4643396.html,Cẩm nang du lịch Bảo Lộc,0.0,8.txt,1193.0,544.0,"bảo_lộc, du_khách, thành_phố, chè, trung_tâm, du_lịch, km, khu, thác, dambri","bảo_lộc, dambri, chè, thác, lâm_đồng",0.0020310780580938275,0.001421754640665679
9,https://vnexpress.net/cam-nang-du-lich-ba-ria-vung-tau-4479713.html,Cẩm nang du lịch Bà Rịa - Vũng Tàu,0.011943105187867833,9.txt,2262.0,995.0,"biển, vũng_tàu, du_khách, bà_rịa, món, núi, chùa, đường, rừng, đi","bà_rịa, vũng_tàu, biển, súng, du_khách",0.003579548799635396,0.006088615716105127
10,https://vnexpress.net/cam-nang-du-lich-binh-lieu-4473563.html,Cẩm nang du lịch Bình Liêu,0.004340177620779533,10.txt,1074.0,541.0,"bình_liêu, đi, núi, mốc, mùa, đường, du_khách, thác, quảng_ninh, cột","bình_liêu, mốc, quảng_ninh, cột, lau",0.0019699643465181725,0.0026810283287965805
11,https://vnexpress.net/cam-nang-du-lich-ba-vi-4468415.html,Cẩm nang du lịch Ba Vì,0.0009157402443533247,11.txt,1743.0,784.0,"khu, đồng, du_lịch, du_khách, đi, núi, rừng, hà_nội, vườn, quốc_gia","khu, đồng, mô, du_khách, rừng",0.003463101824886264,0.002698893350726382
12,https://vnexpress.net/cam-nang-du-lich-bac-ninh-4462126.html,Cẩm nang du lịch Bắc Ninh,0.0,12.txt,1309.0,686.0,"bắc_ninh, làng, chùa, đình, bánh, ảnh, du_lịch, vị, du_khách, tỉnh","bắc_ninh, làng, kinh_bắc, đình, phù_lãng",0.0030299261116360477,0.002120948278145233
13,https://vnexpress.net/cam-nang-du-lich-binh-ba-4449076.html,Cẩm nang du lịch Bình Ba,0.0009157402443533247,13.txt,1199.0,555.0,"đảo, biển, bãi, bình_ba, đi, bình, du_khách, du_lịch, giá, đồng","bình_ba, đảo, tôm_hùm, bãi, biển",0.002280209035498493,0.0018708683981549425
14,https://vnexpress.net/cam-nang-du-lich-bac-lieu-4447282.html,Cẩm nang du lịch Bạc Liêu,0.0,14.txt,1431.0,735.0,"bạc_liêu, du_khách, đồng, cánh, đi, lễ_hội, thành_phố, giá, biển, km","bạc_liêu, ba_khía, bồn, công_tử, đồng",0.0028655888356797655,0.0020059121849758357
15,https://vnexpress.net/cam-nang-du-lich-ben-tre-4447138.html,Cẩm nang du lịch Bến Tre,0.0,15.txt,1127.0,555.0,"bến_tre, dừa, du_khách, miền, dân, ảnh, du_lịch, sông, thưởng_thức, cồn","bến_tre, dừa, cồn, làng_nghề, trái_cây",0.0026933896694778443,0.0018853727686344909
16,https://vnexpress.net/cam-nang-du-lich-buon-ma-thuot-4190200.html,Cẩm nang du lịch Buôn Ma Thuột,0.006104242741099747,16.txt,1561.0,759.0,"buôn_ma_thuột, cà_phê, ảnh, thành_phố, du_lịch, du_khách, đăk, lăk, đường, đồng","buôn_ma_thuột, cà_phê, lăk, đăk, tưới",0.0028457203605258847,0.0038232770746980432
17,https://vnexpress.net/cam-nang-du-lich-chua-bai-dinh-4833152.html,Cẩm nang du lịch Chùa Bái Đính,0.00470405811415916,17.txt,1505.0,679.0,"chùa, bái, đính, m, tượng, du_khách, điện, phật, đồng, núi","đính, bái, chùa, m, tượng",0.002087632981467213,0.002872560521274797
18,https://vnexpress.net/cam-nang-du-lich-tam-chuc-4822957.html,Cẩm nang du lịch Chùa Tam Chúc,0.006104242741099747,18.txt,1168.0,537.0,"tam_chúc, chùa, du_lịch, du_khách, điện, khu, xe, m, hồ, đi","tam_chúc, chùa, điện, thủy_đình, tam_quan",0.0019893198141421897,0.0032237966922294566
19,https://vnexpress.net/cam-nang-du-lich-cu-lao-cham-4751193.html,Cẩm nang du lịch Cù Lao Chàm,0.0009157402443533247,19.txt,1212.0,565.0,"cù_lao_chàm, cù_lao, đảo, chàm, biển, bãi, đồng, du_khách, du_lịch, hòn","cù_lao_chàm, chàm, cù_lao, đảo, bãi",0.0022105127946427227,0.0018220810295559032
20,https://vnexpress.net/cam-nang-du-lich-chau-doc-4733356.html,Cẩm nang du lịch Châu Đốc,0.0009157402443533247,20.txt,1519.0,727.0,"châu_đốc, cá, núi, món, du_khách, sam, miền, mắm, an_giang, đường","châu_đốc, sam, thốt_nốt, mắm, cá",0.0027258800232114093,0.002182838089553984
21,https://vnexpress.net/cam-nang-du-lich-can-gio-4673430.html,Cẩm nang du lịch Cần Giờ,0.0040039658006888685,21.txt,1141.0,553.0,"rừng, khu, du_khách, du_lịch, tp, đồng, đảo, hcm, ảnh, chim","rừng, vàm_sát, sác, dơi, đảo",0.0029752821306667492,0.0032838872316733846
22,https://vnexpress.net/cam-nang-du-lich-cu-lao-xanh-4598306.html,Cẩm nang du lịch Cù Lao Xanh,0.00691320422864545,22.txt,804.0,453.0,"đảo, xanh, cù_lao, biển, du_khách, cù_lao_xanh, du_lịch, bãi, hải_đăng, quy_nhơn","cù_lao, cù_lao_xanh, đảo, xanh, hải_đăng",0.002318923955111306,0.0036972080371715493
23,https://vnexpress.net/cam-nang-du-lich-co-to-4478268.html,Cẩm nang du lịch Cô Tô,0.0061847085512597025,23.txt,1337.0,622.0,"đảo, tô, biển, bãi, đi, du_khách, ảnh, tàu, huyện, bão","tô, đảo, bãi, biển, bão",0.0022258694457101768,0.003413521177375034
24,https://vnexpress.net/cam-nang-du-lich-ca-mau-4447395.html,Cẩm nang du lịch Cà Mau,0.006104242741099747,24.txt,1649.0,706.0,"cà_mau, rừng, cá, du_khách, đồng, nghiệm, du_lịch, trải, km, đường","cà_mau, ong, rừng, đất_mũi, bồn",0.0027944853509272146,0.003787412567978974
25,https://vnexpress.net/cam-nang-du-lich-cao-bang-4445913.html,Cẩm nang du lịch Cao Bằng,0.0,25.txt,1593.0,792.0,"giốc, núi, thác, đi, du_khách, mùa, đẹp, km, đường, đồng","giốc, thác, hạt_dẻ, thác_bản, núi",0.003194281030282524,0.0022359967211977665
26,https://vnexpress.net/cam-nang-du-lich-con-dao-4445727.html,Cẩm nang du lịch Côn Đảo,0.004299544888981047,26.txt,1396.0,656.0,"côn_đảo, biển, đảo, đi, du_khách, đồng, bãi, du_lịch, tàu, hòn","côn_đảo, đảo, biển, rùa, trứng",0.00258157504476033,0.0030969659980265452
27,https://vnexpress.net/cam-nang-du-lich-cat-ba-4136515.html,Cẩm nang du lịch Cát Bà,0.002414125989205248,27.txt,1149.0,516.0,"đồng, cát_bà, du_khách, đảo, phà, giá, bến, cát, di_chuyển, vé","cát_bà, phà, đồng, đảo, du_khách",0.002362931009701362,0.002378289503552528
28,https://vnexpress.net/cam-nang-du-lich-can-tho-3801041.html,Cẩm nang du lịch Cần Thơ,0.0016941218194395742,28.txt,1682.0,801.0,"cần_thơ, du_khách, đồng, đi, sông, cá, chợ_nổi, bánh, du_lịch, miền","cần_thơ, chợ_nổi, hủ_tiếu, du_khách, bánh",0.0033141439073565283,0.002828137280981442
29,https://vnexpress.net/cam-nang-du-lich-mot-ngay-kham-pha-dia-dao-cu-chi-4873164.html,Cẩm nang du lịch Địa đọa Củ Chi,0.0040039658006888685,29.txt,1489.0,590.0,"địa_đạo, củ_chi, du_khách, tham_quan, đường_hầm, khu_vực, hệ_thống, hầm, tp, món","địa_đạo, củ_chi, đường_hầm, hầm, thép",0.0027185613695226963,0.003104182698872548
30,https://vnexpress.net/cam-nang-du-lich-dong-nai-4811218.html,Cẩm nang du lịch Đồng Nai,0.006104242741099747,30.txt,1754.0,825.0,"du_lịch, đồng_nai, du_khách, khu, đồng, vườn, rừng, tp, hồ, cát_tiên","biên_hòa, đồng_nai, bưởi, cát_tiên, cao_su",0.0032805826643065553,0.004127680687344513
31,https://vnexpress.net/cam-nang-du-lich-dien-bien-4687746.html,Cẩm nang du lịch Điện Biên,0.0022384710246594348,31.txt,1962.0,845.0,"điện_biên, điện_biên_phủ, du_khách, đồi, hầm, đồng, a1, chiến_thắng, đi, món","điện_biên_phủ, điện_biên, a1, hầm, chiến_thắng",0.002758854023304524,0.002602739123710997
32,https://vnexpress.net/cam-nang-du-lich-dong-thap-4685835.html,Cẩm nang du lịch Đồng Tháp,0.0009157402443533247,32.txt,1431.0,685.0,"hoa, du_khách, sen, đồng_tháp, làng, mùa, sa_đéc, đồng, chùa, du_lịch","cao_lãnh, sa_đéc, đồng_tháp, sen, quýt",0.0027281170482435176,0.0021844040070764597
33,https://vnexpress.net/cam-nang-du-lich-dak-nong-4650407.html,Cẩm nang du lịch Đắk Nông,0.0,33.txt,1977.0,887.0,"đăk, nông, thác, du_lịch, huyện, rừng, tà_đùng, thành_phố, gia_nghĩa, núi_lửa","đăk, nông, gia_nghĩa, núi_lửa, tà_đùng",0.002411727811578412,0.0016882094681048882
34,https://vnexpress.net/cam-nang-du-lich-dong-van-4641450.html,Cẩm nang du lịch Đồng Văn,0.006104242741099747,34.txt,1575.0,745.0,"đồng_văn, hà_giang, đi, đá, đường, du_khách, đồng, bắc, nằm, đẹp","đồng_văn, hà_giang, tẩu, tam_giác, mạch",0.0027315166341197435,0.003743334466213744
35,https://vnexpress.net/cam-nang-du-lich-dai-lai-4609900.html,Cẩm nang du lịch Đại Lải,0.004514455180568478,35.txt,671.0,326.0,"đại_lải, hồ, du_lịch, khu, vĩnh_phúc, đảo, du_khách, đồng, resort, đi","đại_lải, flamingo, vĩnh_phúc, hồ, du_lịch",0.00192045348097689,0.002698653990854366
36,https://vnexpress.net/cam-nang-du-lich-den-hung-4595429.html,Cẩm nang du lịch Đền Hùng,0.006104242741099747,36.txt,1525.0,682.0,"hùng, đền, âm_lịch, giỗ, núi, phú_thọ, tổ, vương, thờ, vua","hùng, đền, giỗ, âm_lịch, vương",0.0022651896940476574,0.003416905608163284
37,https://vnexpress.net/cam-nang-du-lich-da-nang-4470111.html,Cẩm nang du lịch Đà Nẵng,0.008904611994980919,37.txt,3060.0,1278.0,"đà_nẵng, đường, du_khách, thành_phố, ảnh, cầu, biển, đồng, du_lịch, món","đà_nẵng, nam_ô, sơn_trà, bán_đảo, hải_vân",0.0037941781438280177,0.005327308299173888
38,https://vnexpress.net/cam-nang-du-lich-da-lat-4455699.html,Cẩm nang du lịch Đà Lạt,0.0011103356381248872,38.txt,918.0,558.0,"đà_lạt, du_khách, đồng, cà_phê, mùa, đi, vườn, gà, du_lịch, tham_quan","đà_lạt, cà_phê, du_khách, đồng, gà",0.0027141013020144603,0.0022329716028475885
39,https://vnexpress.net/cam-nang-du-lich-dak-lak-4453797.html,Cẩm nang du lịch Đăk LăK,0.006104242741099747,39.txt,1773.0,760.0,"voi, lăk, đồng, rừng, du_lịch, đăk, thác, hồ, buôn_ma_thuột, đi","lăk, voi, đăk, buôn_ma_thuột, dray",0.002674835416463821,0.003703657613854598
40,https://vnexpress.net/cam-nang-du-lich-dinh-doc-lap-4875331.html,Cẩm nang du lịch Dinh độc lập,0.0040039658006888685,40.txt,1766.0,646.0,"mặc_định, dinh, phòng, tham_quan, hai, tổng_thống, tp, độc_lập, tầng, hcm","mặc_định, dinh, tổng_thống, phòng, độc_lập",0.001314936531444226,0.0021216453122176186
41,https://vnexpress.net/cam-nang-du-lich-gia-lai-4668792.html,Cẩm nang du lịch Gia Lai,0.0,41.txt,1842.0,806.0,"gia_lai, pleiku, thác, du_khách, ảnh, nằm, hai, du_lịch, đường, đẹp","pleiku, gia_lai, phở, núi_lửa, thác",0.0027526662039827543,0.0019268663427879278
42,https://vnexpress.net/cam-nang-du-lich-ha-tien-4745763.html,Cẩm nang du lịch Hà Tiên,0.0015480182077885773,42.txt,1258.0,649.0,"hà_tiên, du_khách, biển, món, nằm, đảo, tôm, du_lịch, đường, hòn","hà_tiên, hải_tặc, mũi_nai, du_khách, hủ_tiếu",0.0024916817362131095,0.0022085826776857497
43,https://vnexpress.net/cam-nang-du-lich-ha-tinh-4742410.html,Cẩm nang du lịch Hà Tĩnh,0.0,43.txt,1519.0,725.0,"hà_tĩnh, biển, huyện, du_khách, đồng, xanh, đường, sông, món, núi","hà_tĩnh, thiên_cầm, hồng_lĩnh, biển_thiên_cầm, ram",0.0029948053874091327,0.002096363771186393
44,https://vnexpress.net/cam-nang-du-lich-ho-ba-be-4650105.html,Cẩm nang du lịch Hồ Ba Bể,0.006104242741099747,44.txt,1062.0,508.0,"hồ, bể, bắc_kạn, du_lịch, du_khách, đi, m, thuyền, đồng, hai","bể, hồ, bắc_kạn, tày, độc_mộc",0.0021802447195966744,0.0033574441260475958
45,https://vnexpress.net/cam-nang-du-lich-hai-duong-4462664.html,Cẩm nang du lịch Hải Dương,0.0,45.txt,1991.0,999.0,"hải_dương, ảnh, chùa, xã, núi, hoa, đi, làng, đậu_xanh, mùa","hải_dương, đậu_xanh, vải_thiều, bánh_gai, vải",0.00324326988392578,0.0022702889187480456
46,https://vnexpress.net/cam-nang-du-lich-hoa-binh-4462526.html,Cẩm nang du lịch Hòa Bình,0.006104242741099747,46.txt,1347.0,675.0,"du_khách, hòa_bình, mùa, đồng, đường, lá, thịt, khu, nằm, đi","hòa_bình, cam, mai_châu, du_khách, thịt",0.003205554315629187,0.004075160843270354
47,https://vnexpress.net/cam-nang-du-lich-ha-nam-4462234.html,Cẩm nang du lịch Hà Nam,0.006104242741099747,47.txt,1320.0,653.0,"hà_nam, chùa, cá, kho, núi, du_lịch, hà_nội, đồng, tam_chúc, bánh_cuốn","hà_nam, cá_rô, kho, bánh_cuốn, tam_chúc",0.002804789560816789,0.0037946255149016762
48,https://vnexpress.net/cam-nang-du-lich-hai-phong-4462112.html,Cẩm nang du lịch Hải Phòng,0.0013049310318964495,48.txt,1676.0,832.0,"hải_phòng, đồng, du_khách, du_lịch, hoa, cát_bà, đi, đảo, thành_phố, khu","hải_phòng, cát_bà, đồng, rươi, food",0.0032979064684819886,0.0027000138375063267
49,https://vnexpress.net/cam-nang-du-lich-ha-noi-4459188.html,Cẩm nang du lịch Hà Nội,0.009604704308451215,49.txt,2323.0,1080.0,"hà_nội, bún, phố, du_khách, quán, món, ảnh, cầu, hàng, đi","hà_nội, bún, phố, ca_trù, quán",0.003638996371578227,0.005428708752640123
50,https://vnexpress.net/cam-nang-du-lich-ha-long-4457134.html,Cẩm nang du lịch Hạ Long,0.004729368408322658,50.txt,1773.0,850.0,"hạ_long, vịnh, du_khách, đồng, du_lịch, bãi, biển, khu, đi, tàu","hạ_long, vịnh, lật, đồng, bãi",0.0031659945271956236,0.0036350066915337336
51,https://vnexpress.net/cam-nang-du-lich-hoi-an-4446174.html,Cẩm nang du lịch Hội An,0.008492375983964998,51.txt,1629.0,734.0,"hội_an, đồng, cổ, phố, du_khách, hội, đi, giá, mùa, biển","hội_an, phố, cổ, đồng, hội",0.003035668327081763,0.004672680624146734
52,https://vnexpress.net/cam-nang-du-lich-ha-giang-4445788.html,Cẩm nang du lịch Hà Giang,0.006104242741099747,52.txt,1882.0,821.0,"hà_giang, đi, đường, đồng, đẹp, du_khách, đồng_văn, đèo, mèo, ảnh","hà_giang, đồng_văn, mèo, đi, tẩu",0.0031511094354971635,0.004037049427177938
53,https://vnexpress.net/topic/du-lich-hung-yen-26085,Cẩm nang du lịch Hưng Yên,0.0,53.txt,721.0,342.0,"mặc_định, sống, hưng_yên, giáo_dục, kinh_doanh, doanh_nghiệp, tri_thức, awards, chính_sách, thị_trường","mặc_định, hưng_yên, tri_thức, awards, giáo_dục",0.0006989810461749546,0.0004892867323224682
54,https://vnexpress.net/topic/du-lich-hau-giang-26083,Cẩm nang du lịch Hậu Giang,0.0,54.txt,860.0,422.0,"mặc_định, hậu_giang, sống, giáo_dục, tp, kinh_doanh, doanh_nghiệp, tri_thức, awards, chính_sách","mặc_định, hậu_giang, tri_thức, awards, giáo_dục",0.0007773525492680121,0.0005441467844876085
55,https://vnexpress.net/cam-nang-du-lich-kien-giang-4764240.html,Cẩm nang du lịch Kiên Giang,0.0022315606071574975,55.txt,1645.0,756.0,"đảo, hòn, kiên_giang, rạch_giá, hà_tiên, phú_quốc, du_khách, đồng, biển, du_lịch","rạch_giá, kiên_giang, hà_tiên, đảo, hòn",0.0028300528461153176,0.0026505051744279712
56,https://vnexpress.net/cam-nang-du-lich-khanh-hoa-4759133.html,Cẩm nang du lịch Khánh Hòa,0.00890461199498092,56.txt,1475.0,707.0,"nha_trang, biển, du_khách, đảo, đồng, cam_ranh, hòn, khánh_hòa, đẹp, khu","nha_trang, cam_ranh, đảo, lết, khánh_hòa",0.002946183195766139,0.004733711835530573
57,https://vnexpress.net/cam-nang-du-lich-kon-tum-4718005.html,Cẩm nang du lịch Kon Tum,0.006104242741099747,57.txt,1202.0,577.0,"kon_tum, măng_đen, mùa, du_khách, du_lịch, đồng, măng, hai, tây_nguyên, lá","kon_tum, măng_đen, kon, măng, nhà_rông",0.002839727373863261,0.0038190819840342063
58,https://vnexpress.net/cam-nang-du-lich-ky-co-4475856.html,Cẩm nang du lịch Kỳ Co,0.0009157402443533247,58.txt,748.0,395.0,"co, kỳ, đi, biển, quy_nhơn, du_lịch, đảo, bãi, du_khách, ngắm","co, kỳ, quy_nhơn, nhơn_lý, cano",0.002184969799127713,0.0018042009326953963
59,https://vnexpress.net/cam-nang-du-lich-ky-co-4475856.html,Cẩm nang du lịch Lâm Đồng,0.007172664753674199,,,,,,,
60,https://vnexpress.net/cam-nang-du-lich-long-an-4796307.html,Cẩm nang du lịch Long An,0.0,60.txt,1398.0,658.0,"long_an, du_lịch, du_khách, đồng, tp, hcm, huyện, khu, cá, miền","long_an, đồng_tháp_mười, thanh_long, tân_lập, du_khách",0.0029119567609871134,0.0020383697326909794
61,https://vnexpress.net/cam-nang-du-lich-lai-chau-4723675.html,Cẩm nang du lịch Lai Châu,0.0,61.txt,1253.0,621.0,"lai_châu, du_lịch, núi, suối, đồng, hồ, du_khách, đèo, đỉnh, m","lai_châu, kính, đèo, sin, suối",0.0029986677039304426,0.00209906739275131
62,https://vnexpress.net/cam-nang-du-lich-lao-cai-4697212.html,Cẩm nang du lịch Lào Cai,0.0009157402443533247,62.txt,1601.0,724.0,"lào_cai, đỉnh, du_khách, chợ, đi, núi, sa_pa, đồng, mùa, fansipan","lào_cai, y_tý, fansipan, bắc_hà, sa_pa",0.0029807233745558774,0.0023612284354951113
63,https://vnexpress.net/cam-nang-du-lich-lang-son-4660039.html,Cẩm nang du lịch Lạng Sơn,0.0,63.txt,1711.0,824.0,"lạng_sơn, du_lịch, đi, núi, mùa, du_khách, huyện, đỉnh, mẫu_sơn, đồng","lạng_sơn, mẫu_sơn, tam_thanh, băng, xúc_tiến",0.002888838483831353,0.002022186938681947
64,https://vnexpress.net/cam-nang-du-lich-lang-co-4625414.html,Cẩm nang du lịch Lăng Cô,0.00470405811415916,64.txt,995.0,481.0,"lăng_cô, đèo, hải_vân, đẹp, du_khách, huế, vịnh, đầm, km, nằm","lăng_cô, hải_vân, đèo, đầm, huế",0.0018085869851457938,0.0026772283238498036
65,https://vnexpress.net/cam-nang-du-lich-ly-son-4114764.html,Cẩm nang du lịch Lý Sơn,0.006104242741099747,65.txt,1210.0,539.0,"đảo, lý_sơn, biển, du_khách, đồng, bé, đi, vé, cảng, giá","lý_sơn, đảo, bé, cảng, biển",0.002104629694261022,0.0033045136083126392
66,https://vnexpress.net/cam-nang-du-lich-meo-vac-4654320.html,Cẩm nang du lịch Mèo Vạc,0.006104242741099747,66.txt,895.0,436.0,"hà_giang, sông, nho, đường, du_khách, quế, mèo, vạc, đèo, lèng","nho, mã_pì, quế, lèng, hà_giang",0.001929772561202751,0.0031821136151718495
67,https://vnexpress.net/cam-nang-du-lich-mang-den-4619200.html,Cẩm nang du lịch Măng Đen,0.006104242741099747,67.txt,1116.0,603.0,"măng_đen, măng, đi, du_lịch, đen, khu, gà, thị_trấn, kon_tum, ảnh","măng_đen, măng, kon_tum, đen, gà",0.0023523519029927603,0.003477919154424856
68,https://vnexpress.net/cam-nang-du-lich-mai-chau-4450439.html,Cẩm nang du lịch Mai Châu,0.006104242741099747,68.txt,981.0,515.0,"mai_châu, đồng, đi, mùa, đẹp, mây, đèo, thác, du_lịch, km","mai_châu, đồng, mây, lác, đèo",0.0023834761960953455,0.0034997061595966657
69,https://vnexpress.net/mui-nghe-ho-boi-tu-nhien-giua-bien-4447183.html,Cẩm nang du lịch Mũi Nghê,0.00470405811415916,69.txt,1102.0,517.0,"mặc_định, đi, nghê, mũi, du_lịch, sống, biển, đá, đà_nẵng, đường","mặc_định, nghê, mũi, tri_thức, awards",0.0009197583829314508,0.0020550483022997636
70,https://vnexpress.net/cam-nang-du-lich-mu-cang-chai-4158151.html,Cẩm nang du lịch Mù Cang Chải,0.007440072678243281,70.txt,1292.0,601.0,"mù_cang_chải, mùa, du_khách, đi, đường, lúa, ảnh, ruộng, vàng, km","mù_cang_chải, tú_lệ, mùa, lúa, ruộng",0.0023510091737826036,0.0038777282251208065
71,https://vnexpress.net/cam-nang-du-lich-moc-chau-4098678.html,Cẩm nang du lịch Mộc Châu,0.0030168525997456845,71.txt,1419.0,617.0,"mộc_châu, đi, mùa, hoa, đường, mận, thác, đồng, ảnh, đồi","mộc_châu, mận, thác, đi, mùa",0.0024753062622999015,0.0026377701635336365
72,https://vnexpress.net/cam-nang-du-lich-mui-ne-3838646.html,Cẩm nang du lịch Mũi Né,0.004026085920085625,72.txt,1309.0,616.0,"mũi, né, biển, du_khách, phan_thiết, cát, hòn, resort, đồi, du_lịch","né, mũi, dông, phan_thiết, rơm",0.0021742281734036775,0.0027297854974082615
73,https://vnexpress.net/cam-nang-du-lich-nam-du-4764453.html,Cẩm nang du lịch Nam Du,0.0015480182077885773,73.txt,1057.0,446.0,"nam_du, đảo, hòn, bãi, biển, du_khách, tàu, đi, đồng, đẹp","nam_du, đảo, hòn, bãi, tàu",0.001857970543733003,0.0017649848429496752
74,https://vnexpress.net/nui-dinh-diem-cam-trai-cuoi-tuan-gan-tp-hcm-4545681.html,Cẩm nang du lịch Núi Dinh,0.005077926464067297,74.txt,1146.0,539.0,"mặc_định, suối, vũng_tàu, núi, sống, trại, đi, bà_rịa, tp, đỉnh","mặc_định, bà_rịa, vũng_tàu, núi_dinh, la_bàn",0.0009611411230762853,0.0021961767253735887
75,https://vnexpress.net/cam-nang-du-lich-nam-dinh-4462699.html,Cẩm nang du lịch Nam Định,0.0,75.txt,1494.0,727.0,"nam_định, xíu, bánh, thịt, du_khách, ngon, biển, món, thành_phố, đường","xíu, nam_định, bánh, thịt, phở",0.002559050586403752,0.0017913354104826264
76,https://vnexpress.net/cam-nang-du-lich-nghe-an-4455646.html,Cẩm nang du lịch Nghệ An,0.006104242741099747,76.txt,1854.0,847.0,"vinh, nghệ_an, đền, biển, tp, du_khách, huyện, du_lịch, mùa, ảnh","vinh, nghệ_an, đền, lài, cửa_lò",0.0032816887329255215,0.004128454935377789
77,https://vnexpress.net/cam-nang-du-lich-ninh-thuan-4453272.html,Cẩm nang du lịch Ninh Thuận,0.0,77.txt,1196.0,597.0,"ninh_thuận, biển, cá, du_khách, đá, nằm, phan_rang, ảnh, đi, vĩnh_hy","ninh_thuận, phan_rang, vĩnh_hy, nho, núi_chúa",0.0028368333416938485,0.001985783339185694
78,https://vnexpress.net/cam-nang-du-lich-ninh-binh-4127327.html,Cẩm nang du lịch Ninh Bình,0.008904611994980919,78.txt,1261.0,635.0,"ninh_bình, du_khách, đồng, du_lịch, tham_quan, đi, dê, núi, động, vé","ninh_bình, dê, du_khách, đồng, tam_cốc",0.002819337889666284,0.0046449201212606745
79,https://vnexpress.net/cam-nang-du-lich-nha-trang-tu-a-den-z-4127199.html,Cẩm nang du lịch Nha Trang,0.008492375983964998,79.txt,1473.0,716.0,"biển, du_khách, nha_trang, đồng, đảo, du_lịch, khu, thành_phố, núi, đẹp","nha_trang, biển, du_khách, đảo, đồng",0.003310307747517748,0.0048649282184519225
80,https://vnexpress.net/topic/du-lich-ninh-chu-26118,Cẩm nang du lịch Ninh Chữ,0.0,80.txt,664.0,294.0,"mặc_định, sống, giáo_dục, kinh_doanh, doanh_nghiệp, tri_thức, awards, chính_sách, thị_trường, thi","mặc_định, ninh_chữ, tri_thức, awards, giáo_dục",0.0006574183571747292,0.00046019285002231046
81,https://vnexpress.net/goi-y-an-choi-o-pho-di-bo-ho-hoan-kiem-4633127.html,Cẩm nang du lịch Phố đi bộ hồ Gươm,0.00908940929468131,81.txt,1749.0,720.0,"mặc_định, hồ, phố, đi, hà_nội, hoàn_kiếm, quán, cà_phê, ảnh, tâm","mặc_định, hoàn_kiếm, phố, tâm, hồ",0.0012900322058177975,0.003629845332476851
82,https://vnexpress.net/goi-y-an-choi-o-pho-di-bo-nguyen-hue-4632658.html,Cẩm nang du lịch Phố đi bộ Nguyễn Hệ,0.0040039658006888685,82.txt,1503.0,625.0,"mặc_định, đi, phố, du_khách, tp, xe, hcm, thành_phố, hoạt_động, du_lịch","mặc_định, phố, chung_cư, nguyễn_huệ, đi",0.001139652743050321,0.001998946660341885
83,https://vnexpress.net/cam-nang-du-lich-phan-thiet-4582529.html,Cẩm nang du lịch Phan Thiết,0.005226862513979332,83.txt,946.0,523.0,"phan_thiết, biển, du_khách, du_lịch, mũi, đường, tp, né, bình_thuận, cá","phan_thiết, biển, né, bình_thuận, mũi",0.0021815772628775328,0.0030951628382080722
84,https://vnexpress.net/cam-nang-du-lich-phu-yen-4465949.html,Cẩm nang du lịch Phú Yên,0.0,84.txt,2123.0,990.0,"phú_yên, biển, ảnh, du_khách, đồng, món, tuy_hòa, đá, đẹp, xanh","phú_yên, tuy_hòa, tuy_an, hẹ, đại_lãnh",0.00355325032107844,0.0024872752247549076
85,https://vnexpress.net/cam-nang-du-lich-phu-tho-4462060.html,Cẩm nang du lịch Phú Thọ,0.006104242741099747,85.txt,1061.0,524.0,"phú_thọ, du_khách, hùng, việt_trì, du_lịch, đền_hùng, đường, món, chè, mùa","việt_trì, phú_thọ, đền_hùng, giỗ, hùng",0.0025203485124831006,0.003595516781068094
86,https://vnexpress.net/cam-nang-du-lich-pu-luong-4153045.html,Cẩm nang du lịch Pù Luông,0.00470405811415916,86.txt,1034.0,525.0,"luông, pù, du_khách, mùa, núi, ruộng, đồng, khu, lúa, du_lịch","pù, luông, ruộng, bậc_thang, lúa",0.001925001537894397,0.002758718510773826
87,https://vnexpress.net/cam-nang-du-lich-phu-quoc-4106697.html,Cẩm nang du lịch Phú Quốc,0.0015480182077885773,87.txt,2283.0,936.0,"phú_quốc, biển, đảo, du_khách, đi, đồng, resort, bãi, đẹp, đường","phú_quốc, đảo, biển, dương_đông, resort",0.003275416407972198,0.0027571969479171115
88,https://vnexpress.net/cam-nang-du-lich-dao-phu-quy-3775534.html,Cẩm nang du lịch Phú Quý,0.001804628165415819,88.txt,1248.0,640.0,"đảo, phú_quý, đi, biển, du_khách, tàu, du_lịch, sóng, hòn, cá","phú_quý, đảo, tàu, sóng, đi",0.0020647236461037517,0.001986695001897372
89,https://vnexpress.net/cam-nang-du-lich-quang-tri-4772745.html,Cẩm nang du lịch Quảng Trị,0.0,89.txt,3307.0,1223.0,"quảng_trị, sông, hang, du_khách, km, nằm, biển, đồng_hới, thành, m","quảng_trị, đồng_hới, hang, sông, nhật_lệ",0.0036868770204188327,0.0025808139142931828
90,https://vnexpress.net/cam-nang-du-lich-quang-nam-4726797.html,Cẩm nang du lịch Quảng Nam,0.00890461199498092,90.txt,1626.0,812.0,"hội_an, đồng, quảng_nam, du_khách, resort, km, biển, du_lịch, thành_phố, tam_kỳ","tam_kỳ, hoi_an, quảng_nam, hội_an, bê",0.003130051031354763,0.00486241932044261
91,https://vnexpress.net/cam-nang-du-lich-quang-ngai-4631099.html,Cẩm nang du lịch Quảng Ngãi,0.006104242741099747,91.txt,1866.0,884.0,"quảng_ngãi, biển, đồng, sông, du_khách, thành_phố, du_lịch, đẹp, huyện, lý_sơn","quảng_ngãi, don, lý_sơn, biển, đồng",0.0033539866787024946,0.00417906349742167
92,https://vnexpress.net/cam-nang-du-lich-quang-binh-4612297.html,Cẩm nang du lịch Quảng Bình,0.0,92.txt,2372.0,965.0,"sông, hang, quảng_bình, đồng_hới, du_khách, biển, du_lịch, tp, km, động","đồng_hới, hang, quảng_bình, nhật_lệ, sông",0.003096863938274558,0.0021678047567921903
93,https://vnexpress.net/cam-nang-du-lich-quang-ninh-4479287.html,Cẩm nang du lịch Quảng Ninh,0.01611528400110374,93.txt,2771.0,1156.0,"quảng_ninh, hạ_long, du_khách, đảo, núi, du_lịch, biển, chùa, vịnh, bãi","hạ_long, quảng_ninh, đảo, uông_bí, vịnh",0.0037599136536202874,0.007466524757865322
94,https://vnexpress.net/cam-nang-du-lich-quan-lan-4478816.html,Cẩm nang du lịch Quan Lạn,0.004340177620779533,94.txt,910.0,418.0,"quan_lạn, bãi, đảo, biển, đẹp, đi, ảnh, đường, minh_châu, đồng","quan_lạn, minh_châu, bãi, đảo, biển",0.0015978598691942915,0.002420555194669864
95,https://vnexpress.net/cam-nang-du-lich-quy-nhon-4119727.html,Cẩm nang du lịch Quy Nhơn,0.01129612936306806,95.txt,1639.0,751.0,"du_khách, quy_nhơn, đồng, du_lịch, biển, đi, làng, bãi, khu, chùa","quy_nhơn, du_khách, eo_gió, đồng, nhơn_lý",0.0030609429459490956,0.005531498871084785
96,https://vnexpress.net/cam-nang-du-lich-soc-trang-4793923.html,Cẩm nang du lịch Sóc Trăng,0.0,96.txt,1921.0,900.0,"mặc_định, sóc_trăng, bánh, chùa, bún, du_lịch, món, sống, văn_hóa, khmer","mặc_định, sóc_trăng, bánh, bún, khmer",0.0014287188112380306,0.0010001031678666214
97,https://vnexpress.net/cam-nang-du-lich-son-la-4720798.html,Cẩm nang du lịch Sơn La,0.007780673409028052,97.txt,1381.0,698.0,"sơn_la, hoa, mộc_châu, du_khách, nở, du_lịch, tà_xùa, mùa, đồng, trâu","sơn_la, tà_xùa, mộc_châu, nở, mắc",0.002967211062465839,0.004411249766434503
98,https://vnexpress.net/cam-nang-du-lich-bien-sam-son-4471606.html,Cẩm nang du lịch Sầm Sơn,0.00470405811415916,98.txt,1208.0,626.0,"sầm_sơn, biển, du_lịch, đá, du_khách, bãi, đi, khách_sạn, hòn, đền","sầm_sơn, biển, bãi_tắm, thanh_hóa, trống_mái",0.0025627417788726607,0.0032051366794586104
99,https://vnexpress.net/cam-nang-du-lich-soc-son-4445500.html,Cẩm nang du lịch Sóc Sơn,0.0009157402443533247,99.txt,903.0,489.0,"hồ, trại, núi, sóc_sơn, đồng, cắm, hà_nội, đi, nghỉ, khu","sóc_sơn, trại, cắm, hồ, lều",0.0025483941773102206,0.0020585979974231516
100,https://vnexpress.net/cam-nang-du-lich-sa-pa-4108517.html,Cẩm nang du lịch Sa Pa,0.0018887172132111365,100.txt,1588.0,708.0,"sa_pa, đường, đi, đồng, núi, đèo, xe, đẹp, giá, cát","sa_pa, đèo, đường, đồng, quy_hồ",0.0028772080120797443,0.002580660772419162
101,https://vnexpress.net/cam-nang-du-lich-tra-vinh-4821602.html,Cẩm nang du lịch Trà Vinh,0.0,101.txt,1800.0,855.0,"trà_vinh, chùa, lễ, khmer, tp, du_khách, đồng, lễ_hội, món, bún","trà_vinh, khmer, chùa, lễ, om",0.002791648676285417,0.0019541540733997915
102,https://vnexpress.net/cam-nang-du-lich-tien-giang-4799532.html,Cẩm nang du lịch Tiền Giang,0.0,102.txt,1456.0,767.0,"tiền_giang, tp, mỹ_tho, du_khách, hủ_tiếu, đồng, đi, kiến_trúc, chùa, đình","mỹ_tho, hủ_tiếu, tiền_giang, công_tử, tp",0.00286627028848039,0.0020063892019362727
103,https://vnexpress.net/cam-nang-du-lich-tay-ninh-4795506.html,Cẩm nang du lịch Tây Ninh,0.0,103.txt,1489.0,744.0,"tây_ninh, núi, du_khách, chùa, tp, đồng, món, trảng_bàng, hai, đen","tây_ninh, trảng_bàng, tòa_thánh, tơ, bánh_canh",0.003176189066189084,0.002223332346332359
104,https://vnexpress.net/cam-nang-du-lich-tuyen-quang-4691524.html,Cẩm nang du lịch Tuyên Quang,0.0,104.txt,1683.0,817.0,"tuyên_quang, du_khách, thác, hang, lịch_sử, núi, thành, nằm, na, du_lịch","tuyên_quang, na, tân_trào, thác, hang",0.003223497482688157,0.00225644823788171
105,https://vnexpress.net/cam-nang-du-lich-rung-tram-tra-su-4665214.html,Cẩm nang du lịch Trà Sư,0.0013049310318964495,105.txt,889.0,409.0,"rừng, tràm, trà_sư, du_khách, đẹp, chim, du_lịch, cầu, tham_quan, mùa","trà_sư, tràm, rừng, xuồng, bèo",0.0015560465781012396,0.0014807119142398026
106,https://vnexpress.net/cam-nang-du-lich-ta-xua-4656282.html,Cẩm nang du lịch Tà Xùa,0.004143705681974788,106.txt,1063.0,513.0,"tà_xùa, mây, đẹp, đỉnh, đi, mỏm, đường, homestay, săn, ảnh","tà_xùa, mỏm, mây, sống_lưng, khủng_long",0.0015113071772666254,0.002301026728679074
107,https://vnexpress.net/cam-nang-du-lich-tram-tau-4645565.html,Cẩm nang du lịch Trạm Tấu,0.006251769410736259,107.txt,1104.0,547.0,"trạm_tấu, núi, đỉnh, nóng, đường, tà_xùa, đẹp, du_khách, chinh_phục, mây","trạm_tấu, tà_xùa, nhù, đỉnh, tấu",0.00218247986587847,0.0034032667293358064
108,https://vnexpress.net/cam-nang-du-lich-thai-nguyen-4613586.html,Cẩm nang du lịch Thái Nguyên,0.0,108.txt,1741.0,841.0,"thái_nguyên, chè, hồ, vị, núi, du_khách, lá, suối, màu, bánh","thái_nguyên, trám, chè, vị, bánh",0.003271296880834633,0.002289907816584243
109,https://vnexpress.net/cam-nang-du-lich-tp-hcm-4608205.html,Cẩm nang du lịch TP Hồ Chí Minh,0.014505350502743264,109.txt,2294.0,1020.0,"tp, hcm, du_lịch, đồng, thành_phố, du_khách, phố, đường, món, trung_tâm","hcm, tp, đồng, phố, bảo_tàng",0.0037422211244847233,0.006971159937962285
110,https://vnexpress.net/cam-nang-du-lich-thanh-hoa-4607348.html,Cẩm nang du lịch Thanh Hóa,0.008904611994980919,110.txt,1704.0,795.0,"thanh_hóa, du_lịch, biển, du_khách, cá, mùa, bãi, tp, núi, đồng","thanh_hóa, pù, luông, bánh_cuốn, hải_tiến",0.0033289457845463296,0.005001645647676706
111,https://vnexpress.net/cam-nang-du-lich-tu-le-4472621.html,Cẩm nang du lịch Tú Lệ,0.006700406208549285,111.txt,869.0,449.0,"tú_lệ, mùa, du_khách, đèo, đường, đi, tắm, đẹp, khau, ruộng","tú_lệ, khau, phạ, đèo, mù_cang_chải",0.0017639793917722342,0.0032449074368053493
112,https://vnexpress.net/hai-ngay-tham-tam-coc-mua-lua-chin-4467480.html,Cẩm nang du lịch Tam Cốc - Bích Động,0.00470405811415916,112.txt,1417.0,645.0,"mặc_định, tam_cốc, đồng, lúa, sông, du_lịch, chín, khu, sống, mùa","mặc_định, tam_cốc, lúa, đồng, chín",0.001105709002505586,0.002185213736001658
113,https://vnexpress.net/cam-nang-du-lich-tam-dao-4454746.html,Cẩm nang du lịch Tam Đảo,0.00662765663607792,113.txt,1011.0,522.0,"tam_đảo, du_lịch, thị_trấn, ảnh, du_khách, đi, đồng, chụp, vĩnh_phúc, mùa","tam_đảo, su_su, thị_trấn, vĩnh_phúc, ảnh",0.00243541711136098,0.0036930889687760617
114,https://vnexpress.net/cam-nang-du-lich-hue-4126937.html,Cẩm nang du lịch Thừa Thiên Huế,0.008904611994980919,114.txt,2640.0,1163.0,"huế, du_khách, vua, ảnh, đi, nằm, đồng, hương, du_lịch, mùa","huế, vua, lăng, đại_nội, hương",0.003243025644313427,0.004941501549513674
115,https://vnexpress.net/topic/du-lich-thai-binh-26105,Cẩm nang du lịch Thái Bình,0.0,115.txt,804.0,382.0,"mặc_định, thái_bình, sống, biển, kinh_doanh, giáo_dục, bãi, doanh_nghiệp, tri_thức, awards","mặc_định, thái_bình, tri_thức, awards, giáo_dục",0.0007369732757088436,0.0005158812929961905
116,https://vnexpress.net/cam-nang-du-lich-vuon-quoc-gia-pu-mat-4858184.html,Cẩm nang du lịch Vườn quốc gia Pù Mát,0.006104242741099747,116.txt,1077.0,539.0,"pù_mát, nghệ_an, vườn, vqg, du_khách, rừng, sông, quốc_gia, thác, du_lịch","pù_mát, vqg, giăng, nghệ_an, săng",0.0022689955225750594,0.0034195696881324654
117,https://vnexpress.net/cam-nang-du-lich-vuon-quoc-gia-bach-ma-4817811.html,Cẩm nang du lịch Vườn quốc gia Bạch Mã,0.00470405811415916,117.txt,1153.0,503.0,"bạch_mã, du_khách, thác, vườn, đồng, đỉnh, đỗ_quyên, loài, đường, quốc_gia","bạch_mã, đỗ_quyên, thác, vườn_quốc_gia, đỉnh",0.0018893517905055916,0.002733763687601662
118,https://vnexpress.net/cam-nang-du-lich-vuon-quoc-gia-cuc-phuong-4779568.html,Cẩm nang du lịch Vườn quốc gia Cúc Phương,0.0,118.txt,1561.0,638.0,"vườn, cúc_phương, du_khách, rừng, quốc_gia, đi, đồng, tour, cúc, tham_quan","cúc_phương, cúc, vườn, du_khách, rừng",0.002405665396761855,0.0016839657777332985
119,https://vnexpress.net/cam-nang-du-lich-vuon-quoc-gia-cat-tien-4775984.html,Cẩm nang du lịch Vườn quốc gia Cát Tiên,0.006104242741099747,119.txt,1037.0,474.0,"vườn, cát_tiên, đồng, du_khách, quốc_gia, rừng, tham_quan, đi, tour, dịch_vụ","cát_tiên, vườn, bàu_sấu, đồng, quốc_gia",0.0022085333601556405,0.003377246174438872
120,https://vnexpress.net/cam-nang-du-lich-vinh-long-4698188.html,Cẩm nang du lịch Vĩnh Long,0.0,120.txt,1644.0,815.0,"vĩnh_long, khu, miền, du_lịch, sông, tỉnh, du_khách, đồng, cá, tây","vĩnh_long, gạch, vinh, bánh_tráng, kèo",0.003168068773547518,0.0022176481414832626
121,https://vnexpress.net/cam-nang-du-lich-vinh-lan-ha-4634997.html,Cẩm nang du lịch Vịnh Lan Hạ,0.0009157402443533247,121.txt,1165.0,489.0,"vịnh, lan_hạ, du_khách, cát_bà, đảo, hang, làng, đồng, hạ_long, du_lịch","vịnh, lan_hạ, cát_bà, việt_hải, hang",0.0022005934382450213,0.0018151374800775121
122,https://vnexpress.net/cam-nang-du-lich-vinh-ha-long-4626380.html,Cẩm nang du lịch Vịnh Hạ Long,0.0009157402443533247,122.txt,1305.0,557.0,"vịnh, hạ_long, tàu, hang, tham_quan, hòn, đêm, du_lịch, đảo, du_khách","vịnh, hạ_long, hang, tàu, hòn",0.002272482210922329,0.0018654596209516274
123,https://vnexpress.net/cam-nang-du-lich-vung-tau-4476318.html,Cẩm nang du lịch Vũng Tàu,0.008284896920229235,123.txt,1992.0,928.0,"vũng_tàu, biển, bãi, du_khách, đi, ảnh, đường, đồng, núi, du_lịch","vũng_tàu, window, biển, bãi, tượng",0.003329903981841004,0.004816401863357473
124,https://vnexpress.net/cam-nang-du-lich-vinh-phuc-4462114.html,Cẩm nang du lịch Vĩnh Phúc,0.008467742030839453,124.txt,929.0,520.0,"vĩnh_phúc, tam_đảo, du_lịch, hồ, đẹp, thiền, viện, đại_lải, du_khách, núi","vĩnh_phúc, tam_đảo, thiền, viện, đại_lải",0.002504077701292895,0.004293177000156862
125,https://vnexpress.net/48-gio-o-y-ty-4807822.html,Cẩm nang du lịch Y Tý,0.0,125.txt,1367.0,596.0,"mặc_định, y_tý, du_khách, lào_cai, mây, ảnh, sống, đi, yến, cung","mặc_định, y_tý, lào_cai, yến, mây",0.0010641261183247503,0.0007448882828273251
126,https://vnexpress.net/cam-nang-du-lich-yen-bai-4701574.html,Cẩm nang du lịch Yên Bái,0.008965632529995509,126.txt,1675.0,770.0,"yên_bái, mù_cang_chải, du_khách, du_lịch, mùa, homestay, món, đường, tú_lệ, trạm_tấu","mù_cang_chải, yên_bái, tú_lệ, trạm_tấu, nghĩa_lộ",0.0029538442903697293,0.004757380762257462
127,https://vnexpress.net/kinh-nghiem-di-du-lich-doc-viet-nam-cua-khach-tay-4639439.html,Kinh nghiệm đi du lịch dọc Việt Nam của khách Tây,0.0,127.txt,1419.0,600.0,"mặc_định, du_khách, việt_nam, du_lịch, đi, tàu, thuê, chuyến, xe, sống","mặc_định, du_khách, tàu, việt_nam, thuê",0.0010746663664358263,0.0007522664565050783
128,https://vi.wikipedia.org/wiki/Qu%E1%BA%A7n_th%E1%BB%83_di_t%C3%ADch_C%E1%BB%91_%C4%91%C3%B4_Hu%E1%BA%BF,Quần thể di tích Cố đô Huế – Wikipedia tiếng Việt,0.009307988215545014,128.txt,3464.0,1249.0,"huế, vua, di_tích, điện, xây_dựng, chùa, thành, đình, kdt, kinh_thành","huế, vua, kdt, kinh_thành, triều",0.0030549156977220456,0.004930837453068936
129,https://vi.wikipedia.org/wiki/Ph%E1%BB%91_c%E1%BB%95_H%E1%BB%99i_An,Phố cổ Hội An – Wikipedia tiếng Việt,0.009511643626524123,129.txt,7995.0,2223.0,"hội_an, tr, cổ, hội, việt_nam, chùa, hai, đường, văn_hóa, phố","tr, hội_an, hội, sinh_quyển, kdt",0.003961685568458418,0.005626672985878129
130,https://vinpearl.com/vi/du-lich-pho-co-hoi-an-review-day-du-va-chi-tiet-tu-a-z,Just a moment...,0.0,130.txt,13.0,13.0,"vinpearl, com, verifying, you, are, human, this, may, take, a","you, may, this, vinpearl, com",0.00047066747550536086,0.00032946723285375256
131,https://www.vntrip.vn/cam-nang/du-lich-pho-co-hoi-an-net-dep-van-hoa-truyen-thong-695,Phố Cổ Hội An - Thành phố cổ đẹp hàng đầu Châu Á - Vntrip.vn,0.0,131.txt,1058.0,534.0,"khách_sạn, hội_an, cổ, phố, hội, du_lịch, du_khách, kiến_trúc, đẹp, an","hội_an, khách_sạn, vntrip, phố, cổ",0.002320930643647368,0.0016246514505531577
132,https://vi.wikipedia.org/wiki/V%E1%BB%8Bnh_H%E1%BA%A1_Long,Vịnh Hạ Long – Wikipedia tiếng Việt,0.010744846089936174,132.txt,9139.0,2381.0,"vịnh, hạ_long, đảo, việt_nam, biển, hang, thế_giới, di_sản, truy_cập, văn_hóa","vịnh, hạ_long, đảo, hang, truy_cập",0.0033638954428936037,0.005578180637006375
133,https://www.traveloka.com/vi-vn/explore/tips/kinh-nghiem-du-lich-vinh-ha-long/169659,Kinh nghiệm du lịch vịnh Hạ Long chi tiết nhất 2025,0.0,133.txt,1634.0,615.0,"hạ_long, vnđ, du_lịch, vnd, vịnh, đi, thành_phố, hà_nội, bãi, đảo","hạ_long, vnđ, vnd, vịnh, du_lịch",0.002120159927363774,0.0014841119491546416
134,https://vi.wikipedia.org/wiki/Qu%E1%BA%A7n_th%E1%BB%83_danh_th%E1%BA%AFng_Tr%C3%A0ng_An,Quần thể danh thắng Tràng An – Wikipedia tiếng Việt,0.008965192407033914,134.txt,4381.0,1313.0,"tràng_an, du_lịch, hoa_lư, khu, di_sản, thế_giới, động, quần_thể, núi, chùa","tràng_an, hoa_lư, di_sản, danh_thắng, động",0.0026153695773146472,0.004520316426230428
135,https://mia.vn/cam-nang-du-lich/an-tuong-ve-dep-hung-vi-noi-quan-the-danh-thang-trang-an-2945,Quần thể danh thắng Tràng An với vẻ đẹp hùng vĩ ấn tượng,0.006104242741099747,135.txt,1338.0,615.0,"tràng_an, quần_thể, danh_thắng, động, chùa, khu, du_lịch, núi, ninh_bình, sở_hữu","tràng_an, danh_thắng, quần_thể, động, ninh_bình",0.0028004504446919455,0.0037915881336142857
136,https://vi.wikipedia.org/wiki/Th%C3%A1nh_%C4%91%E1%BB%8Ba_M%E1%BB%B9_S%C6%A1n,Thánh địa Mỹ Sơn – Wikipedia tiếng Việt,0.009500095921986524,136.txt,2410.0,998.0,"mỹ_sơn, đền, tháp, kdt, di_tích, chùa, thế_kỷ, đình, thánh_địa, việt_nam","mỹ_sơn, kdt, đền, tháp, thánh_địa",0.0033305085295005526,0.005181384747246344
137,https://www.traveloka.com/vi-vn/explore/destination/thanh-dia-my-son/145969,Thánh địa Mỹ Sơn - Di sản văn hóa thế giới tại Quảng Nam,0.0,137.txt,1254.0,528.0,"mỹ_sơn, vnd, thánh_địa, vé, hội_an, kiến_trúc, tiết_kiệm, shutterstock, quảng_nam, traveloka","mỹ_sơn, vnd, thánh_địa, shutterstock, traveloka",0.001819642857848225,0.0012737500004937573
138,https://vi.wikipedia.org/wiki/Fansipan,Fansipan – Wikipedia tiếng Việt,0.001891500259324731,138.txt,1032.0,557.0,"đỉnh, fansipan, núi, chinh_phục, cực, việt_nam, biển, đông_dương, độ, bia","fansipan, đỉnh, chinh_phục, núi, cực",0.0021402214360011955,0.002065605082998256
139,https://vi.wikipedia.org/wiki/V%C6%B0%E1%BB%9Dn_qu%E1%BB%91c_gia_Tr%C3%A0m_Chim,Vườn quốc gia Tràm Chim – Wikipedia tiếng Việt,0.008462575042986026,139.txt,2461.0,964.0,"chim, tràm, ha, loài, quốc_gia, vườn, đất, ống, cỏ, trầm_tích","chim, tràm, sếu, đồng_cỏ, năng",0.0027684444537843414,0.004476683630544847
140,https://vi.wikipedia.org/wiki/V%C6%B0%E1%BB%9Dn_qu%E1%BB%91c_gia_Phong_Nha_%E2%80%93_K%E1%BA%BB_B%C3%A0ng,Vườn quốc gia Phong Nha – Kẻ Bàng – Wikipedia tiếng Việt,0.01289712547530264,140.txt,7372.0,2137.0,"phong_nha, động, kẻ_bàng, quốc_gia, vườn, khu_vực, hang, m, việt_nam, thế_giới","phong_nha, kẻ_bàng, động, vườn, quốc_gia",0.0029288236328025197,0.005919314185552555
141,https://vi.wikipedia.org/wiki/M%C5%A9i_N%C3%A9,Mũi Né – Wikipedia tiếng Việt,0.0062867451639942945,141.txt,2073.0,749.0,"né, mũi, tỉnh, phường, lâm_đồng, du_lịch, xã, thành_phố, phan_thiết, bình_thuận","né, mũi, hàm_thuận, đạ, lâm_đồng",0.0029650831753638544,0.003961581771952986
142,https://vinwonders.com/vi/wonderpedia/news/mui-ne-co-gi-choi/,Mũi Né có gì chơi? Top 16 thiên đường giải trí cực HOT,0.0009157402443533247,142.txt,3448.0,683.0,"vinwonders, vé, phú_quốc, vinpearl, né, cửa, grand, mũi, combo, safari","vinwonders, vinpearl, grand, né, vé",0.0020634603719693876,0.0017191443336845686
143,https://vi.wikipedia.org/wiki/%C4%90%C3%A0_L%E1%BA%A1t,Đà Lạt – Wikipedia tiếng Việt,0.007850061675413304,143.txt,8493.0,2232.0,"đà_lạt, thành_phố, tr, lâm_đồng, phường, trần_sỹ, lưu_trữ, trường, truy_cập, bản_gốc","đà_lạt, trần_sỹ, tr, thành_phố, lâm_đồng",0.002745870948978371,0.00427712816690885
144,https://vi.wikipedia.org/wiki/M%E1%BB%99c_Ch%C3%A2u_(th%E1%BB%8B_x%C3%A3),Mộc Châu (thị xã) – Wikipedia tiếng Việt,0.0009157402443533247,144.txt,2337.0,883.0,"mộc_châu, xã, thị_xã, tỉnh, huyện, sơn_la, thành_lập, đô_thị, châu, phường","mộc_châu, xã, thị_xã, sơn_la, thành_lập",0.002751975556437912,0.0022011049628125356
145,https://vi.wikipedia.org/wiki/Ch%E1%BB%A3_n%E1%BB%95i_C%C3%A1i_R%C4%83ng,Chợ nổi Cái Răng – Wikipedia tiếng Việt,0.0,145.txt,521.0,337.0,"chợ_nổi, chợ, cần_thơ, hoạt_động, mua_bán, sông, tham_quan, văn_hóa, ghe, trang","chợ_nổi, cần_thơ, mua_bán, chợ, bẹo",0.0020260371014160948,0.0014182259709912663
146,https://vi.wikipedia.org/wiki/B%C3%A0_N%C3%A0,Bà Nà – Wikipedia tiếng Việt,0.006949964003991274,146.txt,3223.0,1363.0,"nà, núi, khu, cáp, pháp, treo, du_lịch, xây_dựng, đà_nẵng, tuyến","nà, cáp, treo, pháp, núi",0.0032110068659990726,0.004332694007396732
147,https://vi.wikipedia.org/wiki/L%C3%BD_S%C6%A1n,Lý Sơn – Wikipedia tiếng Việt,0.00903794213591847,147.txt,1651.0,787.0,"đảo, lý_sơn, huyện, quảng_ngãi, hòn, việt_nam, tỉnh, xã, biển, đặc_khu","lý_sơn, đảo, hoàng_sa, quảng_ngãi, đặc_khu",0.002706345317826274,0.004605824363253933
148,https://vi.wikipedia.org/wiki/H%E1%BB%93_Ba_B%E1%BB%83,Hồ Ba Bể – Wikipedia tiếng Việt,0.009333846061402917,148.txt,1901.0,848.0,"hồ, bể, kdt, chùa, di_tích, đền, đình, quốc_gia, thành, hai","kdt, bể, hồ, chùa, đình",0.0034556822763113656,0.0052191314118388305
149,https://vi.wikipedia.org/wiki/Tam_%C4%90%E1%BA%A3o,Tam Đảo – Wikipedia tiếng Việt,0.006761717163728064,149.txt,1454.0,640.0,"tam_đảo, núi, hồ, du_lịch, phú_thọ, hà_nội, dãy, xã, khí_hậu, suối","tam_đảo, núi, phú_thọ, hồ, tuyên_quang",0.003011738116073273,0.00413673183036971
150,https://vi.wikipedia.org/wiki/Ho%C3%A0ng_th%C3%A0nh_Th%C4%83ng_Long,Hoàng thành Thăng Long – Wikipedia tiếng Việt,0.009307988215545014,150.txt,7883.0,2151.0,"thành, hà_nội, điện, thăng_long, lê, thời, m, hoàng_thành, mạc, cửa","thăng_long, lê, móng, hoàng_thành, mạc",0.0038730205874013685,0.005503510875844463
151,https://vi.wikipedia.org/wiki/Th%C3%A0nh_nh%C3%A0_H%E1%BB%93,Thành nhà Hồ – Wikipedia tiếng Việt,0.0009157402443533247,151.txt,4310.0,1582.0,"thành, hồ, đá, di_tích, đền, chùa, núi, đàn, kdt, tường","thành, nhà_hồ, kdt, tây_đô, hồ",0.0038552548579170827,0.002973400473847955
152,https://vi.wikipedia.org/wiki/V%E1%BB%8Bnh_Lan_H%E1%BA%A1,Vịnh Lan Hạ – Wikipedia tiếng Việt,0.0013433650422876539,152.txt,326.0,207.0,"vịnh, trang, lan_hạ, cát_bà, nội_dung, viết, wikipedia, giúp, tham_khảo, việt_nam","vịnh, lan_hạ, cát_bà, trang, địa_lý",0.002049469710526963,0.0018376383100551703
153,https://vi.wikipedia.org/wiki/C%C3%B4_T%C3%B4,Cô Tô (định hướng) – Wikipedia tiếng Việt,0.006204397043486879,153.txt,197.0,129.0,"tô, tỉnh, trang, định_hướng, an_giang, quảng_ninh, sửa, đặc_khu, huyện, nội_dung","tô, định_hướng, trang, đặc_khu, tỉnh",0.0015618734973141413,0.0029546305611659624
154,https://vi.wikipedia.org/wiki/Qu%E1%BA%A7n_%C4%91%E1%BA%A3o_C%C3%A1t_B%C3%A0,Quần đảo Cát Bà – Wikipedia tiếng Việt,0.008419934488576905,154.txt,3252.0,1228.0,"cát_bà, đảo, quần_đảo, vịnh, biển, thế_giới, kdt, di_sản, loài, hạ_long","cát_bà, quần_đảo, kdt, vịnh, đảo",0.0034669141857367044,0.004952820276588764
155,https://vi.wikipedia.org/wiki/Ph%C3%BA_Qu%E1%BB%91c,Phú Quốc – Wikipedia tiếng Việt,0.0009157402443533247,155.txt,4877.0,1349.0,"phú_quốc, khu_phố, thành, tỉnh, đổi, xã, an_thới, đặc_khu, dương_đông, đảo","khu_phố, an_thới, phú_quốc, dương_đông, đặc_khu",0.0018919363872520396,0.001599077544382425
156,https://mia.vn/cam-nang-du-lich/ve-dep-bai-dai-phu-quoc-14160,"Bãi Dài Phú Quốc với vẻ đẹp hoang sơ, làn nước trong xanh như ngọc",0.0,156.txt,849.0,419.0,"phú_quốc, bãi, du_lịch, biển, đảo, kiên_giang, bãi_dài, mia, gành, dầu","phú_quốc, bãi, bãi_dài, mia, gành",0.0025321913131373863,0.0017725339191961703
157,https://vi.wikipedia.org/wiki/C%C3%B4n_%C4%90%E1%BA%A3o,Côn Đảo – Wikipedia tiếng Việt,0.0009157402443533247,157.txt,4143.0,1609.0,"côn_đảo, hòn, đảo, b, việt_nam, pháp, đ, đặc_khu, vũng_tàu, thành_phố","côn_đảo, đặc_khu, hòn, côn_lôn, b",0.0032070693196777204,0.0025196705970804015
158,https://vi.wikipedia.org/wiki/Hang_S%C6%A1n_%C4%90o%C3%B2ng,Hang Sơn Đoòng – Wikipedia tiếng Việt,0.0009157402443533247,158.txt,1252.0,676.0,"hang, sơn_đoòng, động, cáp, hang_động, dự_án, truy_cập, hang_sơn_đoòng, treo, việt_nam","sơn_đoòng, hang, hang_sơn_đoòng, động, cáp",0.002278235825100085,0.0018694871508760568
159,https://oxalisadventure.com/vi/cave/hang-en/,Just a moment...,0.0,159.txt,13.0,13.0,"oxalisadventure, com, verifying, you, are, human, this, may, take, a","you, may, this, com, a",0.0004270888198739828,0.0002989621739117879
160,https://vi.wikipedia.org/wiki/V%C6%B0%E1%BB%9Dn_qu%E1%BB%91c_gia_C%C3%BAc_Ph%C6%B0%C6%A1ng,Vườn quốc gia Cúc Phương – Wikipedia tiếng Việt,0.0009157402443533247,160.txt,4254.0,1382.0,"việt_nam, cúc_phương, khu, loài, vườn, bảo_tồn, quốc_gia, núi, dự_trữ, sinh_quyển","cúc_phương, sinh_quyển, dự_trữ, loài, việt_nam",0.003586691480067474,0.002785406109353229
161,http://www.bachmapark.com.vn/,"VƯỜN QUỐC GIA BẠCH MÃ, vuon quoc gia bach ma",0.0016941218194395742,161.txt,362.0,164.0,"du_lịch, dịch_vụ, tham_quan, bạch_mã, hoạt_động, vườn, thư_viện, quốc_gia, bảo_tồn, thiên_nhiên","bạch_mã, thư_viện, dịch_vụ, du_lịch, cơ_cấu",0.0016740736835958248,0.0016800881243489497
162,https://vi.wikipedia.org/wiki/V%C6%B0%E1%BB%9Dn_qu%E1%BB%91c_gia_C%C3%A1t_Ti%C3%AAn,Vườn quốc gia Cát Tiên – Wikipedia tiếng Việt,0.0009157402443533247,162.txt,2206.0,872.0,"cát_tiên, kdt, quốc_gia, chùa, việt_nam, rừng, vườn, đền, khu, di_tích","kdt, cát_tiên, chùa, tê_giác, đình",0.003771886816376863,0.0029150428447698015
163,https://vi.wikipedia.org/wiki/V%C6%B0%E1%BB%9Dn_qu%E1%BB%91c_gia_N%C3%BAi_Ch%C3%BAa,Vườn quốc gia Núi Chúa – Wikipedia tiếng Việt,0.0009157402443533247,163.txt,1555.0,632.0,"núi, biển, khu_vực, suối, độ, địa_hình, đất, bắc, đông, nam","núi_chúa, núi, địa_hình, khô_hạn, chúa",0.002875570450080478,0.002287621388362332
164,https://vi.wikipedia.org/wiki/V%C6%B0%E1%BB%9Dn_qu%E1%BB%91c_gia_Ba_B%E1%BB%83,Vườn quốc gia Ba Bể – Wikipedia tiếng Việt,0.0037821550220882723,164.txt,1309.0,539.0,"vườn, quốc_gia, khu, hồ, loài, bể, bảo_tồn, việt_nam, núi, tự_nhiên","vườn, quốc_gia, bể, loài, hồ",0.0021633636511324433,0.002649001062419192
165,https://vi.wikipedia.org/wiki/V%C6%B0%E1%BB%9Dn_qu%E1%BB%91c_gia_B%E1%BA%BFn_En,Vườn quốc gia Bến En – Wikipedia tiếng Việt,0.005234545959098269,165.txt,825.0,490.0,"quốc_gia, vườn, núi, du_lịch, bến_en, lễ_hội, khu, sông, đền, nội_dung","bến_en, quốc_gia, vườn, thanh_hóa, đền",0.003230959307485929,0.003832035302969631
166,https://vi.wikipedia.org/wiki/H%E1%BB%93_N%C3%BAi_C%E1%BB%91c,Hồ Núi Cốc – Wikipedia tiếng Việt,0.0062867451639942945,166.txt,1343.0,616.0,"hồ, núi_cốc, du_lịch, đập, thái_nguyên, thành_phố, núi, khu, sông, xây_dựng","núi_cốc, hồ, đập, thái_nguyên, mét_khối",0.002550371771257714,0.003671283789078688
167,https://vi.wikipedia.org/wiki/H%E1%BB%93_Y%C3%AAn_Th%E1%BA%AFng,Hồ Yên Thắng – Wikipedia tiếng Việt,0.002537736938245313,167.txt,711.0,367.0,"hồ, du_lịch, ninh_bình, hồ_yên_thắng, sân, golf, hoa_lư, chùa, lễ_hội, đồng","hồ_yên_thắng, ninh_bình, golf, hồ, hoa_lư",0.0024523634819971765,0.0024779755188716174
168,https://vi.wikipedia.org/wiki/H%E1%BB%93_%C4%90%E1%BB%93ng_Nai_3,Hồ Đồng Nai 3 – Wikipedia tiếng Việt,0.0009157402443533247,168.txt,624.0,340.0,"hồ, truy_cập, đồng_nai, tà_đùng, báo, đắk, nông, du_lịch, hạ_long, tây_nguyên","tà_đùng, hồ, truy_cập, đắk, đồng_nai",0.0019520694820812034,0.0016411707107628396
169,https://vi.wikipedia.org/wiki/H%E1%BB%93_Tr%E1%BB%8B_An,Hồ Trị An – Wikipedia tiếng Việt,0.006204397043486879,169.txt,292.0,190.0,"hồ, đồng_nai, trị_an, viết, nội_dung, wikipedia, tham_khảo, trang, giúp, việt_nam","trị_an, đồng_nai, hồ, sơ_khai, wikipedia",0.0020586866139868892,0.003302399742836886
170,https://vi.wikipedia.org/wiki/H%E1%BB%93_X%E1%BA%A1_H%C6%B0%C6%A1ng,Hồ Xạ Hương – Wikipedia tiếng Việt,0.0009157402443533247,170.txt,285.0,212.0,"hồ, viết, nội_dung, trang, wikipedia, giúp, chú_thích, xạ_hương, núi, đá","xạ_hương, hồ, sơ_khai, chú_thích, nội_dung",0.0022521901857434504,0.0018512552033264126
171,https://www.ivivu.com/blog/2022/12/ho-xa-huong-canh-sac-tuyet-dep-tren-nui-tam-dao/,Hồ Xạ Hương – Cảnh sắc tuyệt đẹp trên núi Tam Đảo - iVIVU.com,0.0,171.txt,931.0,329.0,"du_lịch, khách_sạn, hồ, ảnh, đà_lạt, ivivu, xạ_hương, núi, hà_nội, vũng_tàu","du_lịch, xạ_hương, khách_sạn, ivivu, singapore",0.0018122202177277666,0.0012685541524094365
172,https://vi.wikipedia.org/wiki/H%E1%BB%93_Xu%C3%A2n_H%C6%B0%C6%A1ng_(h%E1%BB%93_n%C6%B0%E1%BB%9Bc),Hồ Xuân Hương (hồ nước) – Wikipedia tiếng Việt,0.002830485182960214,172.txt,867.0,438.0,"đà_lạt, hồ, du_lịch, hồ_xuân_hương, khu, gọi, xuân_hương, vườn, hoa, thác","đà_lạt, hồ_xuân_hương, xuân_hương, hồ, giả_thuyết",0.0028401912814718174,0.0028372794519183364
173,https://vnexpress.net/doi-che-moc-chau-tua-tien-canh-trong-suong-som-4710347.html,Đồi chè Mộc Châu tựa tiên cảnh trong sương sớm - Báo VnExpress Du lịch,0.0009157402443533247,173.txt,1250.0,448.0,"mặc_định, chè, đồi, mộc_châu, hoa, sương_mù, đẹp, sống, lớp, du_khách","mặc_định, chè, mộc_châu, đồi, sương_mù",0.0010359299437357116,0.0009998730339209954
174,https://vi.wikipedia.org/wiki/Khu_di_t%C3%ADch_P%C3%A1c_B%C3%B3,Khu di tích Pác Bó – Wikipedia tiếng Việt,0.005140920526697793,174.txt,1059.0,465.0,"kdt, chùa, di_tích, đình, đền, hang, chiến_thắng, hồ_chí_minh, đường, pác_bó","kdt, chùa, đình, di_tích, đền",0.0026909569588558033,0.0034259460292084005
175,https://vi.wikipedia.org/wiki/Su%E1%BB%91i_n%C6%B0%E1%BB%9Bc_n%C3%B3ng_Kim_B%C3%B4i,Suối nước nóng Kim Bôi – Wikipedia tiếng Việt,0.0,175.txt,255.0,179.0,"viết, trang, kim_bôi, nội_dung, wikipedia, tiêu_chuẩn, suối, nóng, sơ_khai, giúp","kim_bôi, sơ_khai, nước_khoáng, suối_khoáng, trang",0.0020359136102315423,0.0014251395271620796
176,https://vinpearl.com/vi/suoi-khoang-my-lam-tuyen-quang,Just a moment...,0.0,176.txt,12.0,12.0,"vinpearl, com, verify, you, are, human, by, completing, the, action","you, by, vinpearl, the, com",0.00043029689937759295,0.00030120782956431503
177,https://vi.wikipedia.org/wiki/B%C3%A3i_bi%E1%BB%83n_S%E1%BA%A7m_S%C6%A1n,Bãi biển Sầm Sơn – Wikipedia tiếng Việt,0.0069372267228939005,177.txt,721.0,445.0,"biển, sầm_sơn, bãi, lễ_hội, du_lịch, đền, núi, khu, viết, chùa","sầm_sơn, biển, lễ_hội, bãi, đền",0.0029750160554519235,0.004163679255684517
178,https://vi.wikipedia.org/wiki/S%E1%BA%A7m_S%C6%A1n,Sầm Sơn – Wikipedia tiếng Việt,0.0023899409549159546,178.txt,830.0,398.0,"sầm_sơn, phường, tỉnh, hành_chính, thanh_hóa, thọ, tổ, dân_phố, pdf, nghị_quyết","sầm_sơn, dân_phố, thọ, hđnd, nq",0.0019147555825558555,0.0020573111942638854
179,https://vi.wikipedia.org/wiki/C%E1%BB%ADa_L%C3%B2,Cửa Lò – Wikipedia tiếng Việt,0.006104242741099747,179.txt,545.0,289.0,"phường, hành_chính, việt_nam, vinh, viết, cửa, lò, xã, cửa_lò, tỉnh","cửa_lò, hành_chính, vinh, lò, nghĩa",0.0020890270207340324,0.0032935917368437464
180,https://vi.wikipedia.org/wiki/C%E1%BB%ADa_L%C3%B2_(th%E1%BB%8B_x%C3%A3),Cửa Lò (thị xã) – Wikipedia tiếng Việt,0.006104242741099747,180.txt,2007.0,804.0,"cửa_lò, du_lịch, biển, cửa, đảo, lò, khu, thị_xã, phường, sông","cửa_lò, lò, thị_xã, lan_châu, cửa",0.002084249413468063,0.0032902474117575678
181,https://vinpearl.com/vi/du-lich-cua-lo-nghe-an-so-tay-du-lich-tu-a-den-z,Just a moment...,0.0,,,,,,,
182,https://vi.wikipedia.org/wiki/C%E1%BB%ADa_%C4%90%E1%BA%A1i_(ph%C6%B0%E1%BB%9Dng),Cửa Đại (phường) – Wikipedia tiếng Việt,0.0,182.txt,390.0,218.0,"trang, viết, phường, lịch_sử, wikipedia, xóa, cửa_đại, hiện, tiêu_đề, ngôn_ngữ","cửa_đại, trang, tiêu_đề, xóa, wikipedia",0.001808280977995424,0.0012657966845967968
183,https://vinwonders.com/vi/wonderpedia/news/bien-cua-dai-kinh-nghiem-kham-pha-thien-duong-bien-hoi-an/,Biển Cửa Đại - Kinh nghiệm khám phá thiên đường biển Hội An,0.0009157402443533247,183.txt,2000.0,600.0,"vinwonders, biển, cửa, phú_quốc, đại, safari, grand, hội_an, vinpearl, trải","vinwonders, biển, cửa, phú_quốc, chíp",0.0021522582777619708,0.001781302867739377
184,https://vi.wikipedia.org/wiki/B%C3%A3i_bi%E1%BB%83n_M%E1%BB%B9_Kh%C3%AA,Bãi biển Mỹ Khê – Wikipedia tiếng Việt,0.0009157402443533247,184.txt,244.0,149.0,"biển, đà_nẵng, bãi, viết, liên_kết, nội_dung, wikipedia, mỹ_khê, trang, giúp","mỹ_khê, đà_nẵng, sơ_khai, liên_kết, wikipedia",0.0019499421155315811,0.001639681554178104
185,https://vinpearl.com/vi/kinh-nghiem-di-bai-bien-my-khe-da-nang-chi-tiet-day-du-nhat,Just a moment...,0.0,,,,,,,
186,https://vi.wikipedia.org/wiki/N%C3%BAi_B%C3%A0_%C4%90en,Núi Bà Đen – Wikipedia tiếng Việt,0.0009157402443533247,186.txt,2489.0,1070.0,"núi, đen, tây_ninh, du_lịch, khu, đỉnh, báo, việt_nam, quốc_gia, m","đen, núi, tây_ninh, isbn, ma_thiên_lãnh",0.0030356335132485104,0.0023996655325799546
187,https://sunworld.vn/ba-den/tin-tuc/du-lich-nui-ba-den-tay-ninh,[A - Z] Trải nghiệm & kinh nghiệm du lịch núi Bà Đen Tây Ninh,0.0,187.txt,2939.0,1163.0,"núi, đen, tây_ninh, du_khách, du_lịch, tượng, nhà_ga, chùa, đỉnh, trải","đen, núi, nhà_ga, tây_ninh, vân_sơn",0.002698785232258529,0.00188914966258097
188,https://mia.vn/cam-nang-du-lich/nui-ham-rong-sapa-ngon-nui-hinh-dau-rong-noi-tieng-cua-thanh-pho-mo-suong-468,Núi Hàm Rồng Sapa - Ngọn núi hình đầu rồng nổi tiếng của thành phố mờ sương,0.0016941218194395742,188.txt,894.0,470.0,"núi, hàm_rồng, sapa, hoa, đá, đẹp, vườn, mia, đào, hình","hàm_rồng, sapa, núi, hoa, mia",0.0020454434431601463,0.0019400469560439744
189,https://mia.vn/cam-nang-du-lich/duong-len-cong-troi-sapa-noi-thien-duong-trong-may-dai-ngan-478,Đường lên cổng trời Sapa - Nơi thiên đường trong mây đại ngàn,0.0009157402443533247,189.txt,523.0,290.0,"sapa, trời, cổng, đèo, đẹp, đường, mia, larita, đại, đỉnh","sapa, trời, cổng, đèo, larita",0.0020060367814323577,0.0016789478203086477
190,https://vi.wikipedia.org/wiki/Th%C3%A1c_B%E1%BA%A3n_Gi%E1%BB%91c,Thác Bản Giốc – Wikipedia tiếng Việt,0.0009157402443533247,190.txt,1356.0,712.0,"thác, giốc, trung_quốc, việt_nam, sông, thác_bản, biên_giới, hai, chùa, du_lịch","giốc, thác, trung_quốc, thác_bản, quây_sơn",0.0019363515657731707,0.0016301681693472168
191,https://vietnamtourism.gov.vn/post/36540,Thác Bản Giốc - vẻ đẹp kỳ vĩ giữa non nước Cao Bằng,0.0,191.txt,657.0,377.0,"làng, thác, du_lịch, thống_kê, đẹp, giốc, nghề, lịch_sử, trải, sản_phẩm","giốc, lạt, thống_kê, thủ_tục, thác",0.0024268726667931897,0.0016988108667552327
192,https://vi.wikipedia.org/wiki/%C4%90%E1%BB%99ng_Phong_Nha,Động Phong Nha – Wikipedia tiếng Việt,0.0026200163397605246,192.txt,698.0,417.0,"động, trang, viết, phong_nha, hang_động, giúp, nội_dung, liên_kết, cải_thiện, hang","phong_nha, động, cải_thiện, hang_động, trang",0.0026171718194448407,0.0026180251755395455
193,https://www.vietnamairlines.com/sa/vi/useful-information/travel-guide/vuon-quoc-gia-phong-nha-ke-bang,Trọn bộ kinh nghiệm du lịch vườn Quốc gia Phong Nha Kẻ Bàng,0.0,193.txt,12569.0,1872.0,"khám_phá, du_lịch, hà_nội, flag, biển, top, đẹp, đặc_sản, ngon, cẩm_nang","flag, khám_phá, hplsecondmegamenu, top, hà_nội",0.0031692393660140584,0.0022184675562098408
194,https://oxalisadventure.com/vi/du-lich-song-chay-hang-toi-quang-binh/,Just a moment...,0.0,,,,,,,
195,https://vi.wikipedia.org/wiki/%C4%90%E1%BB%99ng_Thi%C3%AAn_%C4%90%C6%B0%E1%BB%9Dng,Just a moment...,0.0,195.txt,12.0,12.0,"oxalisadventure, com, verify, you, are, human, by, completing, the, action","you, by, the, com",0.0003817157154923798,0.0002672010008446658
196,https://dongthienduong.com/,"Khu du lịch sinh thái Động Thiên Đường - Quảng Bình, Việt Nam",0.0,196.txt,54.0,24.0,"tham_quan, mở_cửa, trở_lại, 1km, hệ_thống, cầu_thang, gỗ, khám_phá, trải, nghiệm","thiên_cung, mở_cửa, chào_đón, trở_lại, cầu_thang",0.0008741444875059682,0.0006119011412541777
197,https://oxalisadventure.com/vi/cam-nang-du-lich-dong-thien-duong-quang-binh/,Just a moment...,0.0,,,,,,,
198,https://vi.wikipedia.org/wiki/H%E1%BB%93_L%E1%BA%AFk,Hồ Lắk – Wikipedia tiếng Việt,0.0009157402443533247,198.txt,986.0,529.0,"hồ, lắk, rừng, du_lịch, lịch_sử, văn_hóa, khu, loài, môi_trường, buôn","lắk, hồ, hồ_lắk, buôn, rừng",0.0031497141220299505,0.0024795219587269626
199,https://www.xanhsm.com/news/khu-du-lich-ho-lak-dak-lak,Khu du lịch Hồ Lắk có gì đặc biệt mà ai đến cũng mê mẩn? | Xanh SM,0.0,199.txt,1786.0,667.0,"hồ_lắk, khu, du_lịch, du_khách, ảnh, thiên_nhiên, văn_hóa, m, hồ, món","hồ_lắk, sm, lắk, tây_nguyên, nông",0.0022327961685708092,0.0015629573179995664
200,https://wetrek.vn/bai-viet-thanh-vien/ho-lak-vao-top-diem-cam-trai-sang-chanh-o-dong-nam-a.htm?srsltid=AfmBOopttl5WP7nUx8HJNb3JJJ_vWwnlKsW3D4yFFvBvol-U29nCBLuK,Hồ Lắk vào tóp điểm cắm trại sang chảnh ở Đông Nam Á,0.0,200.txt,2432.0,656.0,"túi, more, phụ_kiện, núi, leo, trại, dã_ngoại, balo, đồ, xe_đạp","more, túi, phụ_kiện, balo, đa_năng",0.0015515494839232812,0.0010860846387462967
201,https://vi.wikipedia.org/wiki/Th%C3%A1c_%C4%90amb%27ri,Thác Đamb'ri – Wikipedia tiếng Việt,0.0009157402443533247,201.txt,1053.0,568.0,"thác, đà_lạt, du_lịch, khu, bri, việt_nam, lâm_đồng, đa, m, nhà_thờ","bri, thác, đà_lạt, đa, lâm_đồng",0.0032245960764388116,0.0025319393268131655
202,https://www.dambri.com.vn/,Khu du lịch thác đamb'ri,0.0,202.txt,202.0,101.0,"đamb, ri, khu, thác, ưu_đãi, địa_phương, tỉnh, đu_quay, lồng, nhà_hàng","đamb, ri, hội_họp, eco, game",0.000886483101081746,0.0006205381707572222
203,https://ecotour.com.vn/thac-dai-yem,Thác Dải Yếm Mộc Châu – Dải Lụa Trắng Giữa Đại Ngàn Tây Bắc - Ecotour,0.0,203.txt,1053.0,411.0,"tour, thác, mộc_châu, du_lịch, dải_yếm, ecotour, mười, hai, đà_nẵng, trắng","tour, dải_yếm, thác, mộc_châu, thác_dải_yếm",0.0017740541855394332,0.001241837929877603
204,https://vietnamtourism.gov.vn/post/29637,Thác Dải Yếm: Điểm giải nhiệt cho mùa hè mát lạnh tại Mộc Châu,0.0,204.txt,372.0,192.0,"thác, thống_kê, mộc_châu, du_khách, văn_bản, thủ_tục, cơ_sở, đẹp, du_lịch, chức_năng","thác, thống_kê, thủ_tục, lệ_phí, nộp",0.0018121844516669945,0.001268529116166896
205,https://vi.wikipedia.org/wiki/Th%C3%A1c_Pongour,Thác Pongour – Wikipedia tiếng Việt,0.00395963211547474,205.txt,1139.0,646.0,"thác, đà_lạt, du_lịch, việt_nam, khu, lâm_đồng, nhà_thờ, suối, thác_pongour, đá","thác, đà_lạt, thác_pongour, lâm_đồng, đray",0.003467407645432812,0.00361507498644539
206,https://vinpearl.com/vi/thac-pongour-da-lat,Just a moment...,0.0,,,,,,,
207,https://vi.wikipedia.org/wiki/Th%C3%A1c_Prenn,Thác Prenn – Wikipedia tiếng Việt,0.00395963211547474,207.txt,1263.0,692.0,"thác, đà_lạt, du_lịch, việt_nam, khu, prenn, suối, vườn, hoa, lâm_đồng","thác, prenn, đà_lạt, linh, voi",0.0033915021193524596,0.0035619411181891437
208,https://vinpearl.com/vi/thac-prenn-da-lat,Just a moment...,0.0,,,,,,,
209,https://vi.wikipedia.org/wiki/H%E1%BB%93_L%E1%BA%AFk,Hồ Lắk – Wikipedia tiếng Việt,0.0009435395863206907,,,,,,,
210,https://tapchimoitruong.vn/thien-nhien-va-moi-truong-viet-nam-85/H%E1%BB%93-Lak---%C4%90i%E1%BB%83m-du-l%E1%BB%8Bch-sinh-th%C3%A1i-v%C3%A0-v%C4%83n-h%C3%B3a-n%E1%BB%95i-ti%E1%BA%BFng-c%E1%BB%A7a-%C4%90%E1%BA%AFc-L%E1%BA%AFc-21570,Hồ Lak - Điểm du lịch sinh thái và văn hóa nổi tiếng của Đắc Lắc,0.0,210.txt,340.0,176.0,"edition, môi_trường, hồ, doanh_nghiệp, xanh, hội_đồng, biên_tập, tạp_chí, thiên_nhiên, việt_nam","edition, môi_trường, biên_tập, lak, hội_đồng",0.0009823779867398792,0.0006876645907179154
211,https://www.traveloka.com/vi-vn/explore/destination/ho-lak/223728,Khám phá Hồ Lắk - “Nàng thơ” của núi rừng Tây Nguyên hoang dã,0.0,211.txt,906.0,449.0,"hồ, đi, vé, đẹp, đắk_lắk, hồ_lắk, trải, du_khách, nghiệm, du_lịch","hồ_lắk, hồ, đắk_lắk, buôn, traveloka",0.002736570665965271,0.0019155994661756897
212,https://www.traveloka.com/vi-vn/explore/destination/ho-da-xanh-vung-tau/327730,Check-in hồ Đá Xanh Vũng Tàu - Tọa độ sống ảo đẹp mê hồn,0.0,212.txt,1201.0,492.0,"vũng_tàu, xanh, hồ_đá, hồ, đẹp, khách_sạn, du_lịch, traveloka, đá, thành_phố","hồ_đá, vũng_tàu, xanh, hồ, traveloka",0.001762146710755023,0.001233502697528516
213,https://vietair.com.vn/du-lich-trong-nuoc/ho-da-xanh-vung-tau.html,Kinh nghiệm khám phá hồ Đá Xanh Vũng Tàu chi tiết nhất 2025,0.0,213.txt,1192.0,428.0,"vé, đi, máy_bay, xanh, du_lịch, hồ_đá, vũng_tàu, thành_phố, miền, hồ","máy_bay, vé, hồ_đá, đi, vũng_tàu",0.0016343770018570323,0.0011440639012999226
214,https://vi.wikipedia.org/wiki/N%C3%BAi_Langbiang,Núi Langbiang – Wikipedia tiếng Việt,0.002830485182960213,214.txt,1397.0,565.0,"núi, du_lịch, đà_lạt, langbiang, đỉnh, khu, đồi, vườn, đi, chinh_phục","langbiang, biang, núi_bà, k, đà_lạt",0.0025917024280058365,0.002663337254492149
215,https://vinpearl.com/vi/dinh-langbiang-da-lat,Just a moment...,0.0,,,,,,,
216,https://vi.wikipedia.org/wiki/H%E1%BB%93_Tuy%E1%BB%81n_L%C3%A2m,Hồ Tuyền Lâm – Wikipedia tiếng Việt,0.0009157402443533247,216.txt,1371.0,522.0,"hồ, du_lịch, đà_lạt, khu, thành_phố, lâm_đồng, quốc_gia, cà_mau, phú_thọ, thác","đà_lạt, hồ, lâm_đồng, tuyền_lâm, phú_thọ",0.0034391907140247963,0.0026821555731233546
217,https://www.traveloka.com/vi-vn/explore/destination/ho-tuyen-lam-da-lat-acc/226558,Hồ Tuyền Lâm: khám phá lá phổi xanh của Đà Lạt,0.0,217.txt,1008.0,462.0,"hồ, đà_lạt, đi, du_lịch, tuyền_lâm, đẹp, khu, resort, thành_phố, du_khách","tuyền_lâm, đà_lạt, hồ, vnd, tuyền",0.0023411037798864486,0.0016387726459205138
218,https://vi.wikipedia.org/wiki/N%C3%BAi_Ch%E1%BB%A9a_Chan,Núi Chứa Chan – Wikipedia tiếng Việt,0.0009157402443533247,218.txt,1858.0,779.0,"núi, chứa_chan, truy_cập, đồng_nai, báo, du_lịch, đá, b, đỉnh, a","chứa_chan, truy_cập, núi, đồng_nai, xuân_lộc",0.001895209568135375,0.00160136877100076
219,https://vi.wikipedia.org/wiki/N%C3%BAi_Dinh,Núi Dinh – Wikipedia tiếng Việt,0.0009157402443533247,219.txt,669.0,384.0,"núi, dinh, truy_cập, bà_rịa, chùa, vũng_tàu, báo, thành_phố, hai, núi_dinh","núi, bà_rịa, dinh, núi_dinh, truy_cập",0.002151574252004571,0.0017808240497091971
220,https://mia.vn/cam-nang-du-lich/nui-dinh-vung-tau-diem-den-sieu-ngau-cho-lan-dau-trekking-1261,Núi Dinh Vũng Tàu: Điểm đến siêu ngầu cho lần đầu trekking,0.0,220.txt,1005.0,545.0,"núi, dinh, chùa, vũng_tàu, đường, mia, đi, biển, vn, đỉnh","dinh, núi, mia, vũng_tàu, núi_dinh",0.002594567952528321,0.0018161975667698245
221,https://vi.wikipedia.org/wiki/H%C3%B2n_Mun,Hòn Mun – Wikipedia tiếng Việt,0.006104242741099747,221.txt,823.0,466.0,"biển, hòn, khu, lặn, mun, đảo, nha_trang, hòn_mun, san_hô, vịnh","hòn, hòn_mun, mun, biển, lặn",0.002713358321986874,0.0037306236477207357
222,https://www.traveloka.com/vi-vn/explore/destination/hon-mun-acc/193841,Hòn Mun: Cẩm nang vui chơi với chi phí rẻ nhất,0.0,222.txt,1068.0,479.0,"nha_trang, biển, hòn, đảo, mun, du_lịch, vnd, khám_phá, lặn, hoạt_động","mun, nha_trang, hòn_mun, hòn, biển",0.0022065695688775794,0.0015445986982143055
223,https://vinpearl.com/vi/du-lich-hon-tam-nha-trang-review-thien-duong-bien-xanh-lang-man,Just a moment...,0.0,,,,,,,
224,https://vi.wikipedia.org/wiki/H%C3%B2n_T%E1%BA%B1m,Hòn Tằm – Wikipedia tiếng Việt,0.006104242741099747,224.txt,1319.0,668.0,"hòn, đảo, truy_cập, nha_trang, khu, du_lịch, hòn_tằm, tằm, biển, vịnh","hòn_tằm, truy_cập, hòn, tằm, nha_trang",0.00234443914459276,0.003472380223544856
225,https://mia.vn/cam-nang-du-lich/goi-y-lich-trinh-kham-pha-hon-nua-phu-yen-tu-tuc-2n1d-2218,Gợi ý lịch trình khám phá Hòn Nưa – Phú Yên tự túc 2N1Đ,0.0,225.txt,834.0,424.0,"phú_yên, hòn_nưa, biển, đi, đảo, đẹp, khám_phá, hòn, ngắm, lịch_trình","hòn_nưa, phú_yên, nưa, vũng_rô, larita",0.0020808776708955328,0.001456614369626873
226,https://www.traveloka.com/vi-vn/explore/destination/gns-hon-nua-phu-yen/252019,Hòn Nưa Phú Yên - Điểm du lịch mới nổi tại Phú Yên,0.0,226.txt,651.0,376.0,"hòn, đảo, nưa, biển, đẹp, đi, san_hô, tour, traveloka, du_lịch","nưa, hòn, traveloka, san_hô, đảo",0.0021696498205906116,0.001518754874413428
227,https://vi.wikipedia.org/wiki/%C4%90%E1%BA%A3o_B%C3%ACnh_Ba,Đảo Bình Ba – Wikipedia tiếng Việt,0.0,227.txt,334.0,215.0,"đảo, bình, bình_ba, bãi, báo, liên_kết, việt_nam, truy_cập, trang, nội_dung","bình_ba, đảo, sơ_khai, truy_cập, wayback",0.002001575073314819,0.001401102551320373
228,https://vi.wikipedia.org/wiki/S%C6%A1n_Tr%C3%A0,Sơn Trà – Wikipedia tiếng Việt,0.0009157402443533247,228.txt,869.0,488.0,"sơn_trà, bán_đảo, đà_nẵng, núi, xây_dựng, biển, tự_nhiên, khu, vn, thành_phố","sơn_trà, bán_đảo, đà_nẵng, trái_phép, bản_gốc",0.0017936148144155676,0.0015302524433968947
229,https://vietluxtour.com/kham-pha/ban-dao-son-tra-da-nang.html?srsltid=AfmBOorcTl6oPtQm2Jf5dBz9qoZ0v65SNAA5G6cpu8DFv-_yTsf9TEuj,Bạn có 1 tin nhắn,0.0,229.txt,939.0,308.0,"tour, khởi_hành, đà_nẵng, du_lịch, sơn_trà, biển, bán_đảo, miền, châu, khu_vực","tour, khởi_hành, sơn_trà, bán_đảo, đà_nẵng",0.0014290085563951633,0.0010003059894766143
230,https://vi.wikipedia.org/wiki/C%C3%B9_lao_Ch%C3%A0m,Cù lao Chàm – Wikipedia tiếng Việt,0.007036168269638686,230.txt,1122.0,639.0,"cù_lao, đảo, chàm, việt_nam, biển, khu, cà_mau, liên_kết, cù_lao_chàm, hòn","chàm, cù_lao, cù_lao_chàm, đảo, sinh_quyển",0.0032091483475291584,0.004357254324162016
231,https://vinpearl.com/vi/review-cu-lao-cham-khu-du-tru-sinh-quyen-the-gioi,Just a moment...,0.0,,,,,,,
232,https://vi.wikipedia.org/wiki/Khu_d%E1%BB%B1_tr%E1%BB%AF_sinh_quy%E1%BB%83n_r%E1%BB%ABng_ng%E1%BA%ADp_m%E1%BA%B7n_C%E1%BA%A7n_Gi%E1%BB%9D,Khu dự trữ sinh quyển rừng ngập mặn Cần Giờ – Wikipedia tiếng Việt,0.007043846422549903,232.txt,2079.0,860.0,"khu, thành_phố, rừng, công_viên, loài, ngập_mặn, nhà_thờ, du_lịch, sinh_thái, hệ","ngập_mặn, sinh_quyển, công_viên, nhà_thờ, dự_trữ",0.003434697797917092,0.004517442385306935
233,https://vinpearl.com/vi/can-cu-noi-rung-sac-can-gio-diem-den-gan-sai-gon-sieu-hap-dan,Just a moment...,0.0,,,,,,,
234,https://www.rungngapmancangio.org/,CANGIO - Khu Dữ Trữ Sinh Quyển Rừng Ngập Mặn Cần Giờ,0.0,234.txt,746.0,332.0,"rừng, loài, giới_thiệu, huyện, khu, phòng_hộ, quản_lý, rnm, phát_triển, du_lịch","phòng_hộ, rừng, loài, quản_lý, huyện",0.0019866579925177067,0.0013906605947623947
235,https://vi.wikipedia.org/wiki/V%C6%B0%E1%BB%9Dn_qu%E1%BB%91c_gia_Xu%C3%A2n_Th%E1%BB%A7y,Vườn quốc gia Xuân Thủy – Wikipedia tiếng Việt,0.005521979150056418,235.txt,1478.0,667.0,"loài, vườn, quốc_gia, chim, biển, khu, hệ, sinh_thái, xuân_thủy, ngập","loài, xuân_thủy, chim, vườn, quốc_gia",0.0031050256805156243,0.0038301117213778617
236,https://mia.vn/cam-nang-du-lich/vuon-quoc-gia-xuan-thuy-13186,"Vườn quốc gia Xuân Thủy, khu RAMSAR độc nhất tại Nam Định",0.0,236.txt,1015.0,505.0,"vườn, quốc_gia, nam_định, khu_vực, tham_quan, xuân_thủy, chim, thiên_nhiên, hệ, vnđ","xuân_thủy, vườn, quốc_gia, nam_định, vnđ",0.002772737080348539,0.001940915956243977
237,https://vi.wikipedia.org/wiki/Khu_b%E1%BA%A3o_t%E1%BB%93n_thi%C3%AAn_nhi%C3%AAn_%C4%91%E1%BA%A5t_ng%E1%BA%ADp_n%C6%B0%E1%BB%9Bc_V%C3%A2n_Long,Khu bảo tồn thiên nhiên đất ngập nước Vân Long – Wikipedia tiếng Việt,0.0016713708704374293,237.txt,1503.0,643.0,"khu, vân_long, bảo_tồn, loài, du_lịch, núi, sinh_thái, ngập, ninh_bình, thiên_nhiên","vân_long, bảo_tồn, ngập, khu, loài",0.0024363673679356147,0.002206868418686159
238,https://www.traveloka.com/vi-vn/explore/destination/khu-bao-ton-thien-nhien-van-long/271171,Kinh nghiệm du lịch khu bảo tồn thiên nhiên Vân Long,0.0,238.txt,391.0,210.0,"ninh_bình, khu, thiên_nhiên, bảo_tồn, du_lịch, đi, vân_long, khách_sạn, long, khám_phá","ninh_bình, vân_long, bảo_tồn, long, thiên_nhiên",0.0017432802771136077,0.0012202961939795254
239,https://vi.wikipedia.org/wiki/Ph%C3%BA_Qu%E1%BB%91c,Phú Quốc – Wikipedia tiếng Việt,0.0067517393871607805,,,,,,,
240,https://vinpearl.com/vi/phu-quoc-thuoc-tinh-nao-mien-nao-noi-tieng-ve-gi,Just a moment...,0.0,,,,,,,
241,https://vi.wikipedia.org/wiki/C%C3%B4n_%C4%90%E1%BA%A3o,Côn Đảo – Wikipedia tiếng Việt,0.00903794213591847,,,,,,,
242,https://baria-vungtau.gov.vn/sphere/baria/vungtau/page/print.cpx?uuid=5a4453f05256894c8bce42c0,Trang chủ - Cổng thông tin Thành Phố Hồ Chí Minh,0.0,242.txt,2195.0,659.0,"ubnd, tp, hồ_chí, thông_tin, chỉ_đạo, minh, hồ_chí_minh, thành_phố, điều_hành, qđ","ubnd, chỉ_đạo, điều_hành, qđ, hồ_chí",0.0018775109465173714,0.00131425766256216
243,https://vi.wikipedia.org/wiki/Hang_S%C6%A1n_%C4%90o%C3%B2ng,Hang Sơn Đoòng – Wikipedia tiếng Việt,0.0026200163397605246,,,,,,,
244,https://oxalisadventure.com/vi/cave/hang-son-doong/,Just a moment...,0.0,244.txt,12.0,12.0,"oxalisadventure, com, verify, you, are, human, by, completing, the, action","you, by, the, com",0.0003817157154923798,0.0002672010008446658
245,https://vinpearl.com/vi/du-lich-hang-son-doong-quang-binh-hanh-trinh-tham-hiem-tu-nhien,Just a moment...,0.0,,,,,,,
246,https://vi.wikipedia.org/wiki/V%C6%B0%E1%BB%9Dn_qu%E1%BB%91c_gia_C%C3%BAc_Ph%C6%B0%C6%A1ng,Vườn quốc gia Cúc Phương – Wikipedia tiếng Việt,0.007586388236501418,,,,,,,
247,https://sonnmt.ninhbinh.gov.vn/tin-trong-nuoc/vuon-quoc-gia-cuc-phuong-rung-nguyen-sinh-dep-nhat-viet-nam-106.html,Vườn quốc gia Cúc Phương: Rừng nguyên sinh đẹp nhất Việt Nam,0.0,247.txt,1183.0,399.0,"dự_án, đất, quốc_gia, cúc_phương, tỉnh, ninh_bình, môi_trường, đất_đai, giấy, chứng_nhận","thứ_sáu, dự_án, cúc_phương, đất_đai, chứng_nhận",0.0021277195815831602,0.001489403707108212
248,https://vi.wikipedia.org/wiki/V%C6%B0%E1%BB%9Dn_qu%E1%BB%91c_gia_B%E1%BA%A1ch_M%C3%A3,Vườn quốc gia Bạch Mã – Wikipedia tiếng Việt,0.0035530567045051194,248.txt,449.0,247.0,"vườn, quốc_gia, bạch_mã, việt_nam, huế, thành_phố, loài, trang, liên_kết, mã","bạch_mã, vườn, quốc_gia, huế, loài",0.0022690179566762347,0.0026542295810249
249,https://vinpearl.com/vi/vuon-quoc-gia-bach-ma-hue-kinh-nghiem-tham-quan-chi-tiet-nhat,Just a moment...,0.0,,,,,,,
250,https://vi.wikipedia.org/wiki/V%C6%B0%E1%BB%9Dn_qu%E1%BB%91c_gia_C%C3%A1t_Ti%C3%AAn,Vườn quốc gia Cát Tiên – Wikipedia tiếng Việt,0.015118679679049774,,,,,,,
251,https://cattiennationalpark.com.vn/,Trang chủ - VQG Cát Tiên,0.0009157402443533247,251.txt,486.0,239.0,"cát_tiên, rừng, hệ, vqg, đa_dạng, sinh_học, loài, sinh_thái, động_vật, thông_tin","cát_tiên, vqg, rừng, hệ, sinh_học",0.0018260340799853459,0.0015529459292957393
252,https://vi.wikipedia.org/wiki/V%C6%B0%E1%BB%9Dn_qu%E1%BB%91c_gia_N%C3%BAi_Ch%C3%BAa,Vườn quốc gia Núi Chúa – Wikipedia tiếng Việt,0.004227793936521187,,,,,,,
253,https://mia.vn/cam-nang-du-lich/vuon-quoc-gia-nui-chua-khu-du-tru-sinh-quyen-moi-cua-the-gioi-7484,Vườn Quốc Gia Núi Chúa: Khu dự trữ sinh quyển mới của thế giới,0.0,253.txt,848.0,401.0,"vườn_quốc_gia, núi_chúa, loài, núi, biển, khám_phá, du_lịch, chúa, rừng, ninh_thuận","núi_chúa, vườn_quốc_gia, loài, chúa, vĩnh_hy",0.002005777191657985,0.0014040440341605894
254,https://vi.wikipedia.org/wiki/N%C3%BAi_B%C3%A0_%C4%90en,Núi Bà Đen – Wikipedia tiếng Việt,0.006769654731427157,,,,,,,
255,https://sunworld.vn/ba-den/tin-tuc/du-lich-nui-ba-den-tay-ninh,[A - Z] Trải nghiệm & kinh nghiệm du lịch núi Bà Đen Tây Ninh,0.0,,,,,,,
256,https://booking.muongthanh.com/tin-tuc/doi-che-trai-tim-moc-chau,Khám phá đồi chè trái tim Mộc Châu (Bật mí thời điểm chụp ảnh đẹp nhất)),0.0,256.txt,1434.0,493.0,"chè, đồi, mộc_châu, trái_tim, mùa, ảnh, đẹp, hoa, trải, nghiệm","chè, trái_tim, mộc_châu, đồi, nông_trường",0.0014724568277209795,0.0010307197794046856
257,https://pystravel.vn/tin/5831-doi-che-moc-chau.html?srsltid=AfmBOorklKzhX52Sx-FgXFhX4QvExLr9oCSrwN9Qw3CfpoWnuIrxdzrG,Gợi ý cho bạn Top 3 đồi chè Mộc Châu hấp dẫn nhất,0.0,257.txt,1209.0,454.0,"chè, đồi, mộc_châu, ảnh, trái_tim, pys, travel, du_lịch, đẹp, love","chè, mộc_châu, pys, đồi, trái_tim",0.0013854369001013534,0.0009698058300709473
258,https://vnexpress.net/doi-che-moc-chau-tua-tien-canh-trong-suong-som-4710347.html,Đồi chè Mộc Châu tựa tiên cảnh trong sương sớm - Báo VnExpress Du lịch,0.0009157402443533247,,,,,,,
259,https://baosonla.vn/du-lich/doi-che-moc-chau-diem-den-hap-dan-du-khach-OYJ7mRaNg.html,Đồi chè Mộc Châu - điểm đến hấp dẫn du khách,0.0,259.txt,1365.0,506.0,"chè, mộc_châu, sơn_la, chào, du_lịch, du_khách, đồi, đảng, quốc_phòng, tỉnh","chè, chào, mộc_châu, sơn_la, quốc_phòng",0.0021985908925250884,0.0015390136247675618
260,https://vi.wikipedia.org/wiki/Th%C3%A1c_B%E1%BA%A3n_Gi%E1%BB%91c,Thác Bản Giốc – Wikipedia tiếng Việt,0.0022341337513488418,,,,,,,
261,https://vietnamtourism.gov.vn/post/36540,Thác Bản Giốc - vẻ đẹp kỳ vĩ giữa non nước Cao Bằng,0.0,,,,,,,
262,https://caobangtourism.vn/vi/bangioccbg,Khu du lịch danh lam thắng cảnh Thác Bản Giốc,0.0,262.txt,598.0,177.0,"địa_điểm, chi_phí, đ, thần_tiên, trải, nghiệm, văn_hóa, bản_địa, xứ_sở, thác","đ, địa_điểm, chi_phí, oắc, đổi_thay",0.001068262332754847,0.0007477836329283929
263,https://oxalisadventure.com/vi/cave/hang-en/,Just a moment...,0.0,,,,,,,
264,https://oxalisadventure.com/vi/tour/kham-pha-hang-en/,Just a moment...,0.0,264.txt,12.0,12.0,"oxalisadventure, com, verify, you, are, human, by, completing, the, action","you, by, the, com",0.0003817157154923798,0.0002672010008446658
265,https://vi.wikipedia.org/wiki/Hang_%C3%89n,Hang Én – Wikipedia tiếng Việt,0.0026200163397605246,265.txt,507.0,342.0,"hang, trang, liên_kết, én, hang_động, việt_nam, chi, nội_dung, viết, wikipedia","hang, én, ngườm, hang_én, thẩm",0.0023387706742891276,0.0024231443739305466
266,https://dulichnewtour.vn/hang-en/,"Trekking Hang Én, hành trình khám phá thiên nhiên hoang sơ",0.0,266.txt,1424.0,589.0,"hang_én, hang, hành_trình, thiên_nhiên, khám_phá, đẹp, trekking, suối, đi, tour","hang_én, hang, trekking, hành_trình, thạch_nhũ",0.0021484284815188274,0.0015038999370631792
267,https://vi.wikipedia.org/wiki/%C4%90%E1%BB%99ng_Thi%C3%AAn_%C4%90%C6%B0%E1%BB%9Dng,Động Thiên Đường – Wikipedia tiếng Việt,0.0026200163397605246,267.txt,636.0,403.0,"động, thiên_đường, hang, phong_nha, du_lịch, cửa, km, đường, trang, liên_kết","động, thiên_đường, hang, phong_nha, ngườm",0.0023526793614870403,0.0024328804549690855
268,https://vinpearl.com/vi/kham-pha-dong-thien-duong-quang-binh-tien-canh-tran-gian,Just a moment...,0.0,,,,,,,
269,https://dongthienduong.com/,"Khu du lịch sinh thái Động Thiên Đường - Quảng Bình, Việt Nam",0.0,,,,,,,
270,https://vi.wikipedia.org/wiki/C%E1%BA%A7u_V%C3%A0ng,Cầu Vàng – Wikipedia tiếng Việt,0.0011345407341467005,270.txt,593.0,360.0,"cầu, vàng, world, đà_nẵng, kiến_trúc, s, m, việt_nam, thế_giới, a","cầu, giải_thưởng, world, vàng, s",0.0024567503058540176,0.0020600874343418224
271,https://www.pullman-danang.com/vi/kham-pha/kham-pha/cay-cau-vang-tren-dinh-ba-na-hills-da-nang/,Cầu Vàng Bà Nà Hill – Biểu Tượng Du Lịch Đà Nẵng,0.0,271.txt,1171.0,489.0,"cầu, đà_nẵng, cookie, to, nà, consent, used, and, vàng, is","used, tripadvisor, cookie, for, pullman",0.0020498790817307486,0.001434915357211524
272,https://sunworld.vn/banahills/tin-tuc/https-banahills-sunworld-vn-tin-tuc-cach-di-cau-vang-da-nanghtml,Sun World,0.0,272.txt,469.0,202.0,"khám_phá, du_lịch, world, sun, nền_tảng, visit, of, vietnam, doanh_nghiệp, việt_nam","world, sun, nền_tảng, khám_phá, vietnam",0.0016809997889197968,0.0011766998522438578
273,https://vi.wikipedia.org/wiki/H%E1%BB%93_Tuy%E1%BB%81n_L%C3%A2m,Hồ Tuyền Lâm – Wikipedia tiếng Việt,0.007850061675413304,,,,,,,
274,https://vinpearl.com/vi/ho-tuyen-lam-da-lat,Just a moment...,0.0,,,,,,,
275,https://www.klook.com/vi/blog/ho-tuyen-lam-da-lat/,Hồ Tuyền Lâm Ở Đâu? Kinh Nghiệm Đi Hồ Tuyền Lâm Ở Đà Lạt - Klook Blog,0.0,275.txt,1501.0,647.0,"đà_lạt, hồ, tuyền_lâm, thành_phố, du_lịch, địa_chỉ, tỉnh, đi, phường, lâm_đồng","đà_lạt, tuyền_lâm, hồ, lâm_đồng, th12",0.001992263361977596,0.0013945843533843172
276,https://mia.vn/cam-nang-du-lich/bien-cua-dai-hoi-an-an-tuong-mot-trong-25-bai-bien-dep-nhat-chau-a-222,Biển Cửa Đại Hội An - Ấn tượng một trong 25 bãi biển đẹp nhất Châu Á,0.0009157402443533247,276.txt,827.0,415.0,"biển, cửa, đẹp, đại, xe, hội_an, đi, taxi, bãi, mia","biển, cửa, mia, đại, taxi",0.002632143911893117,0.002117222811631179
277,https://vinwonders.com/vi/wonderpedia/news/bien-cua-dai-kinh-nghiem-kham-pha-thien-duong-bien-hoi-an/,Biển Cửa Đại - Kinh nghiệm khám phá thiên đường biển Hội An,0.0016941218194395742,,,,,,,
278,https://www.bachhoaxanh.com/kinh-nghiem-hay/kinh-nghiem-du-lich-bien-cua-dai-hoi-an-tu-a-z-cho-chuyen-di-tron-niem-vui-1368589,Kinh nghiệm du lịch biển Cửa Đại Hội An từ A-Z cho chuyến đi trọn niềm vui,0.0,278.txt,275.0,112.0,"cửa, biển, đại, du_lịch, mua, địa_điểm, hội_an, đại_hội_an, xanh, đi","cửa, đại, đại_hội_an, biển, mua",0.0011741276581605465,0.0008218893607123825
279,https://vi.wikipedia.org/wiki/B%C3%A3i_bi%E1%BB%83n_M%E1%BB%B9_Kh%C3%AA,Bãi biển Mỹ Khê – Wikipedia tiếng Việt,0.0016941218194395742,,,,,,,
280,https://vinwonders.com/vi/wonderpedia/news/bai-bien-my-khe-da-nang-review-chi-tiet-an-o-vui-choi-di-lai/,Bãi biển Mỹ Khê Đà Nẵng - Điểm du lịch HOT cho mùa hè 2026,0.0,280.txt,1767.0,525.0,"biển, vinwonders, đà_nẵng, mỹ_khê, phú_quốc, bãi, grand, safari, vinpearl, du_lịch","vinwonders, mỹ_khê, biển, đà_nẵng, phú_quốc",0.0019526263156343668,0.0013668384209440567
281,https://mia.vn/cam-nang-du-lich/bai-bien-my-khe-da-nang-lang-nguoi-ngam-nhin-1-trong-6-bai-bien-dep-nhat-hanh-tinh-1777,"Đến biển Mỹ Khê Đà Nẵng, lặng người ngắm nhìn 1 trong 6 bãi biển đẹp nhất hành tinh",0.0016941218194395742,281.txt,847.0,423.0,"biển, đà_nẵng, bãi, mỹ_khê, bãi_tắm, du_khách, món, đẹp, bờ, đi","mỹ_khê, đà_nẵng, biển, bãi, bãi_tắm",0.002125352695961011,0.00199598343300458
282,https://vi.wikipedia.org/wiki/Cù_lao_Chàm,Cù lao Chàm – Wikipedia tiếng Việt,0.0009157402443533247,,,,,,,
283,https://vietnamtourism.gov.vn/post/34413,Khám phá vẻ đẹp đảo xanh Cù Lao Chàm,0.0,283.txt,440.0,240.0,"thống_kê, đảo, cù_lao_chàm, văn_bản, thủ_tục, cơ_sở, lưu_trú, du_lịch, du_khách, lịch_sử","cù_lao_chàm, thống_kê, thủ_tục, lệ_phí, nộp",0.002060169451529588,0.0014421186160707116
284,https://www.klook.com/vi/blog/cu-lao-cham/,Kinh Nghiệm Du Lịch Cù Lao Chàm Nổi Tiếng Ở Hội An - Klook Blog,0.0,284.txt,1749.0,736.0,"hội_an, cù_lao_chàm, du_lịch, huế, khám_phá, đi, vé, nghiệm, quảng_nam, trải","cù_lao_chàm, hội_an, huế, chàm, du_lịch",0.0024598330110224193,0.0017218831077156934
285,https://vi.wikipedia.org/wiki/S%C6%A1n_Tr%C3%A0,Sơn Trà – Wikipedia tiếng Việt,0.006982778618573129,,,,,,,
286,https://hoabinhtourist.com/cam-nang-du-lich/ban-dao-son-tra,Kinh nghiệm du lịch bán đảo sơn trà Đà Nẵng chi tiết A - Z,0.0,286.txt,1229.0,441.0,"sơn_trà, biển, du_lịch, bán_đảo, đà_nẵng, bãi, tour, khám_phá, du_khách, đẹp","sơn_trà, bán_đảo, hoabinh, biển, đà_nẵng",0.001876507786281461,0.0013135554503970227
287,https://vinpearl.com/vi/du-lich-ban-dao-son-tra-di-dau-an-gi-o-dau-chi-tiet-nhat,Just a moment...,0.0,,,,,,,
288,https://vi.wikipedia.org/wiki/Ng%C5%A9_H%C3%A0nh_S%C6%A1n,Ngũ Hành Sơn – Wikipedia tiếng Việt,0.007136026941733589,288.txt,2618.0,1110.0,"núi, chùa, kdt, đá, ngũ_hành_sơn, di_tích, đền, đà_nẵng, đình, đường","kdt, ngũ_hành_sơn, núi, chùa, thủy_sơn",0.0038424321776766145,0.004830510606893707
289,https://www.traveloka.com/vi-vn/explore/destination/ngu-hanh-son-da-nang/147506,Ngũ Hành Sơn Đà Nẵng: Kinh nghiệm du lịch chi tiết năm 2025,0.0,289.txt,2023.0,845.0,"đà_nẵng, ngũ_hành_sơn, vnd, chùa, đi, khách_sạn, du_lịch, núi, traveloka, tham_quan","ngũ_hành_sơn, đà_nẵng, vnd, traveloka, da_nang",0.002620972129857566,0.001834680490900296
290,https://vinpearl.com/vi/ngu-hanh-son-da-nang-nam-thien-danh-thang-tru-danh,Just a moment...,0.0,,,,,,,
291,https://vi.wikipedia.org/wiki/G%C3%A0nh_%C4%90%C3%A1_%C4%90%C4%A9a,Gành Đá Đĩa – Wikipedia tiếng Việt,0.005140920526697792,291.txt,1246.0,579.0,"kdt, chùa, di_tích, đá, đình, đền, gành, đá_đĩa, thành, quốc_gia","kdt, gành, đá_đĩa, chùa, đình",0.0028046673530276764,0.003505543305128711
292,https://mia.vn/cam-nang-du-lich/review-ghenh-da-dia-phu-yen-va-nhung-trai-nghiem-thu-vi-2778,Review Gành Đá Đĩa Phú Yên và những trải nghiệm thú vị,0.0,292.txt,777.0,388.0,"gành, đá_đĩa, đá, phú_yên, du_khách, đi, đẹp, tham_quan, biển, ghềnh","gành, đá_đĩa, phú_yên, đá, ghềnh",0.0018912235173600526,0.0013238564621520367
293,https://vinpearl.com/vi/ganh-da-dia-phu-yen,Just a moment...,0.0,,,,,,,
294,https://www.xanhsm.com/news/khu-du-lich-suoi-khoang-kim-boi-hoa-binh,Kinh nghiệm vui chơi tại khu du lịch suối khoáng Kim Bôi từ A đến Z | Xanh SM,0.0,294.txt,1181.0,465.0,"kim_bôi, khu, du_lịch, suối_khoáng, nóng, trải, nghiệm, ảnh, giúp, nghỉ_dưỡng","kim_bôi, suối_khoáng, nước_khoáng, nóng, internet",0.0018517522896455778,0.0012962266027519043
295,https://maichauhideaway.com/suoi-nuoc-nong-kim-boi,Kinh nghiệm du lịch suối nước nóng Kim Bôi Hòa Bình chi tiết,0.0,295.txt,1312.0,495.0,"nóng, suối, du_lịch, kim_bôi, khu, đi, tắm, kim_bôi_hòa_bình, du_khách, dịch_vụ","kim_bôi, nóng, kim_bôi_hòa_bình, suối, tắm_suối_khoáng",0.001862122068945289,0.0013034854482617023
297,https://vi.wikipedia.org/wiki/%C4%90%E1%BB%8Ba_%C4%91%E1%BA%A1o_C%E1%BB%A7_Chi,Địa đạo Củ Chi – Wikipedia tiếng Việt,0.005478751383654719,297.txt,2888.0,1071.0,"địa_đạo, chùa, thành_phố, kdt, củ_chi, di_tích, khu, đền, công_viên, nhà_thờ","địa_đạo, kdt, củ_chi, chùa, công_viên",0.0031725536360853106,0.0038644129603561325
298,https://www.klook.com/vi/blog/dia-dao-cu-chi/,"Kinh Nghiệm Đi Địa Đạo Củ Chi, Di Tích Nổi Tiếng Ở Sài Gòn - Klook Blog",0.0009157402443533247,298.txt,1425.0,601.0,"địa_đạo, củ_chi, thành_phố, hồ_chí_minh, đi, vé, hồ_chí, minh, tour, tham_quan","địa_đạo, củ_chi, hồ_chí_minh, thành_phố, th12",0.001987975744699846,0.0016663050945958894
299,https://vi.wikipedia.org/wiki/Th%C3%A1p_Po_Klong_Garai,Tháp Po Klong Garai – Wikipedia tiếng Việt,0.005140920526697793,299.txt,1446.0,646.0,"kdt, chùa, di_tích, klong, đền, garai, po, đình, tháp, vua","kdt, garai, po, klong, đình",0.0025924177594154867,0.0033569685896001787
300,https://mia.vn/cam-nang-du-lich/thap-po-klong-garai-bieu-tuong-tam-linh-dac-sac-cua-nen-van-hoa-cham-pa-7478,"Tháp Po Klong Garai, biểu tượng đặc sắc của văn hoá Chăm Pa",0.0,300.txt,845.0,447.0,"tháp_po, klong, garai, ninh_thuận, đẹp, tháp, chăm, lễ_hội, chăm_pa, độc_đáo","garai, tháp_po, klong, ninh_thuận, chăm",0.001883540158052373,0.001318478110636661
301,https://vi.wikipedia.org/wiki/Ch%C3%B9a_B%E1%BB%95_%C4%90%C3%A0,Chùa Bổ Đà – Wikipedia tiếng Việt,0.0054732790865687385,301.txt,3930.0,1469.0,"chùa, bổ, đà, kinh, di_tích, việt_nam, phật, kdt, đền, truy_cập","chùa, bổ, đà, kdt, kinh",0.003028985432166185,0.0037622735284869513
302,https://bacgiang.gov.vn/chi-tiet-tin-tuc/-/asset_publisher/St1DaeZNsp94/content/chua-bo-a-danh-lam-co-tu-noi-tieng-vung-kinh-bac,Cổng thông tin điện tử tỉnh Bắc Giang,0.0,302.txt,818.0,449.0,"chùa, bổ, tỉnh, bắc_giang, a, công, trực_tuyến, đà, đá, dịch_vụ","bổ, chùa, trực_tuyến, bắc_giang, vườn_tháp",0.002400746271754311,0.0016805223902280175
303,https://vnexpress.net/hai-ngoi-chua-co-o-bac-ninh-duoc-unesco-vinh-danh-di-san-4915507.html,Hai ngôi chùa cổ ở Bắc Ninh được UNESCO vinh danh di sản - Báo VnExpress,0.0,303.txt,1758.0,590.0,"mặc_định, chùa, vĩnh_nghiêm, mộc_bản, bổ, thế_kỷ, thế_giới, văn_hóa, di_sản, sống","mặc_định, vĩnh_nghiêm, chùa, mộc_bản, bổ",0.0013313601967581317,0.0009319521377306921
304,https://mia.vn/cam-nang-du-lich/hoi-quan-phuc-kien-hoi-an-di-san-van-hoa-dep-nhat-nhi-do-thi-co-232,Hội quán Phúc Kiến Hội An - Di sản văn hóa đẹp nhất nhì đô thị cổ,0.0016941218194395742,304.txt,651.0,319.0,"hội, quán, phúc, hội_an, kiến, cổng, mia, larita, cổ, vị","phúc, kiến, hội, quán, hội_an",0.0015254547165525264,0.0015760548474186408
305,https://vinpearl.com/vi/cam-nang-kham-pha-hoi-quan-phuc-kien-hoi-an-tu-a-z-khong-nen-bo-lo,Just a moment...,0.0,,,,,,,
306,https://tripmap.vn/news/nhung-diem-den-du-lich-hap-dan-o-dong-van-noi-cao-nguyen-da-dai-ngan/,"Những điểm đến du lịch hấp dẫn ở Đồng Văn nơi ""Cao nguyên đá đại ngàn"" - Tỉnh Hà Giang - TRIPMAP",0.0,306.txt,1489.0,948.0,"du_lịch, the, tripmap, đá, and, hà_giang, cổ, đồng_văn, of, tiếng","tripmap, the, đồng_văn, du_lịch, and",0.002335304235797311,0.0016347129650581178
307,https://laodong.vn/du-lich/kham-pha/3-ngoi-lang-co-nep-minh-giua-long-cao-nguyen-da-ha-giang-1490900.html,3 ngôi làng cổ nép mình giữa lòng cao nguyên đá Hà Giang,0.0,307.txt,662.0,380.0,"làng, đá, đẹp, cổ, hà_giang, cổ_kính, tường, du_lịch, lô, cao_nguyên","làng, lô, đồng_văn, lô_chải, hà_giang",0.0025165949874459033,0.001761616491212132
308,https://vi.wikipedia.org/wiki/Ru%E1%BB%99ng_b%E1%BA%ADc_thang_M%C3%B9_Cang_Ch%E1%BA%A3i,Ruộng bậc thang Mù Cang Chải – Wikipedia tiếng Việt,0.005154557283949626,308.txt,1570.0,715.0,"ruộng, kdt, bậc_thang, chùa, mù_cang_chải, di_tích, đình, đền, mùa, danh_thắng","kdt, ruộng, bậc_thang, mù_cang_chải, chùa",0.0029765632342535126,0.0036299614491623463
309,https://vietnamtourism.gov.vn/post/33899,Ruộng bậc thang Mù Cang Chải – bức tranh kiệt tác của con người và thiên nhiên,0.0011591567511766462,309.txt,458.0,247.0,"ruộng, mùa, thống_kê, bậc_thang, mù_cang_chải, đẹp, văn_bản, thủ_tục, cơ_sở, tổ_chức","ruộng, thống_kê, bậc_thang, mù_cang_chải, thủ_tục",0.002039314727021328,0.0017752673342679233
310,https://vi.wikipedia.org/wiki/Th%C3%A0nh_nh%C3%A0_H%E1%BB%93,Thành nhà Hồ – Wikipedia tiếng Việt,0.011388801781788459,,,,,,,
311,https://vinpearl.com/vi/thanh-nha-ho-di-tich-lich-su-dia-diem-du-lich-noi-tieng-bac-nhat-xu-thanh,Just a moment...,0.0,,,,,,,
312,"https://vi.wikipedia.org/wiki/Qu%E1%BA%A7n_th%E1%BB%83_di_t%C3%ADch_v%C3%A0_danh_th%E1%BA%AFng_Y%C3%AAn_T%E1%BB%AD_%E2%80%93_V%C4%A9nh_Nghi%C3%AAm_%E2%80%93_C%C3%B4n_S%C6%A1n,_Ki%E1%BA%BFp_B%E1%BA%A1c","Quần thể di tích và danh thắng Yên Tử – Vĩnh Nghiêm – Côn Sơn, Kiếp Bạc – Wikipedia tiếng Việt",0.003694954359821418,312.txt,1097.0,433.0,"yên_tử, quần_thể, di_tích, danh_thắng, di_sản, thế_giới, côn_sơn, khu_di_tích, vĩnh_nghiêm, kiếp_bạc","yên_tử, côn_sơn, vĩnh_nghiêm, quần_thể, danh_thắng",0.0017261252353501448,0.0023167739726915266
313,https://vi.wikipedia.org/wiki/Khu_di_t%C3%ADch_l%E1%BB%8Bch_s%E1%BB%AD_v%C3%A0_danh_th%E1%BA%AFng_Y%C3%AAn_T%E1%BB%AD,Khu di tích lịch sử và danh thắng Yên Tử – Wikipedia tiếng Việt,0.005610687365293867,313.txt,1765.0,737.0,"chùa, kdt, di_tích, đền, đình, yên_tử, quảng_ninh, quốc_gia, danh_thắng, hồ","kdt, chùa, yên_tử, di_tích, đình",0.0034945403829169767,0.004129384477630044
314,https://thanhnienviet.vn/nha-tho-duc-ba-diem-du-lich-khong-the-bo-qua-khi-den-sai-gon-209243107200046459.htm,Nhà thờ Đức Bà – điểm du lịch không thể bỏ qua khi đến Sài Gòn,0.0,314.txt,685.0,443.0,"nhà_thờ, đức_bà, tp, hcm, sài_gòn, công_trình, chuông, kiến_trúc, tòa, chiều","đức_bà, nhà_thờ, chuông, sài_gòn, thánh_đường",0.0019048351725394503,0.001333384620777615
315,https://vinpearl.com/vi/nha-tho-duc-ba-diem-du-lich-phai-check-in-khi-den-sai-gon,Just a moment...,0.0,,,,,,,
316,https://mia.vn/cam-nang-du-lich/dinh-doc-lap-12428,"Kinh nghiệm tham quan Dinh Độc Lập, biểu tượng của thống nhất và hòa bình",0.0009157402443533247,316.txt,1023.0,494.0,"dinh, độc_lập, khu, ảnh, tham_quan, xây_dựng, phòng, kiến_trúc_sư, chữ, lịch_sử","dinh, độc_lập, kiến_trúc_sư, tổng_thống, thụ",0.0018608776213176429,0.0015773364082283473
317,https://www.traveloka.com/vi-vn/explore/destination/dinh-doc-lap-acc/196891,"Dinh Độc Lập: Giá vé, giờ mở cửa, kiến trúc và lịch sử",0.0,317.txt,1855.0,672.0,"dinh, độc_lập, vnd, tham_quan, lịch_sử, khách_sạn, sài_gòn, phút, du_khách, kiến_trúc","dinh, độc_lập, vnd, bến_thành, tham_quan",0.002024085752802806,0.001416860026961964
318,https://mia.vn/cam-nang-du-lich/kham-pha-cho-ben-thanh-12521,"Khám phá chợ Bến Thành, biểu tượng lâu đời của văn hóa Sài Gòn",0.013886996486219383,318.txt,1467.0,603.0,"chợ, bến_thành, quán, chè, giá, thành_phố, món, đường, ảnh, nằm","bến_thành, chợ, chợ_bến_thành, chè, quán",0.0019028347309118817,0.005498083257504132
319,https://vinwonders.com/vi/wonderpedia/news/cho-ben-thanh-sai-gon/,"Chợ Bến Thành: Địa chỉ, giờ hoạt động & kinh nghiệm đi",0.0016941218194395742,319.txt,2463.0,762.0,"chợ, vinwonders, sài_gòn, bến_thành, phú_quốc, grand, công_viên, park, khu, du_khách","bến_thành, chợ, vinwonders, grand, sài_gòn",0.0023643625799134238,0.002163290351771269
320,https://kichcaudulichtphcm.vn/ben-nha-rong/,Kinh nghiệm tham quan Bến Nhà Rồng nơi in dấu chân Bác,0.0,320.txt,1632.0,595.0,"tour, bến, nhà_rồng, đêm, sài_gòn, du_lịch, cần_thơ, cảng, đi, miền","nhà_rồng, bến, tour, mỹ_tho, cảng",0.0017673174832129833,0.0012371222382490882
321,https://mia.vn/cam-nang-du-lich/ben-nha-rong-13077,"Thưởng lãm Bến Nhà Rồng, vùng ký ức rạng ngời của lịch sử dân tộc",0.0009157402443533247,321.txt,617.0,314.0,"nhà_rồng, bến, du_lịch, thành_phố, hồ_chí_minh, bảo_tàng, lịch_sử, di_tích, tham_quan, mia","nhà_rồng, bến, larita, bảo_tàng, mia",0.0013957095855431957,0.0012517187831862344
322,https://hoabinhtourist.com/cam-nang-du-lich/chiem-nguong-ve-dep-hiem-co-o-thac-mo-binh-phuoc,Chiêm ngưỡng vẻ đẹp hiếm có ở Thác Mơ Bình Phước - HoaBinhTourist,0.0,322.txt,685.0,361.0,"du_lịch, tour, khởi_hành, đẹp, trải, núi, du_khách, nghiệm, cá, hồ","khởi_hành, bà_rá, nội_địa, hoabinh, đồn_điền",0.0026528699703506024,0.0018570089792454216
323,https://52hz.vn/thac-mo-binh-phuoc/,Thác Mơ Bình Phước: Khám phá vẻ đẹp hiếm có khó tìm,0.0,323.txt,858.0,368.0,"thác_mơ, bình_phước, hồ, đi, tour, núi, trekking, trải, du_lịch, đường","thác_mơ, bình_phước, 52hz, trekking, hồ",0.0017683577506929149,0.0012378504254850404
324,https://mia.vn/cam-nang-du-lich/chiem-nguong-vuon-quoc-gia-u-minh-ha-ve-dep-thien-nhien-tru-phu-10130,"Chiêm ngưỡng Vườn quốc gia U Minh Hạ, vẻ đẹp thiên nhiên trù phú",0.006104242741099747,324.txt,838.0,431.0,"vườn, quốc_gia, u_minh_hạ, rừng, cà_mau, loài, du_lịch, mùa, khám_phá, đi","u_minh_hạ, vườn, quốc_gia, cà_mau, loài",0.0018964118341193964,0.003158761106213501
325,https://www.traveloka.com/vi-vn/explore/destination/kinh-nghiem-du-lich-u-minh-ha/165556,Kinh nghiệm du lịch U Minh Hạ chi tiết cho chuyến đi “nhàn tênh”,0.0,325.txt,939.0,441.0,"u_minh_hạ, rừng, du_lịch, cà_mau, khám_phá, đi, vườn_quốc_gia, cá, lươn, món","u_minh_hạ, lươn, rừng, cà_mau, vườn_quốc_gia",0.001512847425313249,0.0010589931977192742
326,https://mia.vn/cam-nang-du-lich/kinh-nghiem-du-lich-nui-ba-ra-cho-cac-doi-chan-nghien-xe-dich-7090,Kinh nghiệm du lịch núi Bà Rá cho các đôi chân nghiện xê dịch,0.0,326.txt,820.0,423.0,"núi, bà_rá, du_lịch, đi, kinh_nghiệm, miếu, bình_phước, mia, rừng, leo","bà_rá, núi, kinh_nghiệm, larita, miếu",0.0016749248132566373,0.001172447369279646
327,https://dulichchaovietnam.com/kham-pha-nui-ba-ra-ngon-nui-cao-nhat-binh-phuoc.html,Khám phá núi Bà Rá – Ngọn núi cao nhất Bình Phước,0.0,327.txt,673.0,320.0,"du_lịch, núi, tour, miền, bà_rá, liên_tuyến, hồ, làng_nghề, truyền_thống, hà_nội","du_lịch, bà_rá, núi, phi_du_lịch, quan_lạn",0.0016571520595290658,0.001160006441670346
328,https://dulichthuduc.com.vn/thac-dung-diem-den-hap-dan-o-binh-phuoc-khong-the-bo-qua.html,Thác Đứng – Điểm Đến Hấp Dẫn Ở Bình Phước Không Thể Bỏ Qua,0.0,328.txt,970.0,328.0,"du_lịch, tour, châu, thác, miền, nước_ngoài, vé, bắc, đá, âu","du_lịch, tour, châu, phú_yên_nha_trang, khánh_hòa_bình_hưng",0.002438060805918423,0.001706642564142896
329,https://luhanhvietnam.com.vn/du-lich/kham-pha-ve-dep-thac-dung-binh-phuoc.html,Đẹp hút hồn cảnh sắc thiên nhiên thác Đứng Bình Phước,0.0,329.txt,699.0,384.0,"thác, đứng, đẹp, du_lịch, mùa, bù_đăng, bình_phước, tour, nét, đi","thác, đứng, bù_đăng, bình_phước, đẹp",0.00216734955828188,0.001517144690797316
330,https://www.bestprice.vn/blog/diem-den-8/khu-du-lich-suoi-mo-776.html?srsltid=AfmBOoq7eQlj2uSNCfIlsHTeza5-vNICsn1U6cSe0JYfpFUzE5e9zaSo,Khu du lịch Suối Mơ - địa điểm dã ngoại thú vị cuối tuần - BestPrice,0.0,330.txt,623.0,287.0,"du_lịch, suối, khu, vé, bestprice, tour, mơ, triệu, hoa, mã","bestprice, mơ, quý_khách, suối, du_lịch",0.001810064582958197,0.0012670452080707378
331,https://dulichthuduc.com.vn/khu-du-lich-suoi-mo-dong-nai-diem-den-ly-tuong-vao-dip-cuoi-tuan.html,Khu du lịch Suối Mơ Đồng Nai – Điểm đến lý tưởng vào dịp cuối tuần,0.0,331.txt,1554.0,504.0,"du_lịch, suối, khu, tour, mơ, châu, đồng_nai, đi, miền, vé","mơ, du_lịch, suối, tour, đồng_nai",0.0026683906332480175,0.0018678734432736122
332,https://vinpearl.com/vi/toa-thanh-tay-ninh-cong-trinh-kien-truc-ton-giao-noi-tieng-the-gioi,Just a moment...,0.0,,,,,,,
333,https://dulich3mien.vn/tay-ninh/toa-thanh-tay-ninh/,Khám phá Tòa Thánh Tây Ninh | Công trình quan trọng của đạo Cao Đài,0.0,333.txt,1774.0,716.0,"du_lịch, tây_ninh, ẩm_thực, tòa_thánh, đạo, miền, kiến_trúc, hà_nội, du_khách, đà_nẵng","du_lịch, tòa_thánh, tây_ninh, đạo, đền_thánh",0.00234530294523042,0.001641712061661294
334,https://thanhlamhotspring.com/du-lich-rung-tram-tra-su/,Rừng tràm Trà Sư - hệ sinh thái ngập nước vô cùng phong phú,0.0,334.txt,527.0,247.0,"rừng, tràm, trà_sư, du_lịch, khu, loài, thực_vật, đa_dạng, hệ, động","trà_sư, tràm, rừng, thực_vật, loài",0.001530549539426013,0.001071384677598209
335,https://bookingtour.vn/blog/kham-pha-rung-tram-tra-su-an-giang.html,Khám phá rừng tràm Trà Sư – An Giang.,0.0,335.txt,699.0,252.0,"trà_sư, rừng, tràm, loài, chim, tour, khám_phá, đẹp, du_khách, động_vật","trà_sư, tràm, rừng, 000đ, loài",0.0015065123736207804,0.0010545586615345463
336,https://vinpearl.com/vi/thung-lung-tinh-yeu,Just a moment...,0.0,,,,,,,
337,https://mia.vn/cam-nang-du-lich/thung-lung-tinh-yeu-co-gi-18817,Thung Lũng Tình Yêu: Điểm đến lãng mạn và đầy trải nghiệm,0.0,337.txt,974.0,482.0,"tình_yêu, thung_lũng, đà_lạt, hoa, đẹp, khu, trải, nghiệm, hồ, ảnh","tình_yêu, thung_lũng, đà_lạt, larita, hoa",0.0025107916895583345,0.001757554182690834
338,https://danhnamtravel.vn/tin-du-lich/du-lich-thanh-co-quang-tri-kham-pha-di-san-lich-su-van-hoa-viet-nam,Du lịch Thành Cổ Quảng Trị - Khám phá di sản lịch sử văn hóa Việt Nam,0.0,338.txt,1048.0,242.0,"du_lịch, tour, kinh_nghiệm, cẩm_nang, hà_giang, danh_nam, tô, nam, lịch, khởi_hành","du_lịch, tour, kinh_nghiệm, tà_xùa, cẩm_nang",0.0013571420305664261,0.0009499994213964982
339,https://www.ivivu.com/blog/2023/05/thanh-co-quang-tri-diem-den-linh-thieng-luu-giu-ky-uc-hao-hung-qua-81-ngay-dem/,Thành cổ Quảng Trị - Điểm đến linh thiêng lưu giữ ký ức hào hùng qua 81 ngày đêm - iVIVU.com,0.0,339.txt,1019.0,398.0,"du_lịch, khách_sạn, thành, cổ, quảng_trị, đà_lạt, ivivu, cẩm_nang, hà_nội, vũng_tàu","du_lịch, khách_sạn, ivivu, quảng_trị, thành",0.0020625963288754883,0.0014438174302128417
340,https://vinwonders.com/vi/wonderpedia/news/bien-quy-nhon/,"Biển Quy Nhơn - 13 bãi biển đẹp lụi tim, đốn tim du khách",0.0,340.txt,2697.0,695.0,"vinwonders, biển, phú_quốc, quy_nhơn, vé, bãi, vinpearl, grand, nha_trang, safari","vinwonders, quy_nhơn, vinpearl, biển, grand",0.002099376838054357,0.0014695637866380497
341,https://52hz.vn/bai-bien-quy-nhon/,"Top 6 Bãi Biển Quy Nhơn Đẹp ""Ngất Ngây"" Không Thể Bỏ Qua",0.0,341.txt,1265.0,495.0,"biển, quy_nhơn, bãi, đẹp, bình_định, thành_phố, du_lịch, xanh, tour, trải","quy_nhơn, biển, bãi, bình_định, 52hz",0.0019099404613964937,0.0013369583229775454
342,https://vinwonders.com/vi/wonderpedia/news/kinh-nghiem-di-bien-ca-na/,"Biển Cà Ná - Cẩm nang di chuyển, ăn chơi hữu ích 2026",0.0,342.txt,3802.0,808.0,"vinwonders, vé, phú_quốc, cà_ná, biển, vinpearl, cửa, grand, combo, safari","vinwonders, cà_ná, vinpearl, grand, vé",0.0021127933318486644,0.001478955332294065
343,https://www.traveloka.com/vi-vn/explore/destination/bien-ca-na-acc/237534,Biển Cà Ná: Bãi biển đẹp nên thơ của Phan Rang,0.0,343.txt,964.0,389.0,"biển, cà_ná, du_lịch, di_chuyển, đẹp, phan_rang, ninh_thuận, địa_điểm, đi, resort","cà_ná, biển, phan_rang, ninh_thuận, di_chuyển",0.0011655903775847402,0.0008159132643093181
344,https://www.ivivu.com/blog/2023/09/lang-gom-bau-truc-mot-trong-nhung-lang-gom-co-xua-nhat-dong-nam-a-tai-ninh-thuan/,Làng gốm Bàu Trúc – Một trong những làng gốm cổ xưa nhất Đông Nam Á tại Ninh Thuận - iVIVU.com,0.0,344.txt,1048.0,403.0,"du_lịch, khách_sạn, gốm, làng, bàu_trúc, đà_lạt, ivivu, hà_nội, vũng_tàu, cẩm_nang","du_lịch, gốm, bàu_trúc, khách_sạn, ivivu",0.0018937073690406892,0.0013255951583284824
345,https://www.traveloka.com/vi-vn/explore/destination/lang-gom-bau-truc/249295,"Làng gốm Bàu Trúc Ninh Thuận - Đất ""nở hoa"" từ bàn tay nghệ nhân",0.0,345.txt,727.0,351.0,"gốm, làng, bàu_trúc, sản_phẩm, du_khách, du_lịch, ninh_thuận, sưu_tầm, nét, nung","gốm, bàu_trúc, làng, sản_phẩm, sưu_tầm",0.0013224122664227845,0.0009256885864959491
346,https://www.traveloka.com/vi-vn/explore/destination/gns-thac-tac-tinh-lai-chau/324326,"Chinh phục thác Tác Tình, Lai Châu - Chốn bình yên xanh",0.0,346.txt,760.0,385.0,"thác, tình, tác, lai_châu, traveloka, dòng_chảy, đẹp, nàng, đi, dòng","tình, thác, tác, dòng_chảy, traveloka",0.0016716535289544368,0.0011701574702681057
347,https://ticotravel.com.vn/thac-tac-tinh/,Thác Tác Tình - Bản tình ca mãnh liệt giữa núi rừng Tây Bắc,0.0,347.txt,2806.0,722.0,"du_lịch, khách_sạn, resort, villa, thác, miền, tác, homestay, đà_lạt, tình","resort, du_lịch, khách_sạn, villa, tác",0.0021878704560820647,0.0015315093192574453
348,https://mia.vn/cam-nang-du-lich/co-do-hoa-lu-dau-an-vang-son-cua-mot-thoi-dan-toc-oai-hung-3001,Cố đô Hoa Lư - Dấu ấn vàng son của một thời dân tộc oai hùng,0.006104242741099747,348.txt,979.0,477.0,"đền, cố_đô, hoa_lư, vua, thờ, chùa, công_trình, đô, thời, hang","hoa_lư, cố_đô, đền, vua, thờ",0.0021751011438952547,0.003353843623056602
349,https://dulich3mien.vn/ninh-binh/co-do-hoa-lu/,Giới thiệu về cố đô Hoa Lư với một thời huy hoàng kinh đô Tổ quốc,0.0,349.txt,1951.0,737.0,"du_lịch, vua, hoa_lư, cố_đô, thờ, ẩm_thực, đền, miền, hà_nội, đinh","du_lịch, hoa_lư, vua, cố_đô, đinh",0.002514484290267372,0.0017601390031871604
350,https://dulichnewtour.vn/chua-huong-ha-noi,Kinh nghiệm tham quan chùa Hương Hà Nội chi tiết nhất,0.0,350.txt,1486.0,571.0,"chùa, hương, hà_nội, du_khách, lễ_hội, tour, động, tham_quan, quần_thể, âm_lịch","chùa, hương, hà_nội, hương_tích, lễ_hội",0.0021467443606627214,0.0015027210524639048
351,https://vinpearl.com/vi/chua-huong-ha-noi,Just a moment...,0.0,,,,,,,
352,https://vinpearl.com/vi/vinh-lang-co-hue-kham-pha-mot-trong-nhung-vinh-bien-dep-nhat-the-gioi,Just a moment...,0.0,,,,,,,
353,https://www.traveloka.com/vi-vn/explore/tips/kinh-nghiem-du-lich-lang-co/168387,Kinh nghiệm du lịch Lăng Cô cực kỳ hữu ích,0.0,353.txt,1219.0,548.0,"lăng_cô, vnd, huế, du_lịch, vịnh, biển, vé, đi, đẹp, giá","lăng_cô, vnd, huế, vịnh, hue",0.0019486012772615097,0.0013640208940830566
354,https://vinpearl.com/vi/song-huong-hue-kham-pha-ve-dep-tho-mong-vung-dat-kinh-ky,Just a moment...,0.0,,,,,,,
355,https://www.vietravel.com/vn/am-thuc-kham-pha/du-lich-song-huong-hue-v16167.aspx,"Du lịch sông Hương, Huế - Bản giao hòa thiên nhiên và văn hóa vùng đất kinh kỳ",0.0,355.txt,588.0,267.0,"du_lịch, sông, hương, khách_hàng, báo_cáo, huế, nước_ngoài, chăm_sóc, vietravel, mùa","báo_cáo, vietravel, du_lịch, chăm_sóc, khách_hàng",0.0017833194792264296,0.0012483236354585007
356,https://vinwonders.com/vi/wonderpedia/news/lang-co-duong-lam/,Làng cổ Đường Lâm - Kinh nghiệm tham quan 2026 A-Z,0.0,356.txt,2593.0,813.0,"làng, cổ, đường, vinwonders, lâm, hà_nội, phú_quốc, vé, grand, vinpearl","vinwonders, lâm, làng, cổ, đường",0.0022033554156670973,0.001542348790966968
357,https://luhanhvietnam.com.vn/du-lich/lang-co-duong-lam-ha-noi.html,Đến làng cổ Đường Lâm lạc vào cổ trấn bình yên ngay sát Hà Nội,0.0,357.txt,929.0,444.0,"làng, cổ, đường, lâm, hà_nội, mùa, du_lịch, lễ_hội, mông_phụ, lúa","làng, cổ, lâm, mông_phụ, đường",0.0020711796056391858,0.0014498257239474299
358,https://www.vntrip.vn/cam-nang/vuon-quoc-gia-ba-vi-dia-diem-du-lich-ba-vi-ly-tuong-10552,Vườn Quốc Gia Ba Vì - Điểm du lịch siêu chất gần trung tâm thủ đô - Vntrip.vn,0.0009157402443533247,358.txt,1164.0,508.0,"khách_sạn, du_lịch, khu, hà_nội, quốc_gia, vườn, hoa, 000đ, vé, giá","khách_sạn, 000đ, vntrip, diễu_binh, vườn_quốc_gia",0.00247179308289049,0.0020049772313293405
359,https://vinwonders.com/vi/wonderpedia/news/vuon-quoc-gia-ba-vi/,Vườn quốc gia Ba Vì - Địa điểm “trốn khói bụi” 4 mùa,0.0,359.txt,2641.0,821.0,"vinwonders, quốc_gia, vườn, vé, phú_quốc, hà_nội, park, trải, đẹp, vinpearl","vinwonders, park, phú_quốc, grand, vinpearl",0.002654080488122976,0.0018578563416860833
360,https://quynhontrip.com/thap-doi-quy-nhon/,Tháp đôi Quy Nhơn - Quy Nhơn Trip - Điểm đến Quy Nhơn,0.0,360.txt,519.0,273.0,"tháp, quy_nhơn, đôi, tour, chăm, du_lịch, độc_đáo, bình_định, quy, nhơn","tháp, quy_nhơn, đôi, chăm, quy",0.001483644878589327,0.0010385514150125289
361,https://vinpearl.com/vi/thap-doi-quy-nhon,Just a moment...,0.0,,,,,,,
362,https://motogo.vn/nha-tho-con-ga/,Nhà thờ Con Gà Đà Lạt | Khám phá công trình kiến trúc tôn giáo độc đáo - MOTOGO,0.0,362.txt,1534.0,493.0,"nhà_thờ, gà, đà_lạt, kiến_trúc, du_khách, tham_quan, độc_đáo, văn_hóa, xe_máy, lịch_sử","nhà_thờ, gà, đà_lạt, kiến_trúc, công_giáo",0.002037913097893236,0.0014265391685252652
363,https://luhanhvietnam.com.vn/du-lich/kham-pha-nha-tho-con-ga-da-lat.html,Nhà thờ con gà Đà Lạt – điểm nhấn kiến trúc của xứ sở ngàn hoa,0.0,363.txt,858.0,468.0,"nhà_thờ, đà_lạt, gà, chánh_tòa, du_lịch, kiến_trúc, đi, tour, hoa, gọi","nhà_thờ, đà_lạt, gà, chánh_tòa, linh_mục",0.0017490225325121763,0.0012243157727585233
364,https://vinwonders.com/vi/wonderpedia/news/dinh-bao-dai-da-lat/,Dinh Bảo Đại Đà Lạt - Kinh nghiệm khám phá chi tiết 2026,0.0,364.txt,3977.0,833.0,"vinwonders, dinh, vé, phú_quốc, bảo, vinpearl, đại_đà_lạt, cửa, grand, combo","vinwonders, đại_đà_lạt, dinh, bảo, vinpearl",0.00203956655442408,0.001427696588096856
365,https://www.ivivu.com/blog/2024/10/dinh-bao-dai-da-lat-net-kien-truc-phap-giua-rung-thong/,Dinh Bảo Đại Đà Lạt - nét kiến trúc Pháp giữa rừng thông,0.0,365.txt,1140.0,379.0,"du_lịch, dinh, đà_lạt, khách_sạn, bảo, đại, kiến_trúc, tp, ivivu, thông","du_lịch, dinh, đà_lạt, bảo, khách_sạn",0.0017612428566226382,0.0012328699996358467
366,https://vinwonders.com/vi/wonderpedia/news/nui-voi-danh-lam-co-tich-noi-tieng-hai-phong/,Núi Voi - Danh lam “cổ tích” nổi tiếng Hải Phòng có gì?,0.0,366.txt,1722.0,567.0,"vinwonders, núi, voi, phú_quốc, hải_phòng, grand, vinpearl, vũ_yên, safari, nha_trang","vinwonders, voi, phú_quốc, vũ_yên, grand",0.0020383842879016473,0.001426869001531153
367,https://luhanhvietnam.com.vn/du-lich/nui-voi-hai-phong.html,Núi Voi Hải Phòng - điểm trekking ngắm cảnh dành cho hội yêu khám phá,0.0,367.txt,1518.0,668.0,"núi, voi, hải_phòng, du_lịch, đi, đẹp, hà_nội, khám_phá, lịch_sử, lễ_hội","voi, hải_phòng, núi, khảo_cổ_học, du_lịch",0.001966480182459406,0.0013765361277215842
368,https://dulich3mien.vn/ho-chi-minh/pho-di-bo-bui-vien/,Phố đi bộ Bùi Viện | Khám phá phố Tây sôi động của đêm Sài thành,0.0,368.txt,1627.0,538.0,"du_lịch, phố, bùi_viện, đi, ẩm_thực, xe, quán, miền, du_khách, hồ_chí","du_lịch, bùi_viện, phố, khu_phố, quán",0.002092265541926324,0.0014645858793484268
369,https://mia.vn/cam-nang-du-lich/pho-di-bo-bui-vien-12487,Lạc giữa góc phố đi bộ Bùi Viện nhộn nhịp xuyên màn đêm,0.0009157402443533247,369.txt,894.0,442.0,"bùi_viện, phố, đi, đêm, quán, bar, món, 000đ, đường, xe","bùi_viện, phố, bar, 000đ, phạm_ngũ",0.001601792902963231,0.001395977105380259
370,https://ticotravel.com.vn/ben-ninh-kieu/,Bến Ninh Kiều Cần Thơ: Review chi tiết từ A - Z,0.0,370.txt,3443.0,860.0,"du_lịch, khách_sạn, resort, cần_thơ, miền, villa, bến_ninh_kiều, homestay, đà_lạt, di_chuyển","resort, du_lịch, khách_sạn, cần_thơ, bến_ninh_kiều",0.0022824859625492524,0.0015977401737844767
371,https://www.traveloka.com/vi-vn/explore/destination/ben-ninh-kieu-2/231267,Bỏ túi ngay cẩm nang du lịch Bến Ninh Kiều - Cần Thơ,0.0,371.txt,564.0,318.0,"bến_ninh_kiều, cần_thơ, du_lịch, địa_điểm, ninh_kiều, đi, thành_phố, đêm, hoạt_động, du_thuyền","bến_ninh_kiều, ninh_kiều, cần_thơ, du_thuyền, địa_điểm",0.0017527309537662087,0.001226911667636346
372,https://dulich3mien.vn/phu-quoc/bai-khem-phu-quoc/,Bãi Khem Phú Quốc : Kinh nghiệm du lịch khám phá chi tiết từ A - Z,0.0,372.txt,1662.0,573.0,"du_lịch, bãi, phú_quốc, biển, khem, ẩm_thực, miền, hà_nội, đà_nẵng, đà_lạt","du_lịch, khem, bãi, phú_quốc, biển",0.0020115573646726135,0.0014080901552708293
373,https://ticotravel.com.vn/bai-khem-phu-quoc/,Bãi Khem Phú Quốc - Vẻ đẹp tự nhiên nơi đảo Ngọc,0.0,373.txt,3271.0,744.0,"du_lịch, khách_sạn, resort, phú_quốc, bãi, khem, villa, biển, miền, du_khách","resort, khem, phú_quốc, du_lịch, khách_sạn",0.002061897633463471,0.0014433283434244295
374,https://www.vntrip.vn/cam-nang/ho-dau-tieng-tay-ninh-67540#google_vignette,Hồ Dầu Tiếng - hồ nước nhân tạo lớn nhất Việt Nam - Vntrip.vn,0.0,374.txt,641.0,296.0,"hồ, khách_sạn, tiếng, du_lịch, dầu, ảnh, tây_ninh, st, vntrip, khu","hồ, dầu, khách_sạn, st, vntrip",0.0016772924240706683,0.0011741046968494677
375,https://vinpearl.com/vi/ho-dau-tieng-tay-ninh-tham-khao-ngay-kinh-nghiem-du-lich-tu-a-z,Just a moment...,0.0,,,,,,,
376,https://52hz.vn/khu-du-lich-buu-long/,Khu Du Lịch Bửu Long: Vịnh Hạ Long Thu Nhỏ Của Nam Bộ,0.0,376.txt,1509.0,574.0,"du_lịch, khu, bửu_long, bửu, long, đồng_nai, du_khách, hồ, núi, tour","bửu_long, bửu, khu, du_lịch, long",0.0018565603290322053,0.0012995922303225436
377,https://www.ivivu.com/blog/2019/08/huong-dan-duong-di-khu-du-lich-buu-long-dong-nai/,Hướng dẫn đường đi khu du lịch Bửu Long Đồng Nai - iVIVU.com,0.0,377.txt,1017.0,366.0,"du_lịch, khách_sạn, khu, vé, đà_lạt, ivivu, núi, hà_nội, vũng_tàu, cẩm_nang","du_lịch, khách_sạn, ivivu, bửu_long, singapore",0.001906097027230045,0.0013342679190610316
378,https://www.klook.com/vi/blog/khu-du-lich-buu-long/,"Khu Du Lịch Bửu Long, Tọa Độ Team Building Cực Hot Gần Sài Gòn - Klook Blog",0.0016941218194395742,378.txt,1615.0,675.0,"sài_gòn, thành_phố, hồ_chí_minh, khu_du_lịch, 000đ, du_lịch, trải, nghiệm, bửu, địa_điểm","sài_gòn, khu_du_lịch, 000đ, bửu, hồ_chí_minh",0.0025838172196131245,0.002316908599561059
379,https://www.traveloka.com/vi-vn/explore/destination/cot-co-lung-cu-ha-giang-acc/246497,Cột cờ Lũng Cú Hà Giang - Biểu tượng thiêng liêng của tổ quốc,0.0,379.txt,1026.0,454.0,"hà_giang, cột, cờ, lũng, cú, đồng_văn, đi, khách_sạn, núi, du_lịch","hà_giang, đồng_văn, cờ, lũng, cú",0.0018270669781713135,0.0012789468847199193
380,https://mia.vn/cam-nang-du-lich/cot-co-lung-cu-dau-an-thieng-thieng-noi-dia-dau-to-quoc-3458,Cột cờ Lũng Cú: Dấu ấn thiêng thiêng nơi địa đầu Tổ quốc,0.0,380.txt,470.0,268.0,"cờ, cột, lũng, cú, hà_giang, mia, larita, lũng_cú, đường, đỉnh","cờ, cột, lũng, cú, lũng_cú",0.0017471445174653127,0.0012230011622257188
381,https://ticotravel.com.vn/bai-da-co-sapa/,Khám phá bãi đá cổ Sapa - Nét đẹp bí ẩn thị trấn mờ sương,0.0,381.txt,3152.0,719.0,"du_lịch, khách_sạn, resort, sapa, đá, villa, cổ, bãi, miền, homestay","resort, sapa, du_lịch, khách_sạn, villa",0.0020906426746794366,0.0014634498722756056
382,https://www.vntrip.vn/cam-nang/bai-da-co-sapa-87860,Khám phá vẻ đẹp tiềm ẩn bãi đá cổ Sapa,0.0,382.txt,629.0,318.0,"khách_sạn, đá, sapa, bãi, cổ, du_lịch, đẹp, thung_lũng, vntrip, bí_ẩn","sapa, khách_sạn, vntrip, đá, st",0.0017283574565790949,0.0012098502196053664
383,https://52hz.vn/thung-lung-muong-hoa/,Thung Lũng Mường Hoa: Tuyệt Tác Thiên Đường Tại Sapa,0.0,383.txt,1029.0,423.0,"thung_lũng, mường_hoa, sapa, suối, tour, du_khách, ruộng, bậc_thang, du_lịch, đẹp","mường_hoa, thung_lũng, sapa, bậc_thang, 52hz",0.001479641154084664,0.0010357488078592647
384,https://vinwonders.com/vi/wonderpedia/news/thung-lung-muong-hoa-sa-pa-lao-cai/,Thung lũng Mường Hoa - “nàng thơ” của núi rừng Tây Bắc,0.0009157402443533247,384.txt,3641.0,799.0,"vinwonders, vé, phú_quốc, vinpearl, cửa, combo, grand, thung_lũng, mường_hoa, safari","vinwonders, mường_hoa, vinpearl, grand, vé",0.002165887827025436,0.0017908435522238026
385,https://vinpearl.com/vi/cau-trang-tien-hue-chung-nhan-lich-su-dep-mai-theo-thoi-gian,Just a moment...,0.0,,,,,,,
386,https://www.traveloka.com/vi-vn/explore/destination/cau-truong-tien/256697,Cầu Trường Tiền - Cây cầu lịch sử - Biểu tượng của xứ Huế,0.0,386.txt,1112.0,516.0,"huế, cầu, vnd, đi, thành_phố, tiền, du_khách, trường, sông, hue","huế, cầu, hue, vnd, tiền",0.0020768334492544845,0.001453783414478139
387,https://www.ivivu.com/blog/2023/01/chua-keo-thai-binh-kien-truc-xa-xua-con-nguyen-ven-den-nay/,Chùa Keo Thái Bình – Kiến trúc xa xưa còn nguyên vẹn đến nay - iVIVU.com,0.0,387.txt,1047.0,394.0,"du_lịch, khách_sạn, chùa, keo, gác_chuông, đà_lạt, tam_quan, ivivu, thái_bình, ảnh","du_lịch, gác_chuông, keo, khách_sạn, ivivu",0.0019619809888694975,0.0013733866922086481
388,https://mia.vn/cam-nang-du-lich/chua-keo-thai-binh-co-tu-tram-nam-noi-ta-ngan-song-hong-12151,"Chùa Keo Thái Bình, cổ tự trăm năm nơi tả ngạn sông Hồng",0.0,388.txt,886.0,444.0,"chùa, keo, thái_bình, lễ_hội, mùa, kiến_trúc, du_lịch, văn_hóa, phật, thu","keo, chùa, thái_bình, larita, lễ_hội",0.0015545621984860373,0.001088193538940226
389,https://gaohouse.vn/blogs/suc-khoe-doi-song/chua-but-thap-bac-ninh?srsltid=AfmBOorBiGa52eaDyS35gOeMC4uWG-_n6Wz_TNrAHQxu6wiHGngTw4cx,Chùa Bút Tháp Bắc Ninh- Chốn lưu giữ Bảo Vật Phật Giáo linh thiêng,0.0,389.txt,1508.0,524.0,"áo, đồng_phục, chùa, gia_đình, lớp, bút_tháp, mùa, bắc_ninh, đi, cổ","đồng_phục, áo, bút_tháp, gia_đình, chùa",0.0012526281236320976,0.0008768396865424683
390,https://alltours.vn/bac-ninh/chua-thap-net-dep-dam-chat-chua-viet.html,Chùa Bút Tháp- nét đẹp đậm chất chùa Việt - AllTours,0.0,390.txt,2181.0,840.0,"du_lịch, chùa, tượng, bút_tháp, đá, tháp, hai, vé, miền, bắc","du_lịch, chùa, bút_tháp, tượng, vĩnh_long_du_lịch",0.002185307291442832,0.0015297151040099823
391,https://ticotravel.com.vn/den-hung-phu-tho/,"Đền Hùng Phú Thọ - Di tích tâm linh, thiêng liêng",0.0,391.txt,3150.0,867.0,"du_lịch, khách_sạn, resort, hùng, phú_thọ, đền, villa, miền, homestay, đà_lạt","resort, du_lịch, khách_sạn, hùng, villa",0.002224233846000029,0.0015569636922000204
392,https://alltours.vn/dia-danh/tham-quan-khu-di-tich-den-hung-phu-tho.html,Tham quan khu di tích đền Hùng-Phú Thọ - AllTours,0.0,392.txt,2080.0,698.0,"du_lịch, đền, hùng, núi, vua, phú_thọ, xây, vé, đá, miền","du_lịch, hùng, đền, vĩnh_long_du_lịch, vua",0.002051019974901683,0.001435713982431178
393,https://www.ivivu.com/blog/2022/12/lang-gom-phu-lang-lang-gom-noi-tieng-700-nam-xu-kinh-bac/,Làng gốm Phù Lãng – Làng gốm nổi tiếng 700 năm xứ Kinh Bắc - iVIVU.com,0.0,393.txt,1014.0,383.0,"du_lịch, khách_sạn, gốm, phù_lãng, đà_lạt, ivivu, ảnh, việt_nam, hà_nội, vũng_tàu","du_lịch, phù_lãng, gốm, khách_sạn, ivivu",0.0018656738565634079,0.0013059716995943854
394,https://ticotravel.com.vn/lang-gom-phu-lang/,Làng gốm Phù Lãng - Ngôi làng cổ mang vẻ đẹp truyền thống tỉnh Bắc Ninh,0.0,394.txt,2838.0,655.0,"du_lịch, khách_sạn, resort, villa, gốm, phù_lãng, miền, homestay, hà_nội, làng_gốm","resort, du_lịch, khách_sạn, phù_lãng, villa",0.00203090353360084,0.001421632473520588
395,https://www.traveloka.com/vi-vn/explore/destination/lang-gom-phu-lang/295030,Kinh nghiệm khám phá Làng gốm Phù Lãng Bắc Ninh,0.0,395.txt,617.0,327.0,"gốm, phù_lãng, làng, sản_phẩm, làng_gốm, bắc_ninh, traveloka, đi, khám_phá, du_lịch","phù_lãng, gốm, làng_gốm, làng, traveloka",0.0012761885429909854,0.0008933319800936897
396,https://www.vntrip.vn/cam-nang/khu-du-lich-dai-nam-44074,Khu du lịch Đại Nam Bình Dương - Những kỉ lục cuốn hút du khách,0.0,396.txt,603.0,304.0,"khách_sạn, du_lịch, khu, bình_dương, đại_nam, ảnh, st, vntrip, vui_chơi, biển","khách_sạn, đại_nam, st, vntrip, bình_dương",0.0017908446222102304,0.0012535912355471613
397,https://ticotravel.com.vn/dai-nam-binh-duong/,Review Đại Nam Bình Dương - điểm vui chơi hot nhất dịp lễ,0.0,397.txt,3093.0,743.0,"du_lịch, resort, khách_sạn, villa, miền, khu, sài_gòn, đại_nam, bình_dương, homestay","resort, du_lịch, khách_sạn, đại_nam_bình_dương, villa",0.0021165364326632898,0.0014815755028643027
398,https://www.traveloka.com/vi-vn/explore/destination/khu-du-lich-dai-nam/105747,"Khu du lịch Đại Nam có gì chơi, cùng Traveloka review nhé.",0.0,398.txt,1386.0,554.0,"du_lịch, đại_nam, khu, khách_sạn, xe, trò_chơi, đua, vé, bình_dương, tàu","đại_nam, đụng, khu, du_lịch, đua",0.0022382576033658625,0.0015667803223561037
399,https://thamhiemmekong.com/thong-tin-du-lich-mien-tay/kham-pha-ve-dep-hoang-cua-hon-khoai-ca-mau.html,Khám phá vẻ đẹp hoang sơ của Đảo Hòn Khoai - Cà Mau,0.0,399.txt,901.0,419.0,"hòn, đảo, tour, khoai, miền, tây, du_lịch, biển, cần_thơ, du_khách","khoai, hòn, đảo, tour, miền",0.0016551688024213714,0.0011586181616949599
400,https://dulichthuduc.com.vn/dao-hon-khoai-o-ca-mau-vung-bien-va-dai-dat-phia-tay-nam-cua-to-quoc.html,Đảo Hòn Khoai ở Cà Mau - vùng biển và dải đất phía Tây Nam của Tổ quốc,0.0,400.txt,1447.0,547.0,"du_lịch, đảo, hòn, tour, khoai, châu, cà_mau, biển, rừng, miền","khoai, hòn, đảo, du_lịch, tour",0.002579313689923687,0.0018055195829465808
401,https://www.traveloka.com/vi-vn/explore/destination/chua-huong-tich/250809,Chùa Hương Tích - Ngôi cổ tự linh thiêng ở Hà Tĩnh,0.0,401.txt,532.0,305.0,"chùa, hương_tích, hà_tĩnh, du_khách, đi, hồng_lĩnh, du_lịch, lễ_hội, khám_phá, núi","hương_tích, chùa, hồng_lĩnh, traveloka, hà_tĩnh",0.0013185852749167857,0.0009230096924417499
402,https://gaohouse.vn/blogs/suc-khoe-doi-song/tham-quan-chua-huong-tich?srsltid=AfmBOoplqUdwABNrO6nwgsREOnt3IEJwPbIK9SN7zLLJ3skMfqwVHfi9,"Ghé thăm chùa Hương Tích Hà Tĩnh, địa điểm tâm linh ở Hà Tĩnh",0.0,402.txt,1980.0,721.0,"áo, chùa, đồng_phục, gia_đình, hương_tích, lớp, hà_tĩnh, núi, đi, biển","đồng_phục, áo, hương_tích, gia_đình, chùa",0.0014753241539321126,0.0010327269077524787
403,https://vinwonders.com/vi/wonderpedia/news/chua-huong-tich-ha-tinh/,Chùa Hương Tích Hà Tĩnh - Danh lam cổ tự linh thiêng,0.0,403.txt,3566.0,758.0,"vinwonders, vé, phú_quốc, chùa, vinpearl, cửa, hà_tĩnh, grand, hương_tích, combo","vinwonders, hương_tích, vé, vinpearl, grand",0.0020367547843122675,0.001425728349018587
404,https://www.vntrip.vn/cam-nang/thao-cam-vien-sai-gon-16070,Tham quan vườn thú Thảo Cầm Viên Sài Gòn - Vntrip.vn,0.0,404.txt,835.0,362.0,"thảo, cầm_viên, khách_sạn, sài_gòn, thú, vé, khu, vui_chơi, xe, vườn","cầm_viên, thảo, khách_sạn, sài_gòn, vntrip",0.0012771529687705416,0.000894007078139379
405,https://dulich3mien.vn/ho-chi-minh/thao-cam-vien/,Thảo Cầm Viên Sài Gòn | Thiên đường dã ngoại giữa đô thị phồn hoa,0.0,405.txt,1568.0,538.0,"du_lịch, thú, xe, ẩm_thực, thảo, cầm_viên, khu, miền, sài_gòn, cổng","du_lịch, cầm_viên, thảo, thú, ẩm_thực",0.002205472166391486,0.0015438305164740401
406,https://thamhiemmekong.com/thong-tin-du-lich-mien-tay/kham-pha-cho-noi-long-xuyen.html,Trải nghiệm đi Chợ Nổi Long Xuyên - An Giang,0.0,406.txt,706.0,324.0,"tour, miền, chợ_nổi, tây, du_lịch, long_xuyên, cần_thơ, an_giang, dân, sông","chợ_nổi, long_xuyên, tour, tây, miền",0.0016718773929390747,0.0011703141750573523
407,https://www.traveloka.com/vi-vn/explore/destination/cho-noi-long-xuyen/275368,Kinh nghiệm du lịch chợ nổi Long Xuyên cho chuyến đi trọn vẹn,0.0,407.txt,516.0,280.0,"chợ_nổi, long_xuyên, an_giang, khám_phá, vé, du_lịch, du_khách, traveloka, máy_bay, sài_gòn","chợ_nổi, long_xuyên, an_giang, traveloka, sài_gòn",0.0012547776599736637,0.0008783443619815645
408,https://www.ivivu.com/blog/2024/11/ve-an-giang-ghe-tham-cho-noi-long-xuyen-dac-trung-mien-song-nuoc/,Về An Giang ghé thăm chợ nổi Long Xuyên miền sông nước,0.0,408.txt,921.0,312.0,"du_lịch, khách_sạn, miền, chợ_nổi, đà_lạt, ivivu, hà_nội, vũng_tàu, cẩm_nang, phú_quốc","du_lịch, khách_sạn, chợ_nổi, ivivu, long_xuyên",0.0018771433411249156,0.0013140003387874409
409,https://mia.vn/cam-nang-du-lich/khu-du-lich-lang-xanh-ben-tre-toa-do-thu-gian-dip-cuoi-tuan-11241,"Khu du lịch Làng Xanh Bến Tre, tọa độ thư giãn dịp cuối tuần",0.0,409.txt,833.0,407.0,"du_lịch, bến_tre, khu, làng, xanh, hoạt_động, thưởng_thức, trò_chơi, ẩm_thực, mia","bến_tre, làng, xanh, khu, du_lịch",0.002132869442875024,0.0014930086100125167
410,https://dulichthuduc.com.vn/khu-du-lich-sinh-thai-lang-xanh-ben-tre-.html,Khu du lịch sinh thái Làng Xanh Bến Tre,0.0,410.txt,1003.0,329.0,"du_lịch, tour, châu, khu, bến_tre, miền, làng, nước_ngoài, vé, bắc","du_lịch, bến_tre, tour, châu, phú_yên_nha_trang",0.0024021795529209494,0.0016815256870446646
411,https://mia.vn/cam-nang-du-lich/kham-pha-khu-du-lich-mui-ca-mau-tai-vung-cuc-nam-to-quoc-9623,Khám phá Khu du lịch Mũi Cà Mau tại vùng cực Nam Tổ quốc,0.006104242741099747,411.txt,967.0,412.0,"du_lịch, cà_mau, khu, mũi, tham_quan, rừng, khai_long, đi, cực, nam","cà_mau, mũi, khu, du_lịch, tổ_quốc",0.001973311591227346,0.003212590936189066
412,https://vnexpress.net/mui-ca-mau-cuc-nam-cua-to-quoc-3996819.html,"Mũi Cà Mau, cực nam của Tổ quốc - Báo VnExpress Du lịch",0.006104242741099747,412.txt,1193.0,439.0,"mặc_định, cà_mau, cực, mũi, du_khách, du_lịch, nam, đất_mũi, rừng, sống","mặc_định, cà_mau, cực, đất_mũi, mũi",0.0009646147848337918,0.002506503171713578
413,https://vinpearl.com/vi/kinh-nghiem-du-lich-do-son-hai-phong-bat-mi-hanh-trinh-an-choi-day-du-nhat,Just a moment...,0.0,,,,,,,
414,https://www.traveloka.com/vi-vn/explore/tips/kinh-nghiem-du-lich-do-son-hai-phong/167381,Kinh nghiệm du lịch Đồ Sơn mới nhất năm 2025,0.0,414.txt,1813.0,698.0,"đồ_sơn, biển, đi, hải_phòng, vnd, du_lịch, khu, đẹp, vui_chơi, xe","đồ_sơn, vnd, hải_phòng, biển, ward",0.00241352604062417,0.0016894682284369189
415,https://mia.vn/cam-nang-du-lich/du-lich-do-son-hai-phong-13989,"Du lịch Đồ Sơn Hải Phòng, thiên đường nghỉ dưỡng 4 mùa",0.0,415.txt,1203.0,583.0,"đồ_sơn, du_lịch, hải_phòng, biển, mùa, khu, món, ngon, thiên_đường, tham_quan","đồ_sơn, hải_phòng, du_lịch, biển, larita",0.0021438875768877543,0.0015007213038214279
416,https://vinpearl.com/vi/kinh-nghiem-du-lich-suoi-nuoc-nong-tien-lang-hai-phong-chi-tiet,Just a moment...,0.0,,,,,,,
417,https://luhanhvietnam.com.vn/du-lich/kham-pha-suoi-nuoc-nong-tien-lang.html,Ngâm mình tại suối nước nóng Tiên Lãng Hải Phòng,0.0,417.txt,748.0,392.0,"nóng, tiên, lãng, suối, du_lịch, hải_phòng, suối_khoáng, tour, tiên_lãng, khu","lãng, nóng, tiên, suối_khoáng, suối",0.0016650790254084512,0.0011655553177859158
418,https://vinwonders.com/vi/wonderpedia/news/thac-voi-thanh-hoa/,Thác Voi Thanh Hóa: Bức tranh thủy mặc đầy chất thơ,0.0,418.txt,3408.0,733.0,"vinwonders, vé, phú_quốc, vinpearl, cửa, thác, grand, combo, safari, voi","vinwonders, vinpearl, grand, vé, phú_quốc",0.0020532909054339684,0.0014373036338037777
419,https://vinpearl.com/vi/thac-voi-thanh-hoa-ve-dep-tua-tranh-hung-vi-tho-mong,Just a moment...,0.0,,,,,,,
420,https://www.ivivu.com/blog/2022/09/kham-pha-net-dep-dan-da-ma-nen-tho-cua-dam-o-loan-phu-yen/,Khám phá nét đẹp dân dã mà nên thơ của đầm Ô Loan Phú Yên - iVIVU.com,0.0,420.txt,831.0,274.0,"du_lịch, khách_sạn, đầm, đà_lạt, ivivu, hà_nội, vũng_tàu, cẩm_nang, phú_quốc, tp","du_lịch, khách_sạn, ivivu, đầm, ô_loan",0.0017008678240673471,0.001190607476847143
421,https://www.traveloka.com/vi-vn/explore/destination/dam-o-loan-acc/226791,Du lịch đầm Ô Loan: “Điểm sáng” của du lịch Phú Yên,0.0,421.txt,818.0,394.0,"đầm, phú_yên, đẹp, ô_loan, du_lịch, tỉnh, vnd, traveloka, loan, ô","đầm, phú_yên, ô_loan, loan, traveloka",0.0018270424263549905,0.0012789296984484933
422,https://www.traveloka.com/vi-vn/explore/destination/thac-lieng-nung-acc/245308,Chinh phục thác Liêng Nung - vẻ đẹp “siêu thực” của Tây Nguyên,0.0,422.txt,1044.0,468.0,"thác, du_khách, nung, liêng, đẹp, đắk, du_lịch, đi, nông, thành_phố","thác, liêng, nung, gia_nghĩa, đắk",0.0018533130325644992,0.0012973191227951494
423,https://www.ivivu.com/blog/2020/02/thac-nuoc-tuyet-dep-thu-hut-tin-do-du-lich-o-tay-nguyen/,Thác Liêng Nung tuyệt đẹp thu hút tín đồ du lịch ở Tây Nguyên - iVIVU.com,0.0,423.txt,877.0,327.0,"du_lịch, khách_sạn, thác, đà_lạt, ivivu, hà_nội, vũng_tàu, cẩm_nang, việt_nam, phú_quốc","du_lịch, khách_sạn, ivivu, thác, singapore",0.0017844632864397632,0.0012491243005078342
424,https://vinwonders.com/vi/wonderpedia/news/ho-tram-ba-ria-vung-tau/,"Hồ Tràm Bà Rịa Vũng Tàu: Khám phá chơi gì, ăn gì, ở đâu?",0.0,424.txt,3641.0,748.0,"vinwonders, vé, phú_quốc, vinpearl, tràm, grand, hồ, combo, cửa, safari","vinwonders, vinpearl, grand, vé, tràm",0.0021786868953060368,0.0015250808267142256
425,https://vietgoing.com/destination/510-bai-bien-ho-tram.html,"Bãi Biển Hồ Tràm, Bà Rịa - Vũng Tàu",0.0,425.txt,1228.0,472.0,"vũng_tàu, khách_sạn, tràm, hồ, du_lịch, biển, bãi, miền, bà_rịa, vietgoing","vũng_tàu, tràm, khách_sạn, hồ, bà_rịa",0.0021112075574102897,0.0014778452901872028
426,https://www.traveloka.com/vi-vn/explore/destination/du-lich-ho-coc-acc/163610,Biển Hồ Cốc: Kinh nghiệm du lịch chi tiết năm 2025,0.0,426.txt,1292.0,562.0,"biển, hồ_cốc, vnd, vũng_tàu, du_lịch, bãi, resort, đi, hồ, đẹp","hồ_cốc, vnd, biển, vũng_tàu, beach",0.0018847512927508729,0.0013193259049256109
427,https://bariavungtautourism.com.vn/bien-ho-coc-vung-tau/,"Biển Hồ Cốc Vũng Tàu – Điểm du lịch, nghỉ dưỡng lý tưởng",0.0,427.txt,2032.0,628.0,"biển, vũng_tàu, hồ_cốc, đi, bãi, du_lịch, tour, đẹp, đường, du_khách","hồ_cốc, vũng_tàu, biển, bãi, bà_rịa",0.0014473357012430845,0.001013134990870159
428,https://thamhiemmekong.com/thong-tin-du-lich-mien-tay/lang-noi-chau-doc-giang.html,Làng Nổi Cá Bè Châu Đốc - Kinh nghiệm du lịch Làng nổi Châu Đốc,0.0009157402443533247,428.txt,1032.0,434.0,"tour, miền, cá, tây, du_lịch, nổi, châu_đốc, làng, bè, sông","châu_đốc, bè, nổi, tour, cá",0.0018729500021200146,0.0015857870747900075
429,https://luhanhvietnam.com.vn/du-lich/kham-pha-lang-noi-chau-doc-an-giang-doc-dao.html,Khám phá làng nổi Châu Đốc An Giang độc đáo,0.0,429.txt,777.0,402.0,"nổi, làng, châu_đốc, sông, cá, miền, tây, du_lịch, an_giang, nuôi","châu_đốc, nổi, làng, nuôi, cá",0.002186038929970342,0.0015302272509792392
430,https://www.traveloka.com/vi-vn/explore/destination/nha-cong-tu-bac-lieu-acc/217895,Nhà công tử Bạc Liêu - Kiến trúc bề thế vượt thời gian,0.0,430.txt,895.0,449.0,"bạc_liêu, công_tử, hotel, lieu, du_lịch, địa_điểm, bac, thành_phố, máy_bay, đi","công_tử, bạc_liêu, lieu, bac, hotel",0.001537732382092494,0.0010764126674647457
431,https://thamhiemmekong.com/thong-tin-du-lich-mien-tay/nha-cong-tu-bac-lieu.html,Nhà Công Tử Bạc Liêu - Điểm đến không thể bỏ qua khi về Bạc Liêu,0.0,431.txt,950.0,453.0,"miền, bạc_liêu, tây, tour, du_lịch, công_tử, cần_thơ, kiến_trúc, thự, pháp","công_tử, bạc_liêu, tour, tây, miền",0.0018696443463831148,0.0013087510424681804
432,https://thamhiemmekong.com/thong-tin-du-lich-mien-tay/khu-du-lich-nui-cam-giang.html,Núi Cấm - Khu du lịch Lâm Viên Núi Cấm An Giang - Giá vé Cáp Treo,0.0,432.txt,1410.0,639.0,"núi, du_lịch, cấm, tour, miền, tây, đi, núi_cấm, cần_thơ, vnđ","cấm, núi, núi_cấm, tour, tây",0.0022264526538733715,0.00155851685771136
433,https://mia.vn/cam-nang-du-lich/khu-du-lich-lam-vien-nui-cam-ve-dep-linh-thieng-cua-nui-rung-8212,Khu du lịch Núi Cấm An Giang vẻ đẹp linh thiêng của núi rừng,0.006104242741099747,433.txt,1003.0,480.0,"núi, du_lịch, khu, cấm_an_giang, vnd, cấm, an_giang, lâm_viên, đi, vé","cấm_an_giang, núi, cấm, vnd, lâm_viên",0.00216907991666337,0.003349628763994283
434,https://vinwonders.com/vi/wonderpedia/news/bien-thien-cam-ha-tinh/,Biển Thiên Cầm Hà Tĩnh: Kinh nghiệm du lịch từ A - Z,0.0,434.txt,3745.0,763.0,"vinwonders, vé, phú_quốc, biển, vinpearl, cửa, hà_tĩnh, grand, combo, safari","vinwonders, thiên_cầm, vinpearl, grand, vé",0.002096392192243048,0.0014674745345701337
435,https://www.traveloka.com/vi-vn/explore/destination/kinh-nghiem-du-lich-thien-cam/172508,Kinh nghiệm du lịch Thiên Cầm mới nhất - khám phá “đàn trời”,0.0,435.txt,886.0,412.0,"biển, du_lịch, thiên_cầm, bãi, vé, núi, kinh_nghiệm, đi, đẹp, giờgiá","thiên_cầm, biển, bãi, vnđ, traveloka",0.001973411113487486,0.00138138777944124
436,https://www.traveloka.com/vi-vn/explore/destination/deo-hai-van/246304,Đèo Hải Vân - Khám phá cung đường đèo đẹp nhất Việt Nam,0.0,436.txt,691.0,371.0,"đèo, hải_vân, đà_nẵng, đi, biển, đường, du_khách, đẹp, quan, cung","hải_vân, đèo, quan, đà_nẵng, mỏm",0.0019440559192756592,0.0013608391434929614
437,https://tourhue.vn/deo-hai-van/,"Đèo Hải Vân - Chinh phục ""thiên hạ đệ nhất hùng quan""",0.0,437.txt,2099.0,774.0,"đèo, hải_vân, huế, đi, đường, du_lịch, đẹp, cung, núi, tour","hải_vân, đèo, huế, lăng_cô, cung",0.001703984371180296,0.0011927890598262072
438,https://vinwonders.com/vi/wonderpedia/news/tron-bo-cam-nang-kham-pha-hon-chong-hon-vo-nha-trang-moi-nhat/,Hòn Chồng Hòn Vợ Nha Trang - Kinh nghiệm khám phá 2026,0.0009157402443533247,438.txt,1752.0,516.0,"nha_trang, vinwonders, hòn, chồng, phú_quốc, vinpearl, grand, vé, hòn_vợ, đi","vinwonders, nha_trang, hòn, chồng, hòn_vợ",0.001724361076424704,0.00148177482680329
439,https://mia.vn/cam-nang-du-lich/kham-pha-du-lich-hon-chong-17973,Khám phá Hòn Chồng Nha Trang: Thắng cảnh nổi tiếng bên vịnh,0.0,439.txt,986.0,471.0,"hòn, chồng, đá, nha_trang, biển, tham_quan, vợ, đẹp, mia, du_lịch","chồng, hòn, nha_trang, vợ, đá",0.0018756337783454298,0.0013129436448418008
440,https://www.traveloka.com/vi-vn/explore/destination/du-lich-thap-ba-ponagar-acc/150826,Tháp Bà Ponagar Nha Trang: Kinh nghiệm tham quan từ A-Z,0.0,440.txt,1162.0,501.0,"nha_trang, vnd, ponagar, tháp, tham_quan, tháp_bà, tour, du_khách, khách_sạn, du_lịch","ponagar, nha_trang, vnd, tháp_bà, tháp",0.0016080933570224007,0.0011256653499156805
441,https://vinwonders.com/vi/wonderpedia/news/thap-ba-ponagar-nha-trang/,Tháp Bà Ponagar Nha Trang - Kinh nghiệm tham quan từ A - Z,0.0016941218194395742,441.txt,2032.0,620.0,"vinwonders, nha_trang, tháp, phú_quốc, ponagar, vinpearl, vé, grand, kiến_trúc, công_viên","vinwonders, ponagar, nha_trang, tháp, vinpearl",0.0019413090368800966,0.00186715287164794
442,https://www.ivivu.com/blog/2022/12/pho-hien-hung-yen-di-san-vang-bong-mot-thoi/,Phố Hiến Hưng Yên – Di sản vang bóng một thời - iVIVU.com,0.0,442.txt,993.0,360.0,"du_lịch, khách_sạn, hiến, phố, đà_lạt, ivivu, ảnh, hà_nội, vũng_tàu, châu","du_lịch, hiến, khách_sạn, phố, ivivu",0.0018699782803154913,0.0013089847962208438
443,https://vinwonders.com/vi/wonderpedia/news/pho-hien-hung-yen/,Phố Hiến Hưng Yên - lưu giữ dấu ấn vàng son của lịch sử,0.0,443.txt,2297.0,775.0,"vinwonders, hiến, phố, hưng_yên, phú_quốc, park, chùa, đền, grand, du_khách","hiến, vinwonders, hưng_yên, phố, park",0.001962727469827986,0.0013739092288795902
444,https://motogo.vn/chua-tam-chuc/,Chùa Tam Chúc - Thông tin đầy đủ nhất về ngôi chùa lớn nhất Việt Nam - MOTOGO,0.0,444.txt,1449.0,626.0,"chùa, tam_chúc, đi, xe_máy, hà_nội, điện, du_lịch, xe, thuê, motogo","tam_chúc, chùa, motogo, điện, xe_máy",0.001757256603250848,0.0012300796222755935
445,https://dulichokela.com/chua-tam-chuc-ha-nam/24328/,Chùa Tam Chúc Hà Nam - Được mệnh danh là ngôi chùa lớn nhất thế giới,0.0,445.txt,2434.0,601.0,"du_lịch, chùa, tam_chúc, hà_nam, tour, điện, miền, thành, bắc, malaysia","du_lịch, tam_chúc, hà_nam, chùa, tour",0.0016025277354025577,0.0011217694147817904
447,https://www.traveloka.com/vi-vn/explore/destination/doi-cat-mui-ne-acc/191425,Đồi Cát Mũi Né: Thiên đường cát bay tuyệt đẹp,0.0,447.txt,1023.0,413.0,"né, mũi, khách_sạn, vnd, phan_thiết, đồi, cát_mũi, du_lịch, du_khách, địa_điểm","né, mũi, cát_mũi, phan_thiết, vnd",0.0014564667662654912,0.0010195267363858438
448,https://vinwonders.com/vi/wonderpedia/news/doi-cat-mui-ne/,Đồi cát Mũi Né – Địa điểm vui chơi thả ga tại Bình Thuận,0.0016941218194395742,448.txt,3441.0,662.0,"vinwonders, vé, phú_quốc, cát, đồi, vinpearl, cửa, combo, grand, safari","vinwonders, vinpearl, grand, vé, phú_quốc",0.0020442684004929788,0.0019392244261769572
449,https://mia.vn/cam-nang-du-lich/mieu-ba-chua-xu-nui-sam-chau-doc-diem-den-tam-linh-tru-danh-nam-bo-8205,"Miếu Bà Chúa Xứ Núi Sam Châu Đốc, điểm đến tâm linh trứ danh Nam Bộ",0.006104242741099747,449.txt,914.0,455.0,"miếu, bà_chúa_xứ, núi, tượng, châu_đốc, sam, an_giang, du_lịch, thành_phố, mia","bà_chúa_xứ, miếu, châu_đốc, sam, tượng",0.0017662046392715638,0.0030676160698200183
450,https://thamhiemmekong.com/thong-tin-du-lich-mien-tay/mieu-ba-chua-xu-nui-sam-chau-doc-an-giang.html,Miếu Bà Chúa Xứ Núi Sam - Điểm du lịch tâm lich nổi tiếng của An Giang,0.0016941218194395742,450.txt,1207.0,600.0,"miền, miếu, tour, tây, du_lịch, bà_chúa_xứ, tượng, núi, cần_thơ, sam","bà_chúa_xứ, miếu, tour, miền, tây",0.0023309221114588,0.002139882023853032
451,https://vinwonders.com/vi/wonderpedia/news/mieu-ba-chua-xu-nui-sam-an-giang/,Miếu Bà Chúa Xứ Núi Sam An Giang: Cẩm nang chiêm bái A-Z,0.0,451.txt,3939.0,927.0,"vinwonders, vé, phú_quốc, miếu, bà_chúa_xứ, vinpearl, cửa, grand, safari, combo","vinwonders, bà_chúa_xứ, vinpearl, miếu, grand",0.002132633385292996,0.001492843369705097
452,https://thamhiemmekong.com/thong-tin-du-lich-mien-tay/trai-nghiem-di-cho-noi-nga-bay-hau-giang.html,Trải nghiệm đi Chợ Nổi Ngã Bảy - Điểm đến thú vị của Hậu Giang,0.0,452.txt,739.0,360.0,"tour, miền, tây, du_lịch, chợ_nổi, cần_thơ, ngã_bảy, sông, chợ, ghe","chợ_nổi, ngã_bảy, tour, tây, miền",0.0018094171044703107,0.0012665919731292175
453,https://luhanhvietnam.com.vn/du-lich/ve-dep-doc-dao-cua-cho-noi-nga-bay.html,Tận hưởng những trải nghiệm độc đáo ở chợ nổi Ngã Bảy Hậu Giang,0.0,453.txt,1081.0,508.0,"chợ_nổi, miền, chợ, tây, du_lịch, ngã_bảy, ngã, bảy, đi, hậu_giang","chợ_nổi, ngã_bảy, chợ, bảy, ngã",0.0022899077290946504,0.0016029354103662553
454,https://thamhiemmekong.com/thong-tin-du-lich-mien-tay/cho-noi-nga-nam-soc-trang.html,Trải nghiệm đi Chợ Nổi Ngã Năm - Điểm đến thú vị ở Sóc Trăng,0.0,454.txt,645.0,304.0,"miền, tour, tây, chợ_nổi, du_lịch, cần_thơ, ngã, thông_tin, sóc_trăng, mua","chợ_nổi, tour, tây, miền, ngã",0.0016306233282243439,0.0011414363297570407
455,https://www.ivivu.com/blog/2024/08/cho-noi-nga-nam-cho-noi-lau-doi-o-mien-song-nuoc-soc-trang/,Chợ nổi Ngã Năm – chợ nổi lâu đời ở miền sông nước Sóc Trăng,0.0,455.txt,937.0,347.0,"du_lịch, khách_sạn, chợ_nổi, ngã, đà_lạt, ivivu, hà_nội, vũng_tàu, ghe, cẩm_nang","du_lịch, chợ_nổi, khách_sạn, ivivu, ghe",0.0018730066723528919,0.0013111046706470242
456,https://mia.vn/cam-nang-du-lich/vuon-quoc-gia-yokdon-diem-den-voi-nhung-trai-nghiem-kho-quen-5676,"Vườn quốc gia YokDon, điểm đến với những trải nghiệm khó quên",0.0,456.txt,802.0,392.0,"vườn, yokdon, quốc_gia, đi, vnđ, voi, trải, nghiệm, loài, khám_phá","yokdon, vườn, quốc_gia, voi, vnđ",0.0014530243777285494,0.0010171170644099846
457,https://www.xanhsm.com/news/vuon-quoc-gia-yok-don,Vườn quốc gia Yok Đôn – Chốn bồng lai giữa núi rừng Tây Nguyên | Xanh SM,0.0,457.txt,1287.0,551.0,"quốc_gia, vườn, yok_đôn, yok, don, rừng, loài, xanh, ảnh, di_chuyển","yok_đôn, yok, don, vườn, quốc_gia",0.0018037681461909633,0.0012626377023336741
458,https://luhanhvietnam.com.vn/du-lich/tham-quan-thac-dray-sap.html,Rủ Nhau Về Đắk Nông Tham Quan Thác Dray Sáp,0.0,458.txt,871.0,456.0,"thác, dray, sáp, du_lịch, mùa, đi, tây_nguyên, dòng, tour, đắk","dray, sáp, thác, tây_nguyên, đắk",0.0015464130638110395,0.0010824891446677275
459,https://www.traveloka.com/vi-vn/explore/destination/tham-quan-thac-dray-sap-du-lich-tay-nguyen/58672,"Chưa thăm thác D'ray Sap, bạn chưa khám phá trọn Tây Nguyên",0.0,459.txt,762.0,406.0,"thác, d, ray, sap, dòng, mùa, du_lịch, traveloka, đi, đường","ray, sap, d, thác, traveloka",0.0015417197191875697,0.0010792038034312986
460,https://www.ivivu.com/blog/2016/04/du-lich-dao-ngoc-vung-cam-nang-tu-a-den-z/,Du lịch đảo Ngọc Vừng: Cẩm nang từ A đến Z - iVIVU.com,0.0,460.txt,1200.0,444.0,"du_lịch, đảo, khách_sạn, ngọc_vừng, vịnh, ivivu, cẩm_nang, đà_lạt, hà_nội, biển","du_lịch, ngọc_vừng, đảo, khách_sạn, ivivu",0.0018734507959019115,0.001311415557131338
461,https://www.traveloka.com/vi-vn/explore/tips/kinh-nghiem-du-lich-dao-ngoc-vung/169469,Bỏ túi kinh nghiệm du lịch đảo Ngọc Vừng chi tiết nhất,0.0,461.txt,825.0,396.0,"đảo, ngọc_vừng, du_lịch, quảng_ninh, ngọc, đi, vé, biển, tham_quan, traveloka","ngọc_vừng, đảo, traveloka, quảng_ninh, ngọc",0.0017997694868579243,0.0012598386408005468
462,https://vinwonders.com/vi/wonderpedia/news/ban-cat-cat-sa-pa-lao-cai/,"Bản Cát Cát: Vẻ đẹp thơ mộng, yên bình ở núi rừng Sa Pa",0.0016941218194395742,462.txt,3530.0,732.0,"vinwonders, vé, cát, phú_quốc, vinpearl, cửa, combo, grand, safari, công_viên","vinwonders, cát, vinpearl, grand, vé",0.0020895651230135497,0.001970932131941357
463,https://www.ivivu.com/blog/2024/07/ghe-tham-ban-cat-cat-ngoi-lang-co-dep-nhat-vung-tay-bac/,Ghé thăm bản Cát Cát – ngôi làng cổ đẹp nhất vùng Tây Bắc,0.0,463.txt,1401.0,493.0,"du_lịch, khách_sạn, cát, sapa, hà_nội, ivivu, đà_lạt, đẹp, cẩm_nang, vé","du_lịch, sapa, cát, khách_sạn, ivivu",0.0022347124029830417,0.001564298682088129
464,https://dulichokela.com/ban-ta-phin-vung-dat-van-hoa-doc-dao-lao-cai/29949/,Bản Tả Phìn - Vùng Đất Văn Hóa Độc Đáo Ở Lào Cai - Du Lịch Okela,0.0,464.txt,2085.0,474.0,"du_lịch, phìn, tả, tour, thành, miền, malaysia, châu, văn_hóa, bắc","du_lịch, phìn, tả, tả_phìn, tour",0.0014532534901282644,0.001017277443089785
465,https://motogo.vn/ban-ta-phin/,Ghé thăm bản Tả Phìn | Nơi lưu giữa vẻ đẹp Sapa xưa cũ - MOTOGO,0.0,465.txt,1163.0,493.0,"phìn, tả, sapa, đẹp, du_khách, xe_máy, đi, dao, thổ_cẩm, đỏ","phìn, tả, sapa, dao, thổ_cẩm",0.0014356760838485105,0.0010049732586939572
466,https://mia.vn/cam-nang-du-lich/den-tran-nam-dinh-13057,Đến đền Trần Nam Định ngắm nhìn kiến trúc chùa cổ linh thiêng,0.0,466.txt,822.0,461.0,"đền, trần_nam_định, trần, thờ, vị, ấn, lễ_hội, mia, larita, nam_định","trần_nam_định, đền, trần, ấn, thiên_trường",0.0020589886171857247,0.0014412920320300072
467,https://www.traveloka.com/vi-vn/explore/destination/den-tran-nam-dinh/295594,Viếng thăm Đền Trần Nam Định - cảm nhận nét đẹp Việt,0.0,467.txt,1142.0,556.0,"đền, trần, trần_nam_định, đi, nam_định, ấn, thờ, lễ, khai, traveloka","đền, trần_nam_định, trần, ấn, thiên_trường",0.002148772144248426,0.001504140500973898
468,https://thamhiemmekong.com/thong-tin-du-lich-mien-tay/trai-nghiem-song-nuoc-miet-vuon-o-con-phung-ben-tre.html,Hướng dẫn du lịch Cồn Phụng - Những thông tin cần biết,0.0,468.txt,1586.0,751.0,"tour, miền, dừa, du_lịch, tây, cồn, cồn_phụng, phụng, bến_tre, cần_thơ","cồn_phụng, cồn, dừa, phụng, tour",0.0025374741676820033,0.0017762319173774022
469,https://www.traveloka.com/vi-vn/explore/destination/khu-du-lich-con-phung/182943,Khu du lịch Cồn Phụng: Bật mí kinh nghiệm du ngoạn từ A-Z,0.0,469.txt,848.0,383.0,"cồn, du_lịch, phụng, khu, bến_tre, dừa, shutterstock, ghé, đi, khám_phá","phụng, cồn, bến_tre, shutterstock, dừa",0.001929441117561614,0.0013506087822931297
470,https://www.vntrip.vn/cam-nang/du-lich-lang-gom-bat-trang-10495,Làng gốm Bát Tràng địa điểm du lịch trong ngày gần Hà Nội - Vntrip.vn,0.0016941218194395742,470.txt,868.0,404.0,"khách_sạn, gốm, bát_tràng, làng, du_lịch, hà_nội, bát, cổ, vntrip, địa_điểm","bát_tràng, gốm, khách_sạn, bát, vntrip",0.0015719034857864462,0.0016085689858823843
471,https://www.xanhsm.com/news/lang-gom-bat-trang-ha-noi,Khám phá Làng gốm Bát Tràng - Hơi thở ngàn đời của gốm sứ Việt | Xanh SM,0.0,471.txt,1201.0,515.0,"gốm, làng, bát_tràng, sản_phẩm, bát, xưởng, sứ, đồ, ảnh, di_chuyển","gốm, bát_tràng, làng, xưởng, bát",0.0014792498394626099,0.0010354748876238269
472,https://www.ivivu.com/blog/2025/03/cam-nang-du-lich-vuon-quoc-gia-pu-mat-nghe-an/,"Cẩm nang du lịch vườn quốc gia Pù Mát, Nghệ An",0.0,472.txt,1446.0,523.0,"du_lịch, khách_sạn, pù_mát, vườn, quốc_gia, nghệ_an, rừng, hà_nội, sông, ivivu","du_lịch, pù_mát, khách_sạn, ivivu, giăng",0.002336191269351581,0.0016353338885461066
473,https://vinwonders.com/vi/wonderpedia/news/vuon-quoc-gia-pu-mat-nghe-an/,Vườn Quốc gia Pù Mát - Kinh nghiệm đi “rừng vàng” xứ Nghệ,0.0,473.txt,1850.0,628.0,"vinwonders, phú_quốc, pù_mát, cửa_hội, rừng, du_khách, grand, nghệ_an, vinpearl, công_viên","vinwonders, pù_mát, cửa_hội, phú_quốc, grand",0.0020153175975835005,0.0014107223183084502
474,https://www.traveloka.com/vi-vn/explore/destination/du-lich-hon-kho-acc/224050,Hòn Khô Quy Nhơn: Điểm đến không thể bỏ lỡ khi hè về,0.0,474.txt,1350.0,566.0,"biển, hòn, quy_nhơn, khô, đi, vnd, trải, du_lịch, đẹp, xanh","quy_nhơn, hòn, khô, biển, quy_nhon",0.0023246325190145562,0.0016272427633101892
475,https://vinpearl.com/vi/review-du-lich-hon-kho-quy-nhon,Just a moment...,0.0,,,,,,,
476,https://vinwonders.com/vi/wonderpedia/news/hon-tre-nha-trang-kinh-nghiem-pha-dao-moi-nhat/,Cẩm nang du lịch Hòn Tre Nha Trang - Top 6 địa điểm HOT nhất,0.0,476.txt,2243.0,715.0,"nha_trang, vinwonders, phú_quốc, hòn_tre, vinpearl, đảo, du_khách, grand, vé, world","vinwonders, nha_trang, hòn_tre, vinpearl, phú_quốc",0.0020825374752104775,0.0014577762326473342
477,https://vinpearl.com/vi/kinh-nghiem-du-lich-hon-tre-nha-trang-hon-dao-lon-nhat-vinh-nha-trang,Just a moment...,0.0,,,,,,,
478,https://www.vntrip.vn/cam-nang/dia-diem-du-lich-buon-me-thuot-44098,15 địa điểm du lịch Buôn Ma Thuột đẹp quên lối về - Vntrip.vn,0.0,478.txt,957.0,461.0,"khách_sạn, du_lịch, ảnh, st, buôn_ma_thuột, đẹp, cà_phê, thác, địa_điểm, vntrip","st, buôn_ma_thuột, khách_sạn, vntrip, cà_phê",0.0021774152410960136,0.0015241906687672095
479,https://www.ivivu.com/blog/2016/01/du-lich-buon-ma-thuot-va-nhung-dieu-ban-se-nho-khi-roi-xa/,Du lịch Buôn Ma Thuột và những điều bạn sẽ nhớ khi rời xa,0.0,479.txt,1537.0,653.0,"du_lịch, khách_sạn, buôn_ma_thuột, cà_phê, hồ, đà_lạt, việt_nam, ivivu, ảnh, cẩm_nang","du_lịch, khách_sạn, buôn_ma_thuột, ivivu, cà_phê",0.002597672561694644,0.0018183707931862508
480,https://mia.vn/cam-nang-du-lich/cong-vien-van-hoa-suoi-tien-12467,Khu Du Lịch Suối Tiên: Cập nhật giá vé và hoạt động mới 2025,0.013886996486219383,480.txt,1514.0,570.0,"vnd, suối_tiên, vé, văn_hóa, du_lịch, trò_chơi, cá_sấu, công_viên, biển, vương_quốc","vnd, suối_tiên, cá_sấu, xe_lửa, farm",0.0016884337886970118,0.005348002597953722
481,https://www.ivivu.com/blog/2023/04/khu-du-lich-suoi-tien-dam-chat-huyen-thoai-ngay-ben-canh-sai-gon/,"Khu du lịch Suối Tiên đậm chất ""huyền thoại"" ngay bên cạnh Sài Gòn - iVIVU.com",0.0,481.txt,1083.0,391.0,"du_lịch, khách_sạn, sài_gòn, hồ_chí_minh, ivivu, khu, ảnh, đà_lạt, cẩm_nang, việt_nam","du_lịch, khách_sạn, ivivu, sài_gòn, suối_tiên",0.001953837990974229,0.00136768659368196
482,https://www.xanhsm.com/news/bao-tang-lich-su-thanh-pho-ho-chi-minh,"Bảo tàng Lịch sử Thành phố Hồ Chí Minh: Địa chỉ, Giá vé, Lưu ý | Xanh SM",0.0,482.txt,1088.0,477.0,"bảo_tàng, lịch_sử, hiện_vật, thành_phố, hồ_chí_minh, trưng_bày, văn_hóa, ảnh, không_gian, giá","bảo_tàng, hiện_vật, lịch_sử, trưng_bày, sm",0.00208465553520239,0.001459258874641673
483,https://vinwonders.com/vi/wonderpedia/news/bao-tang-lich-su-thanh-pho-ho-chi-minh/,Bảo tàng Lịch sử Thành phố Hồ Chí Minh: Thông tin từ A-Z,0.0009157402443533247,483.txt,2500.0,788.0,"bảo_tàng, lịch_sử, vinwonders, hồ_chí_minh, phú_quốc, grand, thành_phố, trưng_bày, công_viên, hiện_vật","vinwonders, bảo_tàng, grand, hiện_vật, trưng_bày",0.00250618055862418,0.0020290484643429234
484,https://vinwonders.com/vi/wonderpedia/news/bao-tang-dieu-khac-cham-da-nang-kinh-nghiem-tham-quan-tu-a-z/,Bảo tàng Điêu khắc Chăm: Nơi lưu giữ “hồn” Chăm tại Đà thành,0.0,484.txt,1766.0,591.0,"vinwonders, bảo_tàng, đà_nẵng, điêu_khắc, phú_quốc, chăm, grand, safari, vinpearl, vé","vinwonders, điêu_khắc, bảo_tàng, chăm, đà_nẵng",0.001856666034636675,0.0012996662242456723
485,https://www.klook.com/vi/blog/bao-tang-cham-da-nang/,Review Bảo Tàng Điêu Khắc Chăm: Kho Tàng Nghệ Thuật Ở Đà Nẵng - Klook Blog,0.0,485.txt,1444.0,673.0,"đà_nẵng, bảo_tàng, chăm, điêu_khắc, đi, vé, tour, tham_quan, du_lịch, hội_an","đà_nẵng, chăm, bảo_tàng, điêu_khắc, th12",0.0024387995337470775,0.0017071596736229543
486,https://motogo.vn/cau-rong-da-nang/,Cầu Rồng Đà Nẵng | Biểu Tượng Rực Rỡ Của Thành Phố Biển. - MOTOGO,0.0,486.txt,1067.0,446.0,"cầu, rồng, đà_nẵng, phun, xe_máy, du_khách, lửa, thuê, thành_phố, độc_đáo","rồng, phun, cầu, đà_nẵng, motogo",0.0017587723698907292,0.0012311406589235103
487,https://mia.vn/cam-nang-du-lich/cau-rong-bieu-tuong-van-hoa-day-song-dong-cua-thanh-pho-da-nang-2056,"Cầu Rồng Đà Nẵng: Kinh nghiệm check-in, tham quan chi tiết",0.0009157402443533247,487.txt,798.0,384.0,"cầu, rồng, đà_nẵng, màn, đường, phun, trình_diễn, đẹp, lửa, thành_phố","rồng, cầu, màn, phun, đà_nẵng",0.0019286321305976575,0.0016247645647243575
488,https://www.traveloka.com/vi-vn/explore/tips/cu-lao-xanh/168351,Cù Lao Xanh - Viên ngọc biển hoang sơ tuyệt đẹp ở Quy Nhơn,0.0,488.txt,1460.0,643.0,"biển, quy_nhơn, vnd, cù_lao, đảo, xanh, du_khách, du_lịch, đi, khách_sạn","quy_nhơn, vnd, quy_nhon, cù_lao, cù_lao_xanh",0.002681756279250416,0.0018772293954752912
489,https://motogo.vn/cu-lao-xanh/,Cù Lao Xanh | Viên ngọc xanh ẩn mình giữa biển Quy Nhơn - MOTOGO,0.0,489.txt,1340.0,472.0,"biển, xanh, cù_lao, đảo, di_chuyển, du_lịch, cù_lao_xanh, đẹp, xe_máy, vé","cù_lao_xanh, cù_lao, cano, biển, xanh",0.0024074389919964564,0.0016852072943975194
490,https://antamtour.vn/thap-nhan-phu-yen?srsltid=AfmBOopAp7blDRtcMc4Ojlie1iwZdQft2G8XL8Jtr7VoZhFGS0gONEWy,Tháp Nhạn Phú Yên với vẻ đẹp văn hóa Chămpa xưa cũ | Antamtour.vn,0.0,490.txt,1244.0,487.0,"tour, phú_yên, tháp_nhạn, miền, quảng_ninh, công_trình, bắc, tháp, chămpa, hà_nội","tháp_nhạn, phú_yên, tour, chămpa, quảng_ninh",0.001632237825460989,0.0011425664778226922
491,https://vinwonders.com/vi/wonderpedia/news/thap-nhan-phu-yen/,Tháp Nhạn Phú Yên có gì? Kinh nghiệm tham quan A-Z 2026,0.0,491.txt,3454.0,781.0,"vinwonders, vé, phú_quốc, vinpearl, combo, cửa, grand, safari, tháp, công_viên","vinwonders, vinpearl, grand, nhạn, vé",0.0021042344712944748,0.0014729641299061323
492,https://www.ivivu.com/blog/2023/05/kham-pha-thung-lung-mai-chau-dep-lang-man-tai-mai-chau-lodge-hoa-binh/,Khám phá thung lũng Mai Châu đẹp lãng mạn tại Mai Châu Lodge Hòa Bình - iVIVU.com,0.0,492.txt,950.0,350.0,"du_lịch, khách_sạn, hà_nội, phòng, đà_lạt, ivivu, vũng_tàu, mai_châu, cẩm_nang, phú_quốc","du_lịch, khách_sạn, ivivu, mai_châu, singapore",0.0018965847166934615,0.001327609301685423
493,https://mia.vn/cam-nang-du-lich/kham-pha-mai-chau-hoa-binh-co-gi-cung-miavn-11941,Khám phá Mai Châu Hòa Bình có gì cùng MIA.vn,0.0,493.txt,813.0,416.0,"mai_châu, du_lịch, đẹp, mai_châu_hòa_bình, ấn_tượng, đèo, lác, dân_tộc, khám_phá, mia","mai_châu, mai_châu_hòa_bình, lác, thung, mia",0.0023447986652109956,0.001641359065647697
494,https://mia.vn/cam-nang-du-lich/kham-pha-nha-tho-go-kon-tum-voi-tuoi-doi-hon-100-nam-7886,Khám phá Nhà thờ gỗ Kon Tum với tuổi đời hơn 100 năm,0.0,494.txt,800.0,445.0,"nhà_thờ, kon_tum, gỗ, du_lịch, kiến_trúc, đẹp, độc_đáo, món, ghé, mia","kon_tum, nhà_thờ, gỗ, larita, mia",0.001842736082899564,0.0012899152580296946
495,https://www.ivivu.com/blog/2024/10/nha-tho-go-kontum-hon-tram-tuoi-co-kinh-uy-nghiem/,Nhà thờ gỗ Kontum hơn trăm tuổi cổ kính uy nghiêm,0.0,495.txt,977.0,354.0,"du_lịch, khách_sạn, gỗ, nhà_thờ, tây_nguyên, đà_lạt, ivivu, việt_nam, hà_nội, vũng_tàu","du_lịch, khách_sạn, kontum, ivivu, nhà_thờ",0.0019477447865479938,0.0013634213505835957
